28,32,1,1,28,784,32,32,2.7835
28,32,1,2,15,225,32,32,0.299479
28,32,1,4,8,64,32,32,0.0835069
28,32,1,1,28,784,64,32,2.51655
28,32,1,2,15,225,64,32,0.594444
28,32,1,4,8,64,64,32,0.107928
28,32,1,1,28,784,92,32,2.68148
28,32,1,2,15,225,92,32,0.595833
28,32,1,4,8,64,92,32,0.167477
28,32,1,1,28,784,128,32,4.307
28,32,1,2,15,225,128,32,0.787036
28,32,1,4,8,64,128,32,0.215277
28,32,1,1,28,784,192,32,6.07974
28,32,1,2,15,225,192,32,1.29884
28,32,1,4,8,64,192,32,0.36412
28,32,1,1,28,784,256,32,8.52337
28,32,1,2,15,225,256,32,1.39994
28,32,1,4,8,64,256,32,0.583564
28,32,3,1,26,676,32,288,2.91545
28,32,3,2,14,196,32,288,0.840277
28,32,3,4,8,64,32,288,0.341203
28,32,3,1,26,676,64,288,5.96695
28,32,3,2,14,196,64,288,2.08756
28,32,3,4,8,64,64,288,0.64074
28,32,3,1,26,676,92,288,9.04559
28,32,3,2,14,196,92,288,1.68472
28,32,3,4,8,64,92,288,0.806365
28,32,3,1,26,676,128,288,14.0349
28,32,3,2,14,196,128,288,3.41851
28,32,3,4,8,64,128,288,1.04838
28,32,3,1,26,676,192,288,18.8326
28,32,3,2,14,196,192,288,4.80271
28,32,3,4,8,64,192,288,1.47679
28,32,3,1,26,676,256,288,26.9603
28,32,3,2,14,196,256,288,11.3574
28,32,3,4,8,64,256,288,1.11406
28,32,5,1,24,576,32,800,12.442
28,32,5,2,13,169,32,800,2.67754
28,32,5,4,7,49,32,800,0.71846
28,32,5,1,24,576,64,800,16.8747
28,32,5,2,13,169,64,800,7.83755
28,32,5,4,7,49,64,800,1.14942
28,32,5,1,24,576,92,800,20.1364
28,32,5,2,13,169,92,800,5.39843
28,32,5,4,7,49,92,800,1.44028
28,32,5,1,24,576,128,800,22.8695
28,32,5,2,13,169,128,800,7.02592
28,32,5,4,7,49,128,800,3.76209
28,32,5,1,24,576,192,800,33.6654
28,32,5,2,13,169,192,800,10.1322
28,32,5,4,7,49,192,800,5.33176
28,32,5,1,24,576,256,800,44.8423
28,32,5,2,13,169,256,800,13.2532
28,32,5,4,7,49,256,800,7.18483
28,32,7,1,22,484,32,1568,18.5385
28,32,7,2,12,144,32,1568,8.71232
28,32,7,4,7,49,32,1568,0.986978
28,32,7,1,22,484,64,1568,26.5804
28,32,7,2,12,144,64,1568,14.1991
28,32,7,4,7,49,64,1568,2.20671
28,32,7,1,22,484,92,1568,30.2401
28,32,7,2,12,144,92,1568,14.3419
28,32,7,4,7,49,92,1568,2.57315
28,32,7,1,22,484,128,1568,41.6543
28,32,7,2,12,144,128,1568,11.8324
28,32,7,4,7,49,128,1568,7.23361
28,32,7,1,22,484,192,1568,59.2327
28,32,7,2,12,144,192,1568,18.0077
28,32,7,4,7,49,192,1568,10.257
28,32,7,1,22,484,256,1568,95.7348
28,32,7,2,12,144,256,1568,27.23
28,32,7,4,7,49,256,1568,8.63066
28,32,11,1,18,324,32,3872,30.882
28,32,11,2,10,100,32,3872,14.511
28,32,11,4,6,36,32,3872,2.76869
28,32,11,1,18,324,64,3872,44.1285
28,32,11,2,10,100,64,3872,17.361
28,32,11,4,6,36,64,3872,7.34583
28,32,11,1,18,324,92,3872,71.1565
28,32,11,2,10,100,92,3872,16.7503
28,32,11,4,6,36,92,3872,6.75225
28,32,11,1,18,324,128,3872,85.7918
28,32,11,2,10,100,128,3872,27.6343
28,32,11,4,6,36,128,3872,8.59316
28,32,11,1,18,324,192,3872,120.715
28,32,11,2,10,100,192,3872,34.0471
28,32,11,4,6,36,192,3872,12.5462
28,32,11,1,18,324,256,3872,162.688
28,32,11,2,10,100,256,3872,44.7171
28,32,11,4,6,36,256,3872,16.8028
28,64,1,1,28,784,32,64,4.49951
28,64,1,2,15,225,32,64,0.470608
28,64,1,4,8,64,32,64,0.132682
28,64,1,1,28,784,64,64,3.68258
28,64,1,2,15,225,64,64,0.934331
28,64,1,4,8,64,64,64,0.260215
28,64,1,1,28,784,92,64,5.52266
28,64,1,2,15,225,92,64,1.30102
28,64,1,4,8,64,92,64,0.361245
28,64,1,1,28,784,128,64,7.46394
28,64,1,2,15,225,128,64,1.42733
28,64,1,4,8,64,128,64,0.452729
28,64,1,1,28,784,192,64,11.6386
28,64,1,2,15,225,192,64,2.53514
28,64,1,4,8,64,192,64,0.554569
28,64,1,1,28,784,256,64,12.5745
28,64,1,2,15,225,256,64,6.31083
28,64,1,4,8,64,256,64,0.543575
28,64,3,1,26,676,32,576,5.05992
28,64,3,2,14,196,32,576,2.1338
28,64,3,4,8,64,32,576,0.569846
28,64,3,1,26,676,64,576,10.7918
28,64,3,2,14,196,64,576,8.01794
28,64,3,4,8,64,64,576,1.26983
28,64,3,1,26,676,92,576,14.6395
28,64,3,2,14,196,92,576,4.40809
28,64,3,4,8,64,92,576,1.37393
28,64,3,1,26,676,128,576,16.7318
28,64,3,2,14,196,128,576,6.88855
28,64,3,4,8,64,128,576,2.11598
28,64,3,1,26,676,192,576,24.3868
28,64,3,2,14,196,192,576,12.0254
28,64,3,4,8,64,192,576,3.04666
28,64,3,1,26,676,256,576,31.0012
28,64,3,2,14,196,256,576,16.3777
28,64,3,4,8,64,256,576,4.30822
28,64,5,1,24,576,32,1600,19.8858
28,64,5,2,13,169,32,1600,5.91609
28,64,5,4,7,49,32,1600,1.22556
28,64,5,1,24,576,64,1600,30.8221
28,64,5,2,13,169,64,1600,16.5518
28,64,5,4,7,49,64,1600,2.5035
28,64,5,1,24,576,92,1600,35.5336
28,64,5,2,13,169,92,1600,20.5897
28,64,5,4,7,49,92,1600,3.36666
28,64,5,1,24,576,128,1600,45.1243
28,64,5,2,13,169,128,1600,18.784
28,64,5,4,7,49,128,1600,3.95832
28,64,5,1,24,576,192,1600,70.3467
28,64,5,2,13,169,192,1600,22.2297
28,64,5,4,7,49,192,1600,5.8443
28,64,5,1,24,576,256,1600,122.004
28,64,5,2,13,169,256,1600,31.9818
28,64,5,4,7,49,256,1600,10.6743
28,64,7,1,22,484,32,3136,34.9596
28,64,7,2,12,144,32,3136,13.0327
28,64,7,4,7,49,32,3136,5.55811
28,64,7,1,22,484,64,3136,43.4013
28,64,7,2,12,144,64,3136,14.8813
28,64,7,4,7,49,64,3136,7.70795
28,64,7,1,22,484,92,3136,64.0655
28,64,7,2,12,144,92,3136,21.2015
28,64,7,4,7,49,92,3136,6.8478
28,64,7,1,22,484,128,3136,100.453
28,64,7,2,12,144,128,3136,31.9551
28,64,7,4,7,49,128,3136,14.4381
28,64,7,1,22,484,192,3136,145.509
28,64,7,2,12,144,192,3136,39.6476
28,64,7,4,7,49,192,3136,15.6021
28,64,7,1,22,484,256,3136,195.223
28,64,7,2,12,144,256,3136,52.8649
28,64,7,4,7,49,256,3136,16.4119
28,64,11,1,18,324,32,7744,49.9935
28,64,11,2,10,100,32,7744,17.6507
28,64,11,4,6,36,32,7744,10.457
28,64,11,1,18,324,64,7744,101.297
28,64,11,2,10,100,64,7744,29.7757
28,64,11,4,6,36,64,7744,10.2306
28,64,11,1,18,324,92,7744,127.474
28,64,11,2,10,100,92,7744,34.8259
28,64,11,4,6,36,92,7744,12.8175
28,64,11,1,18,324,128,7744,169.609
28,64,11,2,10,100,128,7744,46.7043
28,64,11,4,6,36,128,7744,18.1691
28,64,11,1,18,324,192,7744,237.306
28,64,11,2,10,100,192,7744,65.1835
28,64,11,4,6,36,192,7744,23.885
28,64,11,1,18,324,256,7744,319.836
28,64,11,2,10,100,256,7744,85.9368
28,64,11,4,6,36,256,7744,31.5701
28,92,1,1,28,784,32,92,5.97933
28,92,1,2,15,225,32,92,0.413331
28,92,1,4,8,64,32,92,0.114573
28,92,1,1,28,784,64,92,5.40791
28,92,1,2,15,225,64,92,0.910741
28,92,1,4,8,64,64,92,0.24234
28,92,1,1,28,784,92,92,6.45603
28,92,1,2,15,225,92,92,1.73249
28,92,1,4,8,64,92,92,0.333362
28,92,1,1,28,784,128,92,8.90303
28,92,1,2,15,225,128,92,4.46344
28,92,1,4,8,64,128,92,0.509677
28,92,1,1,28,784,192,92,13.7179
28,92,1,2,15,225,192,92,6.45291
28,92,1,4,8,64,192,92,0.643289
28,92,1,1,28,784,256,92,17.9533
28,92,1,2,15,225,256,92,4.72163
28,92,1,4,8,64,256,92,0.955414
28,92,3,1,26,676,32,828,9.22761
28,92,3,2,14,196,32,828,3.4773
28,92,3,4,8,64,32,828,0.971964
28,92,3,1,26,676,64,828,12.1846
28,92,3,2,14,196,64,828,5.77629
28,92,3,4,8,64,64,828,1.47487
28,92,3,1,26,676,92,828,20.2788
28,92,3,2,14,196,92,828,10.5705
28,92,3,4,8,64,92,828,2.49203
28,92,3,1,26,676,128,828,23.2947
28,92,3,2,14,196,128,828,12.6593
28,92,3,4,8,64,128,828,2.71435
28,92,3,1,26,676,192,828,33.078
28,92,3,2,14,196,192,828,12.6523
28,92,3,4,8,64,192,828,8.04109
28,92,3,1,26,676,256,828,41.7398
28,92,3,2,14,196,256,828,18.3766
28,92,3,4,8,64,256,828,5.86466
28,92,5,1,24,576,32,2300,30.6276
28,92,5,2,13,169,32,2300,12.3414
28,92,5,4,7,49,32,2300,2.30356
28,92,5,1,24,576,64,2300,44.2551
28,92,5,2,13,169,64,2300,12.5671
28,92,5,4,7,49,64,2300,6.99906
28,92,5,1,24,576,92,2300,52.2733
28,92,5,2,13,169,92,2300,20.9284
28,92,5,4,7,49,92,2300,8.2596
28,92,5,1,24,576,128,2300,73.791
28,92,5,2,13,169,128,2300,22.7108
28,92,5,4,7,49,128,2300,11.0399
28,92,5,1,24,576,192,2300,128.814
28,92,5,2,13,169,192,2300,34.247
28,92,5,4,7,49,192,2300,11.593
28,92,5,1,24,576,256,2300,176.677
28,92,5,2,13,169,256,2300,45.7125
28,92,5,4,7,49,256,2300,13.3378
28,92,7,1,22,484,32,4508,46.2088
28,92,7,2,12,144,32,4508,13.7586
28,92,7,4,7,49,32,4508,8.31825
28,92,7,1,22,484,64,4508,76.0841
28,92,7,2,12,144,64,4508,24.7745
28,92,7,4,7,49,64,4508,8.17289
28,92,7,1,22,484,92,4508,111.189
28,92,7,2,12,144,92,4508,30.568
28,92,7,4,7,49,92,4508,16.294
28,92,7,1,22,484,128,4508,148.08
28,92,7,2,12,144,128,4508,39.6819
28,92,7,4,7,49,128,4508,20.4237
28,92,7,1,22,484,192,4508,210.039
28,92,7,2,12,144,192,4508,55.4539
28,92,7,4,7,49,192,4508,20.1105
28,92,7,1,22,484,256,4508,280.81
28,92,7,2,12,144,256,4508,74.4439
28,92,7,4,7,49,256,4508,25.4037
28,92,11,1,18,324,32,11132,86.5422
28,92,11,2,10,100,32,11132,25.8332
28,92,11,4,6,36,32,11132,9.50536
28,92,11,1,18,324,64,11132,143.864
28,92,11,2,10,100,64,11132,40.5481
28,92,11,4,6,36,64,11132,15.7192
28,92,11,1,18,324,92,11132,182.163
28,92,11,2,10,100,92,11132,49.9676
28,92,11,4,6,36,92,11132,23.6033
28,92,11,1,18,324,128,11132,240.207
28,92,11,2,10,100,128,11132,65.0782
28,92,11,4,6,36,128,11132,23.8008
28,92,11,1,18,324,192,11132,338.491
28,92,11,2,10,100,192,11132,90.7263
28,92,11,4,6,36,192,11132,33.9224
28,92,11,1,18,324,256,11132,455.355
28,92,11,2,10,100,256,11132,122.106
28,92,11,4,6,36,256,11132,44.2973
28,128,1,1,28,784,32,128,8.3057
28,128,1,2,15,225,32,128,1.01093
28,128,1,4,8,64,32,128,0.265434
28,128,1,1,28,784,64,128,7.69179
28,128,1,2,15,225,64,128,1.72188
28,128,1,4,8,64,64,128,0.434404
28,128,1,1,28,784,92,128,9.75682
28,128,1,2,15,225,92,128,4.53338
28,128,1,4,8,64,92,128,0.519295
28,128,1,1,28,784,128,128,14.2836
28,128,1,2,15,225,128,128,5.76183
28,128,1,4,8,64,128,128,0.66506
28,128,1,1,28,784,192,128,19.7387
28,128,1,2,15,225,192,128,4.32275
28,128,1,4,8,64,192,128,1.13135
28,128,1,1,28,784,256,128,23.4884
28,128,1,2,15,225,256,128,8.58144
28,128,1,4,8,64,256,128,1.48677
28,128,3,1,26,676,32,1152,12.2271
28,128,3,2,14,196,32,1152,10.5959
28,128,3,4,8,64,32,1152,1.31409
28,128,3,1,26,676,64,1152,19.0638
28,128,3,2,14,196,64,1152,15.8916
28,128,3,4,8,64,64,1152,3.01896
28,128,3,1,26,676,92,1152,22.5446
28,128,3,2,14,196,92,1152,10.5084
28,128,3,4,8,64,92,1152,3.42084
28,128,3,1,26,676,128,1152,27.7195
28,128,3,2,14,196,128,1152,11.7216
28,128,3,4,8,64,128,1152,8.26185
28,128,3,1,26,676,192,1152,39.1015
28,128,3,2,14,196,192,1152,24.5851
28,128,3,4,8,64,192,1152,7.54182
28,128,3,1,26,676,256,1152,49.2595
28,128,3,2,14,196,256,1152,27.297
28,128,3,4,8,64,256,1152,11.0826
28,128,5,1,24,576,32,3200,39.9571
28,128,5,2,13,169,32,3200,18.5604
28,128,5,4,7,49,32,3200,3.36599
28,128,5,1,24,576,64,3200,68.1773
28,128,5,2,13,169,64,3200,22.5203
28,128,5,4,7,49,64,3200,9.53198
28,128,5,1,24,576,92,3200,81.4553
28,128,5,2,13,169,92,3200,25.5161
28,128,5,4,7,49,92,3200,6.84581
28,128,5,1,24,576,128,3200,127.44
28,128,5,2,13,169,128,3200,34.9649
28,128,5,4,7,49,128,3200,10.0907
28,128,5,1,24,576,192,3200,180.677
28,128,5,2,13,169,192,3200,46.1748
28,128,5,4,7,49,192,3200,16.5474
28,128,5,1,24,576,256,3200,241.495
28,128,5,2,13,169,256,3200,61.5933
28,128,5,4,7,49,256,3200,17.9045
28,128,7,1,22,484,32,6272,59.6355
28,128,7,2,12,144,32,6272,20.9418
28,128,7,4,7,49,32,6272,11.2658
28,128,7,1,22,484,64,6272,124.286
28,128,7,2,12,144,64,6272,35.4085
28,128,7,4,7,49,64,6272,12.3904
28,128,7,1,22,484,92,6272,157.044
28,128,7,2,12,144,92,6272,43.963
28,128,7,4,7,49,92,6272,15.0339
28,128,7,1,22,484,128,6272,209.21
28,128,7,2,12,144,128,6272,56.0246
28,128,7,4,7,49,128,6272,18.5588
28,128,7,1,22,484,192,6272,290.731
28,128,7,2,12,144,192,6272,75.9904
28,128,7,4,7,49,192,6272,25.9933
28,128,7,1,22,484,256,6272,389.722
28,128,7,2,12,144,256,6272,102.251
28,128,7,4,7,49,256,6272,33.2518
28,128,11,1,18,324,32,15488,120.811
28,128,11,2,10,100,32,15488,34.8788
28,128,11,4,6,36,32,15488,16.4459
28,128,11,1,18,324,64,15488,201.205
28,128,11,2,10,100,64,15488,55.5047
28,128,11,4,6,36,64,15488,21.442
28,128,11,1,18,324,92,15488,255.198
28,128,11,2,10,100,92,15488,69.4653
28,128,11,4,6,36,92,15488,26.4065
28,128,11,1,18,324,128,15488,336.542
28,128,11,2,10,100,128,15488,90.3522
28,128,11,4,6,36,128,15488,33.5429
28,128,11,1,18,324,192,15488,473.814
28,128,11,2,10,100,192,15488,127.311
28,128,11,4,6,36,192,15488,46.4613
28,128,11,1,18,324,256,15488,634.951
28,128,11,2,10,100,256,15488,171.045
28,128,11,4,6,36,256,15488,61.3288
28,192,1,1,28,784,32,192,12.7752
28,192,1,2,15,225,32,192,1.57747
28,192,1,4,8,64,32,192,0.384704
28,192,1,1,28,784,64,192,12.1226
28,192,1,2,15,225,64,192,1.77289
28,192,1,4,8,64,64,192,0.63313
28,192,1,1,28,784,92,192,14.7957
28,192,1,2,15,225,92,192,4.6598
28,192,1,4,8,64,92,192,0.734168
28,192,1,1,28,784,128,192,19.1745
28,192,1,2,15,225,128,192,8.77581
28,192,1,4,8,64,128,192,0.919518
28,192,1,1,28,784,192,192,25.3151
28,192,1,2,15,225,192,192,9.80198
28,192,1,4,8,64,192,192,1.62643
28,192,1,1,28,784,256,192,35.005
28,192,1,2,15,225,256,192,7.42964
28,192,1,4,8,64,256,192,1.84887
28,192,3,1,26,676,32,1728,16.9717
28,192,3,2,14,196,32,1728,15.7295
28,192,3,4,8,64,32,1728,3.57715
28,192,3,1,26,676,64,1728,23.8964
28,192,3,2,14,196,64,1728,15.9402
28,192,3,4,8,64,64,1728,4.70742
28,192,3,1,26,676,92,1728,31.3226
28,192,3,2,14,196,92,1728,16.5067
28,192,3,4,8,64,92,1728,6.29317
28,192,3,1,26,676,128,1728,37.4996
28,192,3,2,14,196,128,1728,21.3089
28,192,3,4,8,64,128,1728,12.2057
28,192,3,1,26,676,192,1728,49.2986
28,192,3,2,14,196,192,1728,30.6879
28,192,3,4,8,64,192,1728,10.1138
28,192,3,1,26,676,256,1728,61.1302
28,192,3,2,14,196,256,1728,41.5189
28,192,3,4,8,64,256,1728,14.9563
28,192,5,1,24,576,32,4800,58.0445
28,192,5,2,13,169,32,4800,18.0685
28,192,5,4,7,49,32,4800,5.02345
28,192,5,1,24,576,64,4800,108.151
28,192,5,2,13,169,64,4800,31.7841
28,192,5,4,7,49,64,4800,7.75666
28,192,5,1,24,576,92,4800,146.845
28,192,5,2,13,169,92,4800,36.3698
28,192,5,4,7,49,92,4800,9.44259
28,192,5,1,24,576,128,4800,193.751
28,192,5,2,13,169,128,4800,50.2707
28,192,5,4,7,49,128,4800,15.0384
28,192,5,1,24,576,192,4800,268.025
28,192,5,2,13,169,192,4800,67.7383
28,192,5,4,7,49,192,4800,20.8696
28,192,5,1,24,576,256,4800,361.335
28,192,5,2,13,169,256,4800,89.3516
28,192,5,4,7,49,256,4800,26.0113
28,192,7,1,22,484,32,9408,107.879
28,192,7,2,12,144,32,9408,32.7444
28,192,7,4,7,49,32,9408,14.9957
28,192,7,1,22,484,64,9408,183.445
28,192,7,2,12,144,64,9408,51.0821
28,192,7,4,7,49,64,9408,17.7609
28,192,7,1,22,484,92,9408,233.239
28,192,7,2,12,144,92,9408,61.7236
28,192,7,4,7,49,92,9408,20.8039
28,192,7,1,22,484,128,9408,307.064
28,192,7,2,12,144,128,9408,81.3241
28,192,7,4,7,49,128,9408,27.5979
28,192,7,1,22,484,192,9408,432.185
28,192,7,2,12,144,192,9408,113.952
28,192,7,4,7,49,192,9408,36.3468
28,192,7,1,22,484,256,9408,579.701
28,192,7,2,12,144,256,9408,152.599
28,192,7,4,7,49,256,9408,48.2993
28,192,11,1,18,324,32,23232,179.095
28,192,11,2,10,100,32,23232,49.5647
28,192,11,4,6,36,32,23232,17.8897
28,192,11,1,18,324,64,23232,299.414
28,192,11,2,10,100,64,23232,80.512
28,192,11,4,6,36,64,23232,30.4249
28,192,11,1,18,324,92,23232,382.587
28,192,11,2,10,100,92,23232,102.594
28,192,11,4,6,36,92,23232,37.8494
28,192,11,1,18,324,128,23232,503.823
28,192,11,2,10,100,128,23232,134.845
28,192,11,4,6,36,128,23232,50.1277
28,192,11,1,18,324,192,23232,710.276
28,192,11,2,10,100,192,23232,189.935
28,192,11,4,6,36,192,23232,69.4266
28,192,11,1,18,324,256,23232,952.034
28,192,11,2,10,100,256,23232,256.016
28,192,11,4,6,36,256,23232,93.1234
28,256,1,1,28,784,32,256,15.403
28,256,1,2,15,225,32,256,3.05923
28,256,1,4,8,64,32,256,0.436214
28,256,1,1,28,784,64,256,13.1782
28,256,1,2,15,225,64,256,3.80029
28,256,1,4,8,64,64,256,0.56908
28,256,1,1,28,784,92,256,13.5214
28,256,1,2,15,225,92,256,5.25193
28,256,1,4,8,64,92,256,0.680362
28,256,1,1,28,784,128,256,15.0768
28,256,1,2,15,225,128,256,5.24238
28,256,1,4,8,64,128,256,1.00622
28,256,1,1,28,784,192,256,19.3709
28,256,1,2,15,225,192,256,9.66887
28,256,1,4,8,64,192,256,1.4683
28,256,1,1,28,784,256,256,24.16
28,256,1,2,15,225,256,256,11.9685
28,256,1,4,8,64,256,256,2.00856
28,256,3,1,26,676,32,2304,23.1124
28,256,3,2,14,196,32,2304,16.9023
28,256,3,4,8,64,32,2304,4.71925
28,256,3,1,26,676,64,2304,32.9819
28,256,3,2,14,196,64,2304,25.2844
28,256,3,4,8,64,64,2304,7.09354
28,256,3,1,26,676,92,2304,39.932
28,256,3,2,14,196,92,2304,16.6786
28,256,3,4,8,64,92,2304,7.65284
28,256,3,1,26,676,128,2304,48.7712
28,256,3,2,14,196,128,2304,27.6873
28,256,3,4,8,64,128,2304,11.2956
28,256,3,1,26,676,192,2304,63.2811
28,256,3,2,14,196,192,2304,41.4601
28,256,3,4,8,64,192,2304,18.5585
28,256,3,1,26,676,256,2304,75.5396
28,256,3,2,14,196,256,2304,54.0655
28,256,3,4,8,64,256,2304,20.6755
28,256,5,1,24,576,32,6400,78.3796
28,256,5,2,13,169,32,6400,28.9102
28,256,5,4,7,49,32,6400,7.12804
28,256,5,1,24,576,64,6400,156.819
28,256,5,2,13,169,64,6400,43.6267
28,256,5,4,7,49,64,6400,12.401
28,256,5,1,24,576,92,6400,197.825
28,256,5,2,13,169,92,6400,51.6636
28,256,5,4,7,49,92,6400,14.5991
28,256,5,1,24,576,128,6400,259.063
28,256,5,2,13,169,128,6400,65.7041
28,256,5,4,7,49,128,6400,18.9247
28,256,5,1,24,576,192,6400,360.57
28,256,5,2,13,169,192,6400,89.9541
28,256,5,4,7,49,192,6400,25.8093
28,256,5,1,24,576,256,6400,479.892
28,256,5,2,13,169,256,6400,119.366
28,256,5,4,7,49,256,6400,34.2677
28,256,7,1,22,484,32,12544,148.295
28,256,7,2,12,144,32,12544,40.6549
28,256,7,4,7,49,32,12544,16.6894
28,256,7,1,22,484,64,12544,246.141
28,256,7,2,12,144,64,12544,65.4543
28,256,7,4,7,49,64,12544,27.3465
28,256,7,1,22,484,92,12544,313.248
28,256,7,2,12,144,92,12544,82.2891
28,256,7,4,7,49,92,12544,26.8684
28,256,7,1,22,484,128,12544,410.103
28,256,7,2,12,144,128,12544,108.783
28,256,7,4,7,49,128,12544,34.9176
28,256,7,1,22,484,192,12544,572.25
28,256,7,2,12,144,192,12544,150.347
28,256,7,4,7,49,192,12544,48.2516
28,256,7,1,22,484,256,12544,769.484
28,256,7,2,12,144,256,12544,201.742
28,256,7,4,7,49,256,12544,64.188
28,256,11,1,18,324,32,30976,243.014
28,256,11,2,10,100,32,30976,66.4485
28,256,11,4,6,36,32,30976,25.3035
28,256,11,1,18,324,64,30976,403.103
28,256,11,2,10,100,64,30976,108.315
28,256,11,4,6,36,64,30976,40.1066
28,256,11,1,18,324,92,30976,510.58
28,256,11,2,10,100,92,30976,136.712
28,256,11,4,6,36,92,30976,50.4674
28,256,11,1,18,324,128,30976,678.28
28,256,11,2,10,100,128,30976,181.562
28,256,11,4,6,36,128,30976,66.3356
28,256,11,1,18,324,192,30976,947.026
28,256,11,2,10,100,192,30976,253.244
28,256,11,4,6,36,192,30976,92.8297
28,256,11,1,18,324,256,30976,1271.93
28,256,11,2,10,100,256,30976,341.342
28,256,11,4,6,36,256,30976,125.133
56,32,1,1,56,3136,32,32,8.55573
56,32,1,2,29,841,32,32,1.33296
56,32,1,4,15,225,32,32,0.310063
56,32,1,1,56,3136,64,32,12.3925
56,32,1,2,29,841,64,32,3.12355
56,32,1,4,15,225,64,32,0.512606
56,32,1,1,56,3136,92,32,15.8985
56,32,1,2,29,841,92,32,4.184
56,32,1,4,15,225,92,32,0.872205
56,32,1,1,56,3136,128,32,21.5043
56,32,1,2,29,841,128,32,5.56361
56,32,1,4,15,225,128,32,1.1248
56,32,1,1,56,3136,192,32,33.6638
56,32,1,2,29,841,192,32,9.66671
56,32,1,4,15,225,192,32,1.19292
56,32,1,1,56,3136,256,32,40.9716
56,32,1,2,29,841,256,32,11.2387
56,32,1,4,15,225,256,32,2.04105
56,32,3,1,54,2916,32,288,17.877
56,32,3,2,28,784,32,288,6.98742
56,32,3,4,15,225,32,288,1.81044
56,32,3,1,54,2916,64,288,27.2557
56,32,3,2,28,784,64,288,10.5511
56,32,3,4,15,225,64,288,2.91829
56,32,3,1,54,2916,92,288,39.118
56,32,3,2,28,784,92,288,12.8092
56,32,3,4,15,225,92,288,6.66011
56,32,3,1,54,2916,128,288,50.2531
56,32,3,2,28,784,128,288,16.3894
56,32,3,4,15,225,128,288,8.72882
56,32,3,1,54,2916,192,288,69.2573
56,32,3,2,28,784,192,288,27.6465
56,32,3,4,15,225,192,288,9.61816
56,32,3,1,54,2916,256,288,95.474
56,32,3,2,28,784,256,288,27.6466
56,32,3,4,15,225,256,288,8.45794
56,32,5,1,52,2704,32,800,46.2918
56,32,5,2,27,729,32,800,24.3565
56,32,5,4,14,196,32,800,6.44472
56,32,5,1,52,2704,64,800,64.7961
56,32,5,2,27,729,64,800,24.0472
56,32,5,4,14,196,64,800,6.51139
56,32,5,1,52,2704,92,800,75.2193
56,32,5,2,27,729,92,800,16.5098
56,32,5,4,14,196,92,800,7.88654
56,32,5,1,52,2704,128,800,94.4709
56,32,5,2,27,729,128,800,31.837
56,32,5,4,14,196,128,800,9.40647
56,32,5,1,52,2704,192,800,120.197
56,32,5,2,27,729,192,800,39.74
56,32,5,4,14,196,192,800,19.6206
56,32,5,1,52,2704,256,800,155.171
56,32,5,2,27,729,256,800,52.4833
56,32,5,4,14,196,256,800,18.2083
56,32,7,1,50,2500,32,1568,71.0446
56,32,7,2,26,676,32,1568,23.0556
56,32,7,4,14,196,32,1568,7.99256
56,32,7,1,50,2500,64,1568,95.5957
56,32,7,2,26,676,64,1568,34.6721
56,32,7,4,14,196,64,1568,20.6279
56,32,7,1,50,2500,92,1568,118.588
56,32,7,2,26,676,92,1568,38.5102
56,32,7,4,14,196,92,1568,21.3391
56,32,7,1,50,2500,128,1568,146.37
56,32,7,2,26,676,128,1568,42.4317
56,32,7,4,14,196,128,1568,17.4369
56,32,7,1,50,2500,192,1568,270.681
56,32,7,2,26,676,192,1568,74.5425
56,32,7,4,14,196,192,1568,26.5998
56,32,7,1,50,2500,256,1568,482.569
56,32,7,2,26,676,256,1568,124.219
56,32,7,4,14,196,256,1568,38.4509
56,32,11,1,46,2116,32,3872,124.042
56,32,11,2,24,576,32,3872,42.9024
56,32,11,4,13,169,32,3872,13.3219
56,32,11,1,46,2116,64,3872,234.159
56,32,11,2,24,576,64,3872,66.4061
56,32,11,4,13,169,64,3872,23.6519
56,32,11,1,46,2116,92,3872,386.68
56,32,11,2,24,576,92,3872,98.971
56,32,11,4,13,169,92,3872,31.2249
56,32,11,1,46,2116,128,3872,548.964
56,32,11,2,24,576,128,3872,139.181
56,32,11,4,13,169,128,3872,41.7213
56,32,11,1,46,2116,192,3872,776.391
56,32,11,2,24,576,192,3872,195.101
56,32,11,4,13,169,192,3872,53.5579
56,32,11,1,46,2116,256,3872,1042.81
56,32,11,2,24,576,256,3872,264.28
56,32,11,4,13,169,256,3872,72.0562
56,64,1,1,56,3136,32,64,12.7545
56,64,1,2,29,841,32,64,2.85042
56,64,1,4,15,225,32,64,0.526206
56,64,1,1,56,3136,64,64,17.5604
56,64,1,2,29,841,64,64,9.69862
56,64,1,4,15,225,64,64,0.672963
56,64,1,1,56,3136,92,64,26.21
56,64,1,2,29,841,92,64,10.1212
56,64,1,4,15,225,92,64,1.17272
56,64,1,1,56,3136,128,64,30.5097
56,64,1,2,29,841,128,64,9.33567
56,64,1,4,15,225,128,64,1.32278
56,64,1,1,56,3136,192,64,43.3297
56,64,1,2,29,841,192,64,12.5589
56,64,1,4,15,225,192,64,5.09129
56,64,1,1,56,3136,256,64,57.7913
56,64,1,2,29,841,256,64,16.1058
56,64,1,4,15,225,256,64,6.88756
56,64,3,1,54,2916,32,576,28.1508
56,64,3,2,28,784,32,576,15.7048
56,64,3,4,15,225,32,576,5.44476
56,64,3,1,54,2916,64,576,40.7463
56,64,3,2,28,784,64,576,20.8158
56,64,3,4,15,225,64,576,7.08918
56,64,3,1,54,2916,92,576,56.1109
56,64,3,2,28,784,92,576,26.6398
56,64,3,4,15,225,92,576,7.78453
56,64,3,1,54,2916,128,576,67.6941
56,64,3,2,28,784,128,576,41.8728
56,64,3,4,15,225,128,576,11.306
56,64,3,1,54,2916,192,576,89.3696
56,64,3,2,28,784,192,576,37.8302
56,64,3,4,15,225,192,576,18.4932
56,64,3,1,54,2916,256,576,118.656
56,64,3,2,28,784,256,576,42.9091
56,64,3,4,15,225,256,576,18.7933
56,64,5,1,52,2704,32,1600,84.3694
56,64,5,2,27,729,32,1600,29.0137
56,64,5,4,14,196,32,1600,9.03492
56,64,5,1,52,2704,64,1600,117.36
56,64,5,2,27,729,64,1600,34.6046
56,64,5,4,14,196,64,1600,20.242
56,64,5,1,52,2704,92,1600,133.047
56,64,5,2,27,729,92,1600,43.5285
56,64,5,4,14,196,92,1600,20.3428
56,64,5,1,52,2704,128,1600,171.426
56,64,5,2,27,729,128,1600,54.7989
56,64,5,4,14,196,128,1600,23.0813
56,64,5,1,52,2704,192,1600,313.891
56,64,5,2,27,729,192,1600,81.4125
56,64,5,4,14,196,192,1600,29.4243
56,64,5,1,52,2704,256,1600,548.06
56,64,5,2,27,729,256,1600,140.511
56,64,5,4,14,196,256,1600,40.3228
56,64,7,1,50,2500,32,3136,126.684
56,64,7,2,26,676,32,3136,42.7912
56,64,7,4,14,196,32,3136,16.1155
56,64,7,1,50,2500,64,3136,195.132
56,64,7,2,26,676,64,3136,59.9338
56,64,7,4,14,196,64,3136,17.2083
56,64,7,1,50,2500,92,3136,304.2
56,64,7,2,26,676,92,3136,84.42
56,64,7,4,14,196,92,3136,31.0252
56,64,7,1,50,2500,128,3136,511.908
56,64,7,2,26,676,128,3136,129.598
56,64,7,4,14,196,128,3136,44.6765
56,64,7,1,50,2500,192,3136,742.567
56,64,7,2,26,676,192,3136,188.842
56,64,7,4,14,196,192,3136,55.8936
56,64,7,1,50,2500,256,3136,999.04
56,64,7,2,26,676,256,3136,252.562
56,64,7,4,14,196,256,3136,73.8594
56,64,11,1,46,2116,32,7744,325.165
56,64,11,2,24,576,32,7744,84.5201
56,64,11,4,13,169,32,7744,30.0859
56,64,11,1,46,2116,64,7744,653.527
56,64,11,2,24,576,64,7744,165.729
56,64,11,4,13,169,64,7744,48.2935
56,64,11,1,46,2116,92,7744,838.781
56,64,11,2,24,576,92,7744,211.764
56,64,11,4,13,169,92,7744,58.649
56,64,11,1,46,2116,128,7744,1102.74
56,64,11,2,24,576,128,7744,277.863
56,64,11,4,13,169,128,7744,76.7526
56,64,11,1,46,2116,192,7744,1541.68
56,64,11,2,24,576,192,7744,390.186
56,64,11,4,13,169,192,7744,106.961
56,64,11,1,46,2116,256,7744,2067.41
56,64,11,2,24,576,256,7744,522.769
56,64,11,4,13,169,256,7744,142.877
56,92,1,1,56,3136,32,92,19.5243
56,92,1,2,29,841,32,92,5.33565
56,92,1,4,15,225,32,92,0.725279
56,92,1,1,56,3136,64,92,24.9844
56,92,1,2,29,841,64,92,7.25181
56,92,1,4,15,225,64,92,1.05042
56,92,1,1,56,3136,92,92,30.2712
56,92,1,2,29,841,92,92,16.7874
56,92,1,4,15,225,92,92,1.96952
56,92,1,1,56,3136,128,92,37.0778
56,92,1,2,29,841,128,92,19.0619
56,92,1,4,15,225,128,92,2.08208
56,92,1,1,56,3136,192,92,50.9237
56,92,1,2,29,841,192,92,14.444
56,92,1,4,15,225,192,92,7.00265
56,92,1,1,56,3136,256,92,64.7815
56,92,1,2,29,841,256,92,22.9721
56,92,1,4,15,225,256,92,9.32606
56,92,3,1,54,2916,32,828,40.6785
56,92,3,2,28,784,32,828,23.1175
56,92,3,4,15,225,32,828,11.2659
56,92,3,1,54,2916,64,828,52.1836
56,92,3,2,28,784,64,828,29.9199
56,92,3,4,15,225,64,828,9.99606
56,92,3,1,54,2916,92,828,70.6596
56,92,3,2,28,784,92,828,28.9467
56,92,3,4,15,225,92,828,14.0921
56,92,3,1,54,2916,128,828,81.8366
56,92,3,2,28,784,128,828,32.3868
56,92,3,4,15,225,128,828,19.8233
56,92,3,1,54,2916,192,828,111.376
56,92,3,2,28,784,192,828,41.1805
56,92,3,4,15,225,192,828,21.5595
56,92,3,1,54,2916,256,828,138.44
56,92,3,2,28,784,256,828,58.8402
56,92,3,4,15,225,256,828,23.3532
56,92,5,1,52,2704,32,2300,115.235
56,92,5,2,27,729,32,2300,37.4527
56,92,5,4,14,196,32,2300,13.7281
56,92,5,1,52,2704,64,2300,157.462
56,92,5,2,27,729,64,2300,51.8765
56,92,5,4,14,196,64,2300,18.6374
56,92,5,1,52,2704,92,2300,196.626
56,92,5,2,27,729,92,2300,57.0736
56,92,5,4,14,196,92,2300,18.315
56,92,5,1,52,2704,128,2300,325.473
56,92,5,2,27,729,128,2300,84.6514
56,92,5,4,14,196,128,2300,29.8297
56,92,5,1,52,2704,192,2300,597.908
56,92,5,2,27,729,192,2300,152.167
56,92,5,4,14,196,192,2300,42.9337
56,92,5,1,52,2704,256,2300,814.793
56,92,5,2,27,729,256,2300,207.239
56,92,5,4,14,196,256,2300,57.3084
56,92,7,1,50,2500,32,4508,185.896
56,92,7,2,26,676,32,4508,52.3102
56,92,7,4,14,196,32,4508,20.3747
56,92,7,1,50,2500,64,4508,395.143
56,92,7,2,26,676,64,4508,103.099
56,92,7,4,14,196,64,4508,34.9677
56,92,7,1,50,2500,92,4508,570.114
56,92,7,2,26,676,92,4508,147.632
56,92,7,4,14,196,92,4508,45.9935
56,92,7,1,50,2500,128,4508,764.461
56,92,7,2,26,676,128,4508,194.236
56,92,7,4,14,196,128,4508,57.2065
56,92,7,1,50,2500,192,4508,1070.53
56,92,7,2,26,676,192,4508,271.96
56,92,7,4,14,196,192,4508,80.157
56,92,7,1,50,2500,256,4508,1438.76
56,92,7,2,26,676,256,4508,366.866
56,92,7,4,14,196,256,4508,104.608
56,92,11,1,46,2116,32,11132,562.705
56,92,11,2,24,576,32,11132,139.949
56,92,11,4,13,169,32,11132,41.0433
56,92,11,1,46,2116,64,11132,943.056
56,92,11,2,24,576,64,11132,237.192
56,92,11,4,13,169,64,11132,67.5147
56,92,11,1,46,2116,92,11132,1190.61
56,92,11,2,24,576,92,11132,300.475
56,92,11,4,13,169,92,11132,84.766
56,92,11,1,46,2116,128,11132,1571.79
56,92,11,2,24,576,128,11132,397.66
56,92,11,4,13,169,128,11132,109.863
56,92,11,1,46,2116,192,11132,2205.4
56,92,11,2,24,576,192,11132,557.696
56,92,11,4,13,169,192,11132,152.217
56,92,11,1,46,2116,256,11132,2962.85
56,92,11,2,24,576,256,11132,746.902
56,92,11,4,13,169,256,11132,203.682
56,128,1,1,56,3136,32,128,31.7871
56,128,1,2,29,841,32,128,12.0974
56,128,1,4,15,225,32,128,1.32161
56,128,1,1,56,3136,64,128,30.7332
56,128,1,2,29,841,64,128,12.963
56,128,1,4,15,225,64,128,1.55211
56,128,1,1,56,3136,92,128,41.9478
56,128,1,2,29,841,92,128,18.4127
56,128,1,4,15,225,92,128,5.35136
56,128,1,1,56,3136,128,128,54.7625
56,128,1,2,29,841,128,128,16.0046
56,128,1,4,15,225,128,128,3.98311
56,128,1,1,56,3136,192,128,66.5556
56,128,1,2,29,841,192,128,28.7039
56,128,1,4,15,225,192,128,5.31501
56,128,1,1,56,3136,256,128,82.6567
56,128,1,2,29,841,256,128,32.0175
56,128,1,4,15,225,256,128,12.1818
56,128,3,1,54,2916,32,1152,68.3043
56,128,3,2,28,784,32,1152,32.5149
56,128,3,4,15,225,32,1152,10.5888
56,128,3,1,54,2916,64,1152,85.6497
56,128,3,2,28,784,64,1152,37.9012
56,128,3,4,15,225,64,1152,14.874
56,128,3,1,54,2916,92,1152,101.74
56,128,3,2,28,784,92,1152,42.1495
56,128,3,4,15,225,92,1152,15.413
56,128,3,1,54,2916,128,1152,119.675
56,128,3,2,28,784,128,1152,50.09
56,128,3,4,15,225,128,1152,25.6135
56,128,3,1,54,2916,192,1152,150.289
56,128,3,2,28,784,192,1152,66.3896
56,128,3,4,15,225,192,1152,26.3136
56,128,3,1,54,2916,256,1152,185.756
56,128,3,2,28,784,256,1152,96.9908
56,128,3,4,15,225,256,1152,33.4343
56,128,5,1,52,2704,32,3200,156.368
56,128,5,2,27,729,32,3200,48.5833
56,128,5,4,14,196,32,3200,22.1345
56,128,5,1,52,2704,64,3200,236.463
56,128,5,2,27,729,64,3200,63.4501
56,128,5,4,14,196,64,3200,23.9648
56,128,5,1,52,2704,92,3200,364.53
56,128,5,2,27,729,92,3200,97.3184
56,128,5,4,14,196,92,3200,29.1483
56,128,5,1,52,2704,128,3200,589.429
56,128,5,2,27,729,128,3200,149.986
56,128,5,4,14,196,128,3200,39.3888
56,128,5,1,52,2704,192,3200,834.759
56,128,5,2,27,729,192,3200,215.754
56,128,5,4,14,196,192,3200,62.9185
56,128,5,1,52,2704,256,3200,1125.27
56,128,5,2,27,729,256,3200,285.892
56,128,5,4,14,196,256,3200,78.4343
56,128,7,1,50,2500,32,6272,275.955
56,128,7,2,26,676,32,6272,74.6075
56,128,7,4,14,196,32,6272,29.4673
56,128,7,1,50,2500,64,6272,629.753
56,128,7,2,26,676,64,6272,162.657
56,128,7,4,14,196,64,6272,51.0302
56,128,7,1,50,2500,92,6272,806.82
56,128,7,2,26,676,92,6272,206.231
56,128,7,4,14,196,92,6272,61.3399
56,128,7,1,50,2500,128,6272,1061.65
56,128,7,2,26,676,128,6272,271.058
56,128,7,4,14,196,128,6272,79.358
56,128,7,1,50,2500,192,6272,1494.9
56,128,7,2,26,676,192,6272,380.327
56,128,7,4,14,196,192,6272,109.658
56,128,7,1,50,2500,256,6272,1988.99
56,128,7,2,26,676,256,6272,507.073
56,128,7,4,14,196,256,6272,145.281
56,128,11,1,46,2116,32,15488,817.295
56,128,11,2,24,576,32,15488,205.327
56,128,11,4,13,169,32,15488,60.0884
56,128,11,1,46,2116,64,15488,1342.87
56,128,11,2,24,576,64,15488,340.77
56,128,11,4,13,169,64,15488,93.9069
56,128,11,1,46,2116,92,15488,1691.94
56,128,11,2,24,576,92,15488,428.351
56,128,11,4,13,169,92,15488,117.732
56,128,11,1,46,2116,128,15488,2218.53
56,128,11,2,24,576,128,15488,560.022
56,128,11,4,13,169,128,15488,153.902
56,128,11,1,46,2116,192,15488,3100.33
56,128,11,2,24,576,192,15488,784.312
56,128,11,4,13,169,192,15488,214.769
56,128,11,1,46,2116,256,15488,4154.46
56,128,11,2,24,576,256,15488,1054.74
56,128,11,4,13,169,256,15488,286.578
56,192,1,1,56,3136,32,192,45.382
56,192,1,2,29,841,32,192,13.3828
56,192,1,4,15,225,32,192,5.61113
56,192,1,1,56,3136,64,192,46.6166
56,192,1,2,29,841,64,192,24.9995
56,192,1,4,15,225,64,192,3.19405
56,192,1,1,56,3136,92,192,54.2443
56,192,1,2,29,841,92,192,21.9287
56,192,1,4,15,225,92,192,5.46865
56,192,1,1,56,3136,128,192,62.5946
56,192,1,2,29,841,128,192,22.2964
56,192,1,4,15,225,128,192,8.0307
56,192,1,1,56,3136,192,192,85.656
56,192,1,2,29,841,192,192,35.2475
56,192,1,4,15,225,192,192,16.378
56,192,1,1,56,3136,256,192,106.049
56,192,1,2,29,841,256,192,39.8959
56,192,1,4,15,225,256,192,10.7505
56,192,3,1,54,2916,32,1728,73.8957
56,192,3,2,28,784,32,1728,41.9934
56,192,3,4,15,225,32,1728,20.8001
56,192,3,1,54,2916,64,1728,94.0611
56,192,3,2,28,784,64,1728,53.8895
56,192,3,4,15,225,64,1728,26.6535
56,192,3,1,54,2916,92,1728,122.169
56,192,3,2,28,784,92,1728,59.2558
56,192,3,4,15,225,92,1728,26.3438
56,192,3,1,54,2916,128,1728,137.834
56,192,3,2,28,784,128,1728,75.3065
56,192,3,4,15,225,128,1728,33.9527
56,192,3,1,54,2916,192,1728,177.75
56,192,3,2,28,784,192,1728,114.734
56,192,3,4,15,225,192,1728,38.8577
56,192,3,1,54,2916,256,1728,226.042
56,192,3,2,28,784,256,1728,176.264
56,192,3,4,15,225,256,1728,59.1579
56,192,5,1,52,2704,32,4800,235.398
56,192,5,2,27,729,32,4800,69.2393
56,192,5,4,14,196,32,4800,25.0655
56,192,5,1,52,2704,64,4800,497.036
56,192,5,2,27,729,64,4800,129.912
56,192,5,4,14,196,64,4800,41.248
56,192,5,1,52,2704,92,4800,686.089
56,192,5,2,27,729,92,4800,173.453
56,192,5,4,14,196,92,4800,51.1556
56,192,5,1,52,2704,128,4800,906.474
56,192,5,2,27,729,128,4800,233.364
56,192,5,4,14,196,128,4800,65.484
56,192,5,1,52,2704,192,4800,1259.72
56,192,5,2,27,729,192,4800,323.614
56,192,5,4,14,196,192,4800,88.381
56,192,5,1,52,2704,256,4800,1686.25
56,192,5,2,27,729,256,4800,425.947
56,192,5,4,14,196,256,4800,115.369
56,192,7,1,50,2500,32,9408,558.078
56,192,7,2,26,676,32,9408,141.485
56,192,7,4,14,196,32,9408,46.6654
56,192,7,1,50,2500,64,9408,966.84
56,192,7,2,26,676,64,9408,246.491
56,192,7,4,14,196,64,9408,74.8887
56,192,7,1,50,2500,92,9408,1217.4
56,192,7,2,26,676,92,9408,309.77
56,192,7,4,14,196,92,9408,91.9623
56,192,7,1,50,2500,128,9408,1605.6
56,192,7,2,26,676,128,9408,407.65
56,192,7,4,14,196,128,9408,119.123
56,192,7,1,50,2500,192,9408,2223.17
56,192,7,2,26,676,192,9408,569.059
56,192,7,4,14,196,192,9408,162.756
56,192,7,1,50,2500,256,9408,2987.61
56,192,7,2,26,676,256,9408,759.225
56,192,7,4,14,196,256,9408,218.06
56,192,11,1,46,2116,32,23232,1241.96
56,192,11,2,24,576,32,23232,327.627
56,192,11,4,13,169,32,23232,94.3397
56,192,11,1,46,2116,64,23232,2034.12
56,192,11,2,24,576,64,23232,523.216
56,192,11,4,13,169,64,23232,147.459
56,192,11,1,46,2116,92,23232,2547.67
56,192,11,2,24,576,92,23232,654.049
56,192,11,4,13,169,92,23232,183.454
56,192,11,1,46,2116,128,23232,3343.18
56,192,11,2,24,576,128,23232,858.024
56,192,11,4,13,169,128,23232,238.168
56,192,11,1,46,2116,192,23232,4671.72
56,192,11,2,24,576,192,23232,1192.98
56,192,11,4,13,169,192,23232,326.547
56,192,11,1,46,2116,256,23232,6243.7
56,192,11,2,24,576,256,23232,1592.61
56,192,11,4,13,169,256,23232,433.587
56,256,1,1,56,3136,32,256,52.8122
56,256,1,2,29,841,32,256,21.3637
56,256,1,4,15,225,32,256,7.71494
56,256,1,1,56,3136,64,256,54.3488
56,256,1,2,29,841,64,256,26.2292
56,256,1,4,15,225,64,256,11.2881
56,256,1,1,56,3136,92,256,61.3251
56,256,1,2,29,841,92,256,28.4541
56,256,1,4,15,225,92,256,9.49723
56,256,1,1,56,3136,128,256,68.6148
56,256,1,2,29,841,128,256,27.4733
56,256,1,4,15,225,128,256,12.1227
56,256,1,1,56,3136,192,256,86.5609
56,256,1,2,29,841,192,256,32.769
56,256,1,4,15,225,192,256,9.47032
56,256,1,1,56,3136,256,256,103.528
56,256,1,2,29,841,256,256,34.8807
56,256,1,4,15,225,256,256,21.6075
56,256,3,1,54,2916,32,2304,129.789
56,256,3,2,28,784,32,2304,50.8223
56,256,3,4,15,225,32,2304,25.5686
56,256,3,1,54,2916,64,2304,153.823
56,256,3,2,28,784,64,2304,58.4134
56,256,3,4,15,225,64,2304,34.5696
56,256,3,1,54,2916,92,2304,182.633
56,256,3,2,28,784,92,2304,77.195
56,256,3,4,15,225,92,2304,33.6567
56,256,3,1,54,2916,128,2304,206.777
56,256,3,2,28,784,128,2304,110.585
56,256,3,4,15,225,128,2304,39.0212
56,256,3,1,54,2916,192,2304,257.872
56,256,3,2,28,784,192,2304,176.22
56,256,3,4,15,225,192,2304,58.1899
56,256,3,1,54,2916,256,2304,320.691
56,256,3,2,28,784,256,2304,234.615
56,256,3,4,15,225,256,2304,70.9577
56,256,5,1,52,2704,32,6400,354.693
56,256,5,2,27,729,32,6400,99.1117
56,256,5,4,14,196,32,6400,35.9551
56,256,5,1,52,2704,64,6400,736.016
56,256,5,2,27,729,64,6400,189.769
56,256,5,4,14,196,64,6400,56.6304
56,256,5,1,52,2704,92,6400,932.04
56,256,5,2,27,729,92,6400,239.029
56,256,5,4,14,196,92,6400,70.2675
56,256,5,1,52,2704,128,6400,1206.29
56,256,5,2,27,729,128,6400,312.092
56,256,5,4,14,196,128,6400,87.934
56,256,5,1,52,2704,192,6400,1686.92
56,256,5,2,27,729,192,6400,429.069
56,256,5,4,14,196,192,6400,117.503
56,256,5,1,52,2704,256,6400,2246.24
56,256,5,2,27,729,256,6400,568.491
56,256,5,4,14,196,256,6400,153.895
56,256,7,1,50,2500,32,12544,807.074
56,256,7,2,26,676,32,12544,202.792
56,256,7,4,14,196,32,12544,66.319
56,256,7,1,50,2500,64,12544,1313.06
56,256,7,2,26,676,64,12544,331.039
56,256,7,4,14,196,64,12544,100.707
56,256,7,1,50,2500,92,12544,1653.04
56,256,7,2,26,676,92,12544,417.139
56,256,7,4,14,196,92,12544,123.483
56,256,7,1,50,2500,128,12544,2151.83
56,256,7,2,26,676,128,12544,542.551
56,256,7,4,14,196,128,12544,158.57
56,256,7,1,50,2500,192,12544,2998.89
56,256,7,2,26,676,192,12544,752.304
56,256,7,4,14,196,192,12544,219.102
56,256,7,1,50,2500,256,12544,3987.94
56,256,7,2,26,676,256,12544,1005.8
56,256,7,4,14,196,256,12544,288.322
56,256,11,1,46,2116,32,30976,1700.96
56,256,11,2,24,576,32,30976,457.486
56,256,11,4,13,169,32,30976,135.037
56,256,11,1,46,2116,64,30976,2753.97
56,256,11,2,24,576,64,30976,717.409
56,256,11,4,13,169,64,30976,203.84
56,256,11,1,46,2116,92,30976,3443.9
56,256,11,2,24,576,92,30976,894.03
56,256,11,4,13,169,92,30976,251.744
56,256,11,1,46,2116,128,30976,4493.51
56,256,11,2,24,576,128,30976,1163.55
56,256,11,4,13,169,128,30976,324.28
56,256,11,1,46,2116,192,30976,6241.4
56,256,11,2,24,576,192,30976,1613.75
56,256,11,4,13,169,192,30976,445.751
56,256,11,1,46,2116,256,30976,8371.27
56,256,11,2,24,576,256,30976,2144.75
56,256,11,4,13,169,256,30976,587.779
112,32,1,1,112,12544,32,32,41.0067
112,32,1,2,57,3249,32,32,11.9449
112,32,1,4,29,841,32,32,1.52649
112,32,1,1,112,12544,64,32,62.2963
112,32,1,2,57,3249,64,32,14.5618
112,32,1,4,29,841,64,32,4.37375
112,32,1,1,112,12544,92,32,82.4443
112,32,1,2,57,3249,92,32,24.9624
112,32,1,4,29,841,92,32,6.10609
112,32,1,1,112,12544,128,32,104.048
112,32,1,2,57,3249,128,32,22.5328
112,32,1,4,29,841,128,32,7.1981
112,32,1,1,112,12544,192,32,144.121
112,32,1,2,57,3249,192,32,38.0892
112,32,1,4,29,841,192,32,9.59588
112,32,1,1,112,12544,256,32,188.953
112,32,1,2,57,3249,256,32,41.6598
112,32,1,4,29,841,256,32,14.1558
112,32,3,1,110,12100,32,288,79.4814
112,32,3,2,56,3136,32,288,32.1043
112,32,3,4,29,841,32,288,10.3373
112,32,3,1,110,12100,64,288,124.17
112,32,3,2,56,3136,64,288,38.9634
112,32,3,4,29,841,64,288,12.4225
112,32,3,1,110,12100,92,288,155.621
112,32,3,2,56,3136,92,288,41.0782
112,32,3,4,29,841,92,288,23.2275
112,32,3,1,110,12100,128,288,212.845
112,32,3,2,56,3136,128,288,56.4831
112,32,3,4,29,841,128,288,24.2658
112,32,3,1,110,12100,192,288,276.319
112,32,3,2,56,3136,192,288,67.4087
112,32,3,4,29,841,192,288,29.4541
112,32,3,1,110,12100,256,288,445.116
112,32,3,2,56,3136,256,288,85.3843
112,32,3,4,29,841,256,288,35.2819
112,32,5,1,108,11664,32,800,177.111
112,32,5,2,55,3025,32,800,53.7485
112,32,5,4,28,784,32,800,24.9264
112,32,5,1,108,11664,64,800,247.903
112,32,5,2,55,3025,64,800,73.0067
112,32,5,4,28,784,64,800,31.6822
112,32,5,1,108,11664,92,800,299.958
112,32,5,2,55,3025,92,800,83.706
112,32,5,4,28,784,92,800,30.705
112,32,5,1,108,11664,128,800,374.331
112,32,5,2,55,3025,128,800,100.961
112,32,5,4,28,784,128,800,30.1784
112,32,5,1,108,11664,192,800,497.508
112,32,5,2,55,3025,192,800,129.961
112,32,5,4,28,784,192,800,45.4479
112,32,5,1,108,11664,256,800,667.372
112,32,5,2,55,3025,256,800,173.522
112,32,5,4,28,784,256,800,61.7996
112,32,7,1,106,11236,32,1568,282.717
112,32,7,2,54,2916,32,1568,81.9373
112,32,7,4,28,784,32,1568,32.2313
112,32,7,1,106,11236,64,1568,413.486
112,32,7,2,54,2916,64,1568,114.11
112,32,7,4,28,784,64,1568,34.0996
112,32,7,1,106,11236,92,1568,505.377
112,32,7,2,54,2916,92,1568,131.822
112,32,7,4,28,784,92,1568,42.1289
112,32,7,1,106,11236,128,1568,651.088
112,32,7,2,54,2916,128,1568,167.047
112,32,7,4,28,784,128,1568,61.7523
112,32,7,1,106,11236,192,1568,1203.92
112,32,7,2,54,2916,192,1568,306.22
112,32,7,4,28,784,192,1568,95.8834
112,32,7,1,106,11236,256,1568,2166.41
112,32,7,2,54,2916,256,1568,548.319
112,32,7,4,28,784,256,1568,148.529
112,32,11,1,102,10404,32,3872,643.469
112,32,11,2,52,2704,32,3872,160.037
112,32,11,4,27,729,32,3872,46.8888
112,32,11,1,102,10404,64,3872,1168.42
112,32,11,2,52,2704,64,3872,319.974
112,32,11,4,27,729,64,3872,82.9765
112,32,11,1,102,10404,92,3872,1935.64
112,32,11,2,52,2704,92,3872,482.668
112,32,11,4,27,729,92,3872,127.01
112,32,11,1,102,10404,128,3872,2736.43
112,32,11,2,52,2704,128,3872,682.339
112,32,11,4,27,729,128,3872,182.843
112,32,11,1,102,10404,192,3872,3862.67
112,32,11,2,52,2704,192,3872,953.552
112,32,11,4,27,729,192,3872,256.742
112,32,11,1,102,10404,256,3872,5151.58
112,32,11,2,52,2704,256,3872,1296.17
112,32,11,4,27,729,256,3872,342.807
112,64,1,1,112,12544,32,64,56.8844
112,64,1,2,57,3249,32,64,24.4919
112,64,1,4,29,841,32,64,5.39888
112,64,1,1,112,12544,64,64,82.1662
112,64,1,2,57,3249,64,64,22.6176
112,64,1,4,29,841,64,64,13.6081
112,64,1,1,112,12544,92,64,116.783
112,64,1,2,57,3249,92,64,35.9709
112,64,1,4,29,841,92,64,13.5422
112,64,1,1,112,12544,128,64,135.797
112,64,1,2,57,3249,128,64,42.8988
112,64,1,4,29,841,128,64,17.4538
112,64,1,1,112,12544,192,64,184.719
112,64,1,2,57,3249,192,64,52.2786
112,64,1,4,29,841,192,64,17.9124
112,64,1,1,112,12544,256,64,237.614
112,64,1,2,57,3249,256,64,62.3379
112,64,1,4,29,841,256,64,21.7422
112,64,3,1,110,12100,32,576,131.92
112,64,3,2,56,3136,32,576,56.5458
112,64,3,4,29,841,32,576,24.3919
112,64,3,1,110,12100,64,576,185.644
112,64,3,2,56,3136,64,576,67.751
112,64,3,4,29,841,64,576,33.1461
112,64,3,1,110,12100,92,576,227.856
112,64,3,2,56,3136,92,576,80.9201
112,64,3,4,29,841,92,576,37.1954
112,64,3,1,110,12100,128,576,290.722
112,64,3,2,56,3136,128,576,94.8333
112,64,3,4,29,841,128,576,39.1601
112,64,3,1,110,12100,192,576,377.049
112,64,3,2,56,3136,192,576,112.855
112,64,3,4,29,841,192,576,46.8456
112,64,3,1,110,12100,256,576,560.943
112,64,3,2,56,3136,256,576,143.442
112,64,3,4,29,841,256,576,50.5138
112,64,5,1,108,11664,32,1600,344.106
112,64,5,2,55,3025,32,1600,100.342
112,64,5,4,28,784,32,1600,34.4948
112,64,5,1,108,11664,64,1600,483.786
112,64,5,2,55,3025,64,1600,128.885
112,64,5,4,28,784,64,1600,49.547
112,64,5,1,108,11664,92,1600,581.873
112,64,5,2,55,3025,92,1600,156.035
112,64,5,4,28,784,92,1600,56.0905
112,64,5,1,108,11664,128,1600,738.195
112,64,5,2,55,3025,128,1600,192.149
112,64,5,4,28,784,128,1600,63.5778
112,64,5,1,108,11664,192,1600,1357.37
112,64,5,2,55,3025,192,1600,351.847
112,64,5,4,28,784,192,1600,101.399
112,64,5,1,108,11664,256,1600,2373.23
112,64,5,2,55,3025,256,1600,605.093
112,64,5,4,28,784,256,1600,162.884
112,64,7,1,106,11236,32,3136,565.902
112,64,7,2,54,2916,32,3136,148.454
112,64,7,4,28,784,32,3136,55.4157
112,64,7,1,106,11236,64,3136,880.915
112,64,7,2,54,2916,64,3136,238.862
112,64,7,4,28,784,64,3136,78.3597
112,64,7,1,106,11236,92,3136,1377.14
112,64,7,2,54,2916,92,3136,355.805
112,64,7,4,28,784,92,3136,105.204
112,64,7,1,106,11236,128,3136,2312.3
112,64,7,2,54,2916,128,3136,587.532
112,64,7,4,28,784,128,3136,162.535
112,64,7,1,106,11236,192,3136,3350.01
112,64,7,2,54,2916,192,3136,851.253
112,64,7,4,28,784,192,3136,232.569
112,64,7,1,106,11236,256,3136,4483.34
112,64,7,2,54,2916,256,3136,1137.62
112,64,7,4,28,784,256,3136,307.48
112,64,11,1,102,10404,32,7744,1699.59
112,64,11,2,52,2704,32,7744,463.456
112,64,11,4,27,729,32,7744,123.549
112,64,11,1,102,10404,64,7744,3324.76
112,64,11,2,52,2704,64,7744,856.052
112,64,11,4,27,729,64,7744,224.745
112,64,11,1,102,10404,92,7744,4227.94
112,64,11,2,52,2704,92,7744,1074.62
112,64,11,4,27,729,92,7744,285.22
112,64,11,1,102,10404,128,7744,5524.01
112,64,11,2,52,2704,128,7744,1406.57
112,64,11,4,27,729,128,7744,368.077
112,64,11,1,102,10404,192,7744,7687.24
112,64,11,2,52,2704,192,7744,1947.88
112,64,11,4,27,729,192,7744,509.781
112,64,11,1,102,10404,256,7744,10292
112,64,11,2,52,2704,256,7744,2614.31
112,64,11,4,27,729,256,7744,683.271
112,92,1,1,112,12544,32,92,73.1808
112,92,1,2,57,3249,32,92,30.0544
112,92,1,4,29,841,32,92,12.0239
112,92,1,1,112,12544,64,92,107.441
112,92,1,2,57,3249,64,92,36.0604
112,92,1,4,29,841,64,92,13.0248
112,92,1,1,112,12544,92,92,140.419
112,92,1,2,57,3249,92,92,40.6596
112,92,1,4,29,841,92,92,12.4286
112,92,1,1,112,12544,128,92,168.533
112,92,1,2,57,3249,128,92,45.2203
112,92,1,4,29,841,128,92,14.1273
112,92,1,1,112,12544,192,92,220.641
112,92,1,2,57,3249,192,92,55.0157
112,92,1,4,29,841,192,92,27.5687
112,92,1,1,112,12544,256,92,279.37
112,92,1,2,57,3249,256,92,71.0746
112,92,1,4,29,841,256,92,21.9384
112,92,3,1,110,12100,32,828,146.239
112,92,3,2,56,3136,32,828,69.9775
112,92,3,4,29,841,32,828,31.3981
112,92,3,1,110,12100,64,828,208.228
112,92,3,2,56,3136,64,828,91.6965
112,92,3,4,29,841,64,828,39.9262
112,92,3,1,110,12100,92,828,260.473
112,92,3,2,56,3136,92,828,109.186
112,92,3,4,29,841,92,828,42.1181
112,92,3,1,110,12100,128,828,331.273
112,92,3,2,56,3136,128,828,126.721
112,92,3,4,29,841,128,828,47.3275
112,92,3,1,110,12100,192,828,434.589
112,92,3,2,56,3136,192,828,157.649
112,92,3,4,29,841,192,828,57.6654
112,92,3,1,110,12100,256,828,639.657
112,92,3,2,56,3136,256,828,205.943
112,92,3,4,29,841,256,828,71.4957
112,92,5,1,108,11664,32,2300,498.124
112,92,5,2,55,3025,32,2300,139.39
112,92,5,4,28,784,32,2300,54.838
112,92,5,1,108,11664,64,2300,695.924
112,92,5,2,55,3025,64,2300,190.303
112,92,5,4,28,784,64,2300,63.1583
112,92,5,1,108,11664,92,2300,888.225
112,92,5,2,55,3025,92,2300,260.792
112,92,5,4,28,784,92,2300,80.5453
112,92,5,1,108,11664,128,2300,1421.95
112,92,5,2,55,3025,128,2300,371.526
112,92,5,4,28,784,128,2300,115.098
112,92,5,1,108,11664,192,2300,2591.52
112,92,5,2,55,3025,192,2300,662.365
112,92,5,4,28,784,192,2300,182.106
112,92,5,1,108,11664,256,2300,3536.54
112,92,5,2,55,3025,256,2300,892.623
112,92,5,4,28,784,256,2300,241.704
112,92,7,1,106,11236,32,4508,897.283
112,92,7,2,54,2916,32,4508,234.766
112,92,7,4,28,784,32,4508,77.4152
112,92,7,1,106,11236,64,4508,1873.05
112,92,7,2,54,2916,64,4508,459.402
112,92,7,4,28,784,64,4508,136.591
112,92,7,1,106,11236,92,4508,2663.09
112,92,7,2,54,2916,92,4508,654.166
112,92,7,4,28,784,92,4508,183.95
112,92,7,1,106,11236,128,4508,3507.46
112,92,7,2,54,2916,128,4508,882.082
112,92,7,4,28,784,128,4508,244.678
112,92,7,1,106,11236,192,4508,4894.05
112,92,7,2,54,2916,192,4508,1220.78
112,92,7,4,28,784,192,4508,337.56
112,92,7,1,106,11236,256,4508,6574.69
112,92,7,2,54,2916,256,4508,1641.05
112,92,7,4,28,784,256,4508,440.922
112,92,11,1,102,10404,32,11132,2882.7
112,92,11,2,52,2704,32,11132,771.203
112,92,11,4,27,729,32,11132,215.817
112,92,11,1,102,10404,64,11132,4754.96
112,92,11,2,52,2704,64,11132,1250.16
112,92,11,4,27,729,64,11132,341.333
112,92,11,1,102,10404,92,11132,6018.31
112,92,11,2,52,2704,92,11132,1556.01
112,92,11,4,27,729,92,11132,421.362
112,92,11,1,102,10404,128,11132,7841.74
112,92,11,2,52,2704,128,11132,2017.4
112,92,11,4,27,729,128,11132,540.465
112,92,11,1,102,10404,192,11132,10959.5
112,92,11,2,52,2704,192,11132,2788.4
112,92,11,4,27,729,192,11132,749.031
112,92,11,1,102,10404,256,11132,14670.9
112,92,11,2,52,2704,256,11132,3738.7
112,92,11,4,27,729,256,11132,989.174
112,128,1,1,112,12544,32,128,92.7085
112,128,1,2,57,3249,32,128,36.3569
112,128,1,4,29,841,32,128,16.0061
112,128,1,1,112,12544,64,128,132.111
112,128,1,2,57,3249,64,128,46.1068
112,128,1,4,29,841,64,128,15.6796
112,128,1,1,112,12544,92,128,168.918
112,128,1,2,57,3249,92,128,51.256
112,128,1,4,29,841,92,128,21.3774
112,128,1,1,112,12544,128,128,199.377
112,128,1,2,57,3249,128,128,59.4026
112,128,1,4,29,841,128,128,27.3546
112,128,1,1,112,12544,192,128,266.645
112,128,1,2,57,3249,192,128,68.4709
112,128,1,4,29,841,192,128,30.8677
112,128,1,1,112,12544,256,128,332.473
112,128,1,2,57,3249,256,128,93.8954
112,128,1,4,29,841,256,128,35.6841
112,128,3,1,110,12100,32,1152,282.465
112,128,3,2,56,3136,32,1152,102.304
112,128,3,4,29,841,32,1152,45.5474
112,128,3,1,110,12100,64,1152,356.893
112,128,3,2,56,3136,64,1152,126.823
112,128,3,4,29,841,64,1152,42.9735
112,128,3,1,110,12100,92,1152,422.344
112,128,3,2,56,3136,92,1152,145.148
112,128,3,4,29,841,92,1152,57.403
112,128,3,1,110,12100,128,1152,499.396
112,128,3,2,56,3136,128,1152,169.744
112,128,3,4,29,841,128,1152,62.6883
112,128,3,1,110,12100,192,1152,623.087
112,128,3,2,56,3136,192,1152,222.496
112,128,3,4,29,841,192,1152,79.6132
112,128,3,1,110,12100,256,1152,856.197
112,128,3,2,56,3136,256,1152,367.269
112,128,3,4,29,841,256,1152,112.662
112,128,5,1,108,11664,32,3200,711.131
112,128,5,2,55,3025,32,3200,195.865
112,128,5,4,28,784,32,3200,62.9579
112,128,5,1,108,11664,64,3200,1061.44
112,128,5,2,55,3025,64,3200,285.089
112,128,5,4,28,784,64,3200,90.9334
112,128,5,1,108,11664,92,3200,1611.17
112,128,5,2,55,3025,92,3200,425.237
112,128,5,4,28,784,92,3200,126.832
112,128,5,1,108,11664,128,3200,2595.81
112,128,5,2,55,3025,128,3200,666.791
112,128,5,4,28,784,128,3200,185.839
112,128,5,1,108,11664,192,3200,3671.05
112,128,5,2,55,3025,192,3200,935.65
112,128,5,4,28,784,192,3200,255.972
112,128,5,1,108,11664,256,3200,4895.71
112,128,5,2,55,3025,256,3200,1257.26
112,128,5,4,28,784,256,3200,333.94
112,128,7,1,106,11236,32,6272,1390.8
112,128,7,2,54,2916,32,6272,379.742
112,128,7,4,28,784,32,6272,116.549
112,128,7,1,106,11236,64,6272,2992.01
112,128,7,2,54,2916,64,6272,763.226
112,128,7,4,28,784,64,6272,211.714
112,128,7,1,106,11236,92,6272,3792.91
112,128,7,2,54,2916,92,6272,959.375
112,128,7,4,28,784,92,6272,265.011
112,128,7,1,106,11236,128,6272,4921.32
112,128,7,2,54,2916,128,6272,1256.89
112,128,7,4,28,784,128,6272,338.933
112,128,7,1,106,11236,192,6272,6871.91
112,128,7,2,54,2916,192,6272,1732.68
112,128,7,4,28,784,192,6272,462.082
112,128,7,1,106,11236,256,6272,9135.43
112,128,7,2,54,2916,256,6272,2300.04
112,128,7,4,28,784,256,6272,616.801
112,128,11,1,102,10404,32,15488,4124.04
112,128,11,2,52,2704,32,15488,1104.68
112,128,11,4,27,729,32,15488,324.685
112,128,11,1,102,10404,64,15488,6707.04
112,128,11,2,52,2704,64,15488,1754.26
112,128,11,4,27,729,64,15488,491.585
112,128,11,1,102,10404,92,15488,8397.01
112,128,11,2,52,2704,92,15488,2178.64
112,128,11,4,27,729,92,15488,605.874
112,128,11,1,102,10404,128,15488,11002.4
112,128,11,2,52,2704,128,15488,2829.37
112,128,11,4,27,729,128,15488,776.341
112,128,11,1,102,10404,192,15488,15309.6
112,128,11,2,52,2704,192,15488,3912.7
112,128,11,4,27,729,192,15488,1057.79
112,128,11,1,102,10404,256,15488,20512.4
112,128,11,2,52,2704,256,15488,5221.6
112,128,11,4,27,729,256,15488,1401.26
112,192,1,1,112,12544,32,192,128.934
112,192,1,2,57,3249,32,192,52.4373
112,192,1,4,29,841,32,192,17.5436
112,192,1,1,112,12544,64,192,180.942
112,192,1,2,57,3249,64,192,65.6603
112,192,1,4,29,841,64,192,19.9335
112,192,1,1,112,12544,92,192,227.23
112,192,1,2,57,3249,92,192,68.8923
112,192,1,4,29,841,92,192,30.48
112,192,1,1,112,12544,128,192,262.818
112,192,1,2,57,3249,128,192,75.8388
112,192,1,4,29,841,128,192,26.951
112,192,1,1,112,12544,192,192,347.171
112,192,1,2,57,3249,192,192,99.1519
112,192,1,4,29,841,192,192,31.6823
112,192,1,1,112,12544,256,192,432.942
112,192,1,2,57,3249,256,192,117.099
112,192,1,4,29,841,256,192,40.934
112,192,3,1,110,12100,32,1728,397.355
112,192,3,2,56,3136,32,1728,144.598
112,192,3,4,29,841,32,1728,59.9725
112,192,3,1,110,12100,64,1728,488.189
112,192,3,2,56,3136,64,1728,182.272
112,192,3,4,29,841,64,1728,70.4118
112,192,3,1,110,12100,92,1728,571.211
112,192,3,2,56,3136,92,1728,210.528
112,192,3,4,29,841,92,1728,77.0765
112,192,3,1,110,12100,128,1728,664.178
112,192,3,2,56,3136,128,1728,268.736
112,192,3,4,29,841,128,1728,94.4239
112,192,3,1,110,12100,192,1728,831.161
112,192,3,2,56,3136,192,1728,467.809
112,192,3,4,29,841,192,1728,146.387
112,192,3,1,110,12100,256,1728,1095.68
112,192,3,2,56,3136,256,1728,726.908
112,192,3,4,29,841,256,1728,210.107
112,192,5,1,108,11664,32,4800,1183.69
112,192,5,2,55,3025,32,4800,302.307
112,192,5,4,28,784,32,4800,105.729
112,192,5,1,108,11664,64,4800,2355.59
112,192,5,2,55,3025,64,4800,589.771
112,192,5,4,28,784,64,4800,175.385
112,192,5,1,108,11664,92,4800,3143.89
112,192,5,2,55,3025,92,4800,791.585
112,192,5,4,28,784,92,4800,227.034
112,192,5,1,108,11664,128,4800,4100.04
112,192,5,2,55,3025,128,4800,1024.56
112,192,5,4,28,784,128,4800,286.436
112,192,5,1,108,11664,192,4800,5602.61
112,192,5,2,55,3025,192,4800,1412.34
112,192,5,4,28,784,192,4800,382.678
112,192,5,1,108,11664,256,4800,7455.74
112,192,5,2,55,3025,256,4800,1869.61
112,192,5,4,28,784,256,4800,499.589
112,192,7,1,106,11236,32,9408,2709.51
112,192,7,2,54,2916,32,9408,746.434
112,192,7,4,28,784,32,9408,217.064
112,192,7,1,106,11236,64,9408,4551.33
112,192,7,2,54,2916,64,9408,1206.71
112,192,7,4,28,784,64,9408,337.964
112,192,7,1,106,11236,92,9408,5665.84
112,192,7,2,54,2916,92,9408,1493.3
112,192,7,4,28,784,92,9408,411.372
112,192,7,1,106,11236,128,9408,7359.06
112,192,7,2,54,2916,128,9408,1929.82
112,192,7,4,28,784,128,9408,526.242
112,192,7,1,106,11236,192,9408,10211.8
112,192,7,2,54,2916,192,9408,2633.23
112,192,7,4,28,784,192,9408,713.074
112,192,7,1,106,11236,256,9408,13649.5
112,192,7,2,54,2916,256,9408,3503.46
112,192,7,4,28,784,256,9408,929.741
112,192,11,1,102,10404,32,23232,6219.57
112,192,11,2,52,2704,32,23232,1674.03
112,192,11,4,27,729,32,23232,496.317
112,192,11,1,102,10404,64,23232,9963.2
112,192,11,2,52,2704,64,23232,2635.57
112,192,11,4,27,729,64,23232,741.713
112,192,11,1,102,10404,92,23232,12623
112,192,11,2,52,2704,92,23232,3289.34
112,192,11,4,27,729,92,23232,916.216
112,192,11,1,102,10404,128,23232,16477.1
112,192,11,2,52,2704,128,23232,4247.75
112,192,11,4,27,729,128,23232,1166.18
112,192,11,1,102,10404,192,23232,22998.1
112,192,11,2,52,2704,192,23232,5895.84
112,192,11,4,27,729,192,23232,1589.75
112,192,11,1,102,10404,256,23232,30710.7
112,192,11,2,52,2704,256,23232,7829.04
112,192,11,4,27,729,256,23232,2100.35
112,256,1,1,112,12544,32,256,163.679
112,256,1,2,57,3249,32,256,63.9601
112,256,1,4,29,841,32,256,23.0051
112,256,1,1,112,12544,64,256,207.808
112,256,1,2,57,3249,64,256,72.4398
112,256,1,4,29,841,64,256,32.4136
112,256,1,1,112,12544,92,256,240.795
112,256,1,2,57,3249,92,256,77.2315
112,256,1,4,29,841,92,256,27.5869
112,256,1,1,112,12544,128,256,280.586
112,256,1,2,57,3249,128,256,88.1044
112,256,1,4,29,841,128,256,38.2639
112,256,1,1,112,12544,192,256,350.651
112,256,1,2,57,3249,192,256,103.343
112,256,1,4,29,841,192,256,42.1272
112,256,1,1,112,12544,256,256,433.794
112,256,1,2,57,3249,256,256,123.527
112,256,1,4,29,841,256,256,44.3572
112,256,3,1,110,12100,32,2304,553.953
112,256,3,2,56,3136,32,2304,194.707
112,256,3,4,29,841,32,2304,81.4966
112,256,3,1,110,12100,64,2304,650.581
112,256,3,2,56,3136,64,2304,244.763
112,256,3,4,29,841,64,2304,101.972
112,256,3,1,110,12100,92,2304,764.485
112,256,3,2,56,3136,92,2304,289.152
112,256,3,4,29,841,92,2304,111.761
112,256,3,1,110,12100,128,2304,872.03
112,256,3,2,56,3136,128,2304,433.814
112,256,3,4,29,841,128,2304,145.58
112,256,3,1,110,12100,192,2304,1077.94
112,256,3,2,56,3136,192,2304,733.921
112,256,3,4,29,841,192,2304,219.141
112,256,3,1,110,12100,256,2304,1409.1
112,256,3,2,56,3136,256,2304,971.133
112,256,3,4,29,841,256,2304,285.134
112,256,5,1,108,11664,32,6400,1760.49
112,256,5,2,55,3025,32,6400,491.705
112,256,5,4,28,784,32,6400,152.16
112,256,5,1,108,11664,64,6400,3435.7
112,256,5,2,55,3025,64,6400,905.69
112,256,5,4,28,784,64,6400,254.07
112,256,5,1,108,11664,92,6400,4265.65
112,256,5,2,55,3025,92,6400,1104.85
112,256,5,4,28,784,92,6400,307.243
112,256,5,1,108,11664,128,6400,5532.38
112,256,5,2,55,3025,128,6400,1408.9
112,256,5,4,28,784,128,6400,385.096
112,256,5,1,108,11664,192,6400,7549.29
112,256,5,2,55,3025,192,6400,1933.61
112,256,5,4,28,784,192,6400,513.661
112,256,5,1,108,11664,256,6400,9926.81
112,256,5,2,55,3025,256,6400,2534.04
112,256,5,4,28,784,256,6400,662.484
112,256,7,1,106,11236,32,12544,3799.48
112,256,7,2,54,2916,32,12544,1054.98
112,256,7,4,28,784,32,12544,327.278
112,256,7,1,106,11236,64,12544,6055.1
112,256,7,2,54,2916,64,12544,1618.21
112,256,7,4,28,784,64,12544,472.983
112,256,7,1,106,11236,92,12544,7604.69
112,256,7,2,54,2916,92,12544,2007.35
112,256,7,4,28,784,92,12544,571.164
112,256,7,1,106,11236,128,12544,9785.07
112,256,7,2,54,2916,128,12544,2569.21
112,256,7,4,28,784,128,12544,717.871
112,256,7,1,106,11236,192,12544,13570.9
112,256,7,2,54,2916,192,12544,3505.38
112,256,7,4,28,784,192,12544,967.64
112,256,7,1,106,11236,256,12544,18086.8
112,256,7,2,54,2916,256,12544,4633.42
112,256,7,4,28,784,256,12544,1261.5
112,256,11,1,102,10404,32,30976,8372.27
112,256,11,2,52,2704,32,30976,2291.78
112,256,11,4,27,729,32,30976,684.614
112,256,11,1,102,10404,64,30976,13465.6
112,256,11,2,52,2704,64,30976,3558.74
112,256,11,4,27,729,64,30976,1017.37
112,256,11,1,102,10404,92,30976,16852.2
112,256,11,2,52,2704,92,30976,4420.21
112,256,11,4,27,729,92,30976,1238.33
112,256,11,1,102,10404,128,30976,22023.1
112,256,11,2,52,2704,128,30976,5714.44
112,256,11,4,27,729,128,30976,1579.1
112,256,11,1,102,10404,192,30976,30690
112,256,11,2,52,2704,192,30976,7902.55
112,256,11,4,27,729,192,30976,2145.21
112,256,11,1,102,10404,256,30976,41144.2
112,256,11,4,27,729,256,30976,2827.47
224,32,1,1,224,50176,32,32,154.608
224,32,1,2,113,12769,32,32,46.759
224,32,1,4,57,3249,32,32,18.3049
224,32,1,1,224,50176,64,32,242.5
224,32,1,2,113,12769,64,32,70.4998
224,32,1,4,57,3249,64,32,25.3477
224,32,1,1,224,50176,92,32,325.694
224,32,1,2,113,12769,92,32,95.8739
224,32,1,4,57,3249,92,32,21.5037
224,32,1,1,224,50176,128,32,414.059
224,32,1,2,113,12769,128,32,112.403
224,32,1,4,57,3249,128,32,31.3017
224,32,1,1,224,50176,192,32,585.994
224,32,1,2,113,12769,192,32,156.302
224,32,1,4,57,3249,192,32,41.5492
224,32,1,1,224,50176,256,32,742.815
224,32,1,2,113,12769,256,32,195.573
224,32,1,4,57,3249,256,32,47.5151
224,32,3,1,222,49284,32,288,353.208
224,32,3,2,112,12544,32,288,118.588
224,32,3,4,57,3249,32,288,42.2437
224,32,3,1,222,49284,64,288,605.87
224,32,3,2,112,12544,64,288,151.676
224,32,3,4,57,3249,64,288,55.8031
224,32,3,1,222,49284,92,288,679.877
224,32,3,2,112,12544,92,288,175.51
224,32,3,4,57,3249,92,288,61.5748
224,32,3,1,222,49284,128,288,1124.88
224,32,3,2,112,12544,128,288,208.807
224,32,3,4,57,3249,128,288,69.894
224,32,3,1,222,49284,192,288,1481.85
224,32,3,2,112,12544,192,288,265.893
224,32,3,4,57,3249,192,288,94.4779
224,32,3,1,222,49284,256,288,3286.98
224,32,3,2,112,12544,256,288,332.859
224,32,3,4,57,3249,256,288,111.34
224,32,5,1,220,48400,32,800,784.359
224,32,5,2,111,12321,32,800,222.109
224,32,5,4,56,3136,32,800,84.3385
224,32,5,1,220,48400,64,800,1086.6
224,32,5,2,111,12321,64,800,298.396
224,32,5,4,56,3136,64,800,101.176
224,32,5,1,220,48400,92,800,1299.36
224,32,5,2,111,12321,92,800,350.04
224,32,5,4,56,3136,92,800,115.467
224,32,5,1,220,48400,128,800,1607.53
224,32,5,2,111,12321,128,800,427.813
224,32,5,4,56,3136,128,800,130.746
224,32,5,1,220,48400,192,800,2227.41
224,32,5,2,111,12321,192,800,587.453
224,32,5,4,56,3136,192,800,162.354
224,32,5,1,220,48400,256,800,2840.43
224,32,5,2,111,12321,256,800,743.178
224,32,5,4,56,3136,256,800,208.066
224,32,7,1,218,47524,32,1568,1309.29
224,32,7,2,110,12100,32,1568,342.771
224,32,7,4,56,3136,32,1568,116.668
224,32,7,1,218,47524,64,1568,1873
224,32,7,2,110,12100,64,1568,483.063
224,32,7,4,56,3136,64,1568,147.413
224,32,7,1,218,47524,92,1568,2271.82
224,32,7,2,110,12100,92,1568,577.459
224,32,7,4,56,3136,92,1568,172.062
224,32,7,1,218,47524,128,1568,2865.66
224,32,7,2,110,12100,128,1568,739.953
224,32,7,4,56,3136,128,1568,211.936
224,32,7,1,218,47524,192,1568,5227.13
224,32,7,2,110,12100,192,1568,1315.06
224,32,7,4,56,3136,192,1568,361.134
224,32,7,1,218,47524,256,1568,9301.21
224,32,7,2,110,12100,256,1568,2341.1
224,32,7,4,56,3136,256,1568,622.252
224,32,11,1,214,45796,32,3872,3113.42
224,32,11,2,108,11664,32,3872,856.176
224,32,11,4,55,3025,32,3872,216.998
224,32,11,1,214,45796,64,3872,5463.67
224,32,11,2,108,11664,64,3872,1447.1
224,32,11,4,55,3025,64,3872,381.025
224,32,11,1,214,45796,92,3872,8809.93
224,32,11,2,108,11664,92,3872,2275.08
224,32,11,4,55,3025,92,3872,564.412
224,32,11,1,214,45796,128,3872,12349.3
224,32,11,2,108,11664,128,3872,3157.49
224,32,11,4,55,3025,128,3872,803.258
224,32,11,1,214,45796,192,3872,17306.4
224,32,11,2,108,11664,192,3872,4417.31
224,32,11,4,55,3025,192,3872,1120.34
224,32,11,1,214,45796,256,3872,23081
224,32,11,2,108,11664,256,3872,5855.55
224,32,11,4,55,3025,256,3872,1486.13
224,64,1,1,224,50176,32,64,234.834
224,64,1,2,113,12769,32,64,75.4975
224,64,1,4,57,3249,32,64,33.7983
224,64,1,1,224,50176,64,64,338.977
224,64,1,2,113,12769,64,64,107.312
224,64,1,4,57,3249,64,64,41.0848
224,64,1,1,224,50176,92,64,454.429
224,64,1,2,113,12769,92,64,138.381
224,64,1,4,57,3249,92,64,45.0374
224,64,1,1,224,50176,128,64,548.727
224,64,1,2,113,12769,128,64,156.992
224,64,1,4,57,3249,128,64,47.5036
224,64,1,1,224,50176,192,64,757.297
224,64,1,2,113,12769,192,64,209.747
224,64,1,4,57,3249,192,64,63.7956
224,64,1,1,224,50176,256,64,955.947
224,64,1,2,113,12769,256,64,257.591
224,64,1,4,57,3249,256,64,68.2559
224,64,3,1,222,49284,32,576,551.455
224,64,3,2,112,12544,32,576,227.072
224,64,3,4,57,3249,32,576,92.1364
224,64,3,1,222,49284,64,576,841.752
224,64,3,2,112,12544,64,576,281.739
224,64,3,4,57,3249,64,576,96.8425
224,64,3,1,222,49284,92,576,960.635
224,64,3,2,112,12544,92,576,322.472
224,64,3,4,57,3249,92,576,114.159
224,64,3,1,222,49284,128,576,1471.45
224,64,3,2,112,12544,128,576,379.968
224,64,3,4,57,3249,128,576,130.283
224,64,3,1,222,49284,192,576,1871.59
224,64,3,2,112,12544,192,576,483.719
224,64,3,4,57,3249,192,576,159.017
224,64,3,1,222,49284,256,576,3745.56
224,64,3,2,112,12544,256,576,604.163
224,64,3,4,57,3249,256,576,191.151
224,64,5,1,220,48400,32,1600,1541.48
224,64,5,2,111,12321,32,1600,427.119
224,64,5,4,56,3136,32,1600,158.777
224,64,5,1,220,48400,64,1600,2117.49
224,64,5,2,111,12321,64,1600,572.041
224,64,5,4,56,3136,64,1600,192.655
224,64,5,1,220,48400,92,1600,2514.24
224,64,5,2,111,12321,92,1600,675.624
224,64,5,4,56,3136,92,1600,219.084
224,64,5,1,220,48400,128,1600,3162.09
224,64,5,2,111,12321,128,1600,866.188
224,64,5,4,56,3136,128,1600,260.296
224,64,5,1,220,48400,192,1600,5761.91
224,64,5,2,111,12321,192,1600,1483.73
224,64,5,4,56,3136,192,1600,423.189
224,64,5,1,220,48400,256,1600,10013.7
224,64,5,2,111,12321,256,1600,2540.31
224,64,5,4,56,3136,256,1600,685.97
224,64,7,1,218,47524,32,3136,2867.2
224,64,7,2,110,12100,32,3136,765.085
224,64,7,4,56,3136,32,3136,224.343
224,64,7,1,218,47524,64,3136,4201.47
224,64,7,2,110,12100,64,3136,1099.64
224,64,7,4,56,3136,64,3136,311.707
224,64,7,1,218,47524,92,3136,6321.28
224,64,7,2,110,12100,92,3136,1623.47
224,64,7,4,56,3136,92,3136,447.544
224,64,7,1,218,47524,128,3136,10257.2
224,64,7,2,110,12100,128,3136,2613.65
224,64,7,4,56,3136,128,3136,697.174
224,64,7,1,218,47524,192,3136,14680.7
224,64,7,2,110,12100,192,3136,3721.34
224,64,7,4,56,3136,192,3136,978.547
224,64,7,1,218,47524,256,3136,19691
224,64,7,2,110,12100,256,3136,4924.71
224,64,7,4,56,3136,256,3136,1298.46
224,64,11,1,214,45796,32,7744,7977.08
224,64,11,2,108,11664,32,7744,2125.58
224,64,11,4,55,3025,32,7744,637.363
224,64,11,1,214,45796,64,7744,15007.4
224,64,11,2,108,11664,64,7744,3930
224,64,11,4,55,3025,64,7744,1093.03
224,64,11,1,214,45796,92,7744,18937
224,64,11,2,108,11664,92,7744,4923.44
224,64,11,4,55,3025,92,7744,1335.72
224,64,11,1,214,45796,128,7744,24650
224,64,11,2,108,11664,128,7744,6347.81
224,64,11,4,55,3025,128,7744,1707.32
224,64,11,1,214,45796,192,7744,34028
224,64,11,2,108,11664,192,7744,8729.91
224,64,11,4,55,3025,192,7744,2323.69
224,64,11,1,214,45796,256,7744,45171.2
224,64,11,2,108,11664,256,7744,11605.2
224,64,11,4,55,3025,256,7744,3048.4
224,92,1,1,224,50176,32,92,355.784
224,92,1,2,113,12769,32,92,104.016
224,92,1,4,57,3249,32,92,46.9437
224,92,1,1,224,50176,64,92,469.04
224,92,1,2,113,12769,64,92,139.581
224,92,1,4,57,3249,64,92,47.598
224,92,1,1,224,50176,92,92,592.937
224,92,1,2,113,12769,92,92,175.976
224,92,1,4,57,3249,92,92,57.3885
224,92,1,1,224,50176,128,92,703.334
224,92,1,2,113,12769,128,92,202.299
224,92,1,4,57,3249,128,92,67.2996
224,92,1,1,224,50176,192,92,944.862
224,92,1,2,113,12769,192,92,255.987
224,92,1,4,57,3249,192,92,78.5655
224,92,1,1,224,50176,256,92,1170.1
224,92,1,2,113,12769,256,92,314.775
224,92,1,4,57,3249,256,92,92.4485
224,92,3,1,222,49284,32,828,857.216
224,92,3,2,112,12544,32,828,325.508
224,92,3,4,57,3249,32,828,131.54
224,92,3,1,222,49284,64,828,1171.28
224,92,3,2,112,12544,64,828,403.132
224,92,3,4,57,3249,64,828,148.96
224,92,3,1,222,49284,92,828,1335.84
224,92,3,2,112,12544,92,828,459.555
224,92,3,4,57,3249,92,828,163.339
224,92,3,1,222,49284,128,828,1851.81
224,92,3,2,112,12544,128,828,545.835
224,92,3,4,57,3249,128,828,183.295
224,92,3,1,222,49284,192,828,2364.97
224,92,3,2,112,12544,192,828,675.682
224,92,3,4,57,3249,192,828,222.581
224,92,3,1,222,49284,256,828,4279.69
224,92,3,2,112,12544,256,828,948.64
224,92,3,4,57,3249,256,828,278.563
224,92,5,1,220,48400,32,2300,2521.44
224,92,5,2,111,12321,32,2300,625.294
224,92,5,4,56,3136,32,2300,230.882
224,92,5,1,220,48400,64,2300,3350.96
224,92,5,2,111,12321,64,2300,834.089
224,92,5,4,56,3136,64,2300,283.628
224,92,5,1,220,48400,92,2300,4055.12
224,92,5,2,111,12321,92,2300,1097.73
224,92,5,4,56,3136,92,2300,339.58
224,92,5,1,220,48400,128,2300,6345.98
224,92,5,2,111,12321,128,2300,1581.98
224,92,5,4,56,3136,128,2300,473.282
224,92,5,1,220,48400,192,2300,11234.2
224,92,5,2,111,12321,192,2300,2782.39
224,92,5,4,56,3136,192,2300,777.011
224,92,5,1,220,48400,256,2300,15116.4
224,92,5,2,111,12321,256,2300,3779.66
224,92,5,4,56,3136,256,2300,1018.31
224,92,7,1,218,47524,32,4508,4134.37
224,92,7,2,110,12100,32,4508,1222.36
224,92,7,4,56,3136,32,4508,382.129
224,92,7,1,218,47524,64,4508,8251.73
224,92,7,2,110,12100,64,4508,2235.98
224,92,7,4,56,3136,64,4508,638.175
224,92,7,1,218,47524,92,4508,11627.1
224,92,7,2,110,12100,92,4508,3087.85
224,92,7,4,56,3136,92,4508,850.935
224,92,7,1,218,47524,128,4508,15319.9
224,92,7,2,110,12100,128,4508,3988.95
224,92,7,4,56,3136,128,4508,1087.73
224,92,7,1,218,47524,192,4508,21337.2
224,92,7,2,110,12100,192,4508,5505.75
224,92,7,4,56,3136,192,4508,1453.64
224,92,7,1,218,47524,256,4508,28227.1
224,92,7,2,110,12100,256,4508,7180.36
224,92,7,4,56,3136,256,4508,1911.4
224,92,11,1,214,45796,32,11132,13251
224,92,11,2,108,11664,32,11132,3610.78
224,92,11,4,55,3025,32,11132,1055.14
224,92,11,1,214,45796,64,11132,21544.9
224,92,11,2,108,11664,64,11132,5728.71
224,92,11,4,55,3025,64,11132,1589.95
224,92,11,1,214,45796,92,11132,26871
224,92,11,2,108,11664,92,11132,7079.6
224,92,11,4,55,3025,92,11132,1938.24
224,92,11,1,214,45796,128,11132,35013.6
224,92,11,2,108,11664,128,11132,9150.88
224,92,11,4,55,3025,128,11132,2448.33
224,92,11,1,214,45796,192,11132,48260.3
224,92,11,2,108,11664,192,11132,12524.8
224,92,11,4,55,3025,192,11132,3323.49
224,92,11,1,214,45796,256,11132,64118.8
224,92,11,2,108,11664,256,11132,16641.5
224,92,11,4,55,3025,256,11132,4366.71
224,128,1,1,224,50176,32,128,394.755
224,128,1,2,113,12769,32,128,159.673
224,128,1,4,57,3249,32,128,52.5301
224,128,1,1,224,50176,64,128,540.363
224,128,1,2,113,12769,64,128,209.778
224,128,1,4,57,3249,64,128,75.7689
224,128,1,1,224,50176,92,128,685.674
224,128,1,2,113,12769,92,128,246.195
224,128,1,4,57,3249,92,128,76.886
224,128,1,1,224,50176,128,128,808.719
224,128,1,2,113,12769,128,128,277.667
224,128,1,4,57,3249,128,128,89.0651
224,128,1,1,224,50176,192,128,1086.28
224,128,1,2,113,12769,192,128,342.954
224,128,1,4,57,3249,192,128,101.237
224,128,1,1,224,50176,256,128,1362.05
224,128,1,2,113,12769,256,128,409.808
224,128,1,4,57,3249,256,128,115.77
224,128,3,1,222,49284,32,1152,1283.12
224,128,3,2,112,12544,32,1152,444.147
224,128,3,4,57,3249,32,1152,203.983
224,128,3,1,222,49284,64,1152,1644.36
224,128,3,2,112,12544,64,1152,548.922
224,128,3,4,57,3249,64,1152,229.927
224,128,3,1,222,49284,92,1152,1814.97
224,128,3,2,112,12544,92,1152,626.203
224,128,3,4,57,3249,92,1152,251.668
224,128,3,1,222,49284,128,1152,2419.1
224,128,3,2,112,12544,128,1152,751.41
224,128,3,4,57,3249,128,1152,280.089
224,128,3,1,222,49284,192,1152,2945.46
224,128,3,2,112,12544,192,1152,947.824
224,128,3,4,57,3249,192,1152,339.148
224,128,3,1,222,49284,256,1152,4978.77
224,128,3,2,112,12544,256,1152,1544.69
224,128,3,4,57,3249,256,1152,489.088
224,128,5,1,220,48400,32,3200,3562.15
224,128,5,2,111,12321,32,3200,999.187
224,128,5,4,56,3136,32,3200,344.751
224,128,5,1,220,48400,64,3200,4982.55
224,128,5,2,111,12321,64,3200,1370.43
224,128,5,4,56,3136,64,3200,442.613
224,128,5,1,220,48400,92,3200,7282.14
224,128,5,2,111,12321,92,3200,1929.19
224,128,5,4,56,3136,92,3200,579.91
224,128,5,1,220,48400,128,3200,11305.1
224,128,5,2,111,12321,128,3200,2954.79
224,128,5,4,56,3136,128,3200,831.785
224,128,5,1,220,48400,192,3200,15932.2
224,128,5,2,111,12321,192,3200,4082.07
224,128,5,4,56,3136,192,3200,1114.89
224,128,5,1,220,48400,256,3200,20881
224,128,5,2,111,12321,256,3200,5345.28
224,128,5,4,56,3136,256,3200,1442.02
224,128,7,1,218,47524,32,6272,6567.17
224,128,7,2,110,12100,32,6272,1833.43
224,128,7,4,56,3136,32,6272,603.955
224,128,7,1,218,47524,64,6272,13154.2
224,128,7,2,110,12100,64,6272,3537.13
224,128,7,4,56,3136,64,6272,1030.62
224,128,7,1,218,47524,92,6272,16507.5
224,128,7,2,110,12100,92,6272,4378.01
224,128,7,4,56,3136,92,6272,1246.54
224,128,7,1,218,47524,128,6272,21249.5
224,128,7,2,110,12100,128,6272,5624.78
224,128,7,4,56,3136,128,6272,1564.56
224,128,7,1,218,47524,192,6272,29287.3
224,128,7,2,110,12100,192,6272,7583.74
224,128,7,4,56,3136,192,6272,2079.17
224,128,7,1,218,47524,256,6272,38888
224,128,7,2,110,12100,256,6272,10039.9
224,128,7,4,56,3136,256,6272,2690.51
224,128,11,1,214,45796,32,15488,18971.8
224,128,11,2,108,11664,32,15488,5197.13
224,128,11,4,55,3025,32,15488,1547.29
224,128,11,1,214,45796,64,15488,30131.6
224,128,11,2,108,11664,64,15488,8041.79
224,128,11,4,55,3025,64,15488,2271.19
224,128,11,1,214,45796,92,15488,37855
224,128,11,2,108,11664,92,15488,9925.62
224,128,11,4,55,3025,92,15488,2747.56
224,128,11,1,214,45796,128,15488,49031.9
224,128,11,2,108,11664,128,15488,12867.8
224,128,11,4,55,3025,128,15488,3479.96
224,128,11,1,214,45796,192,15488,67595.5
224,128,11,2,108,11664,192,15488,17523.9
224,128,11,4,55,3025,192,15488,4687.41
224,128,11,1,214,45796,256,15488,90016.5
224,128,11,2,108,11664,256,15488,23236.4
224,128,11,4,55,3025,256,15488,6158.37
224,192,1,1,224,50176,32,192,659.25
224,192,1,2,113,12769,32,192,208.813
224,192,1,4,57,3249,32,192,88.0793
224,192,1,1,224,50176,64,192,842.378
224,192,1,2,113,12769,64,192,259.007
224,192,1,4,57,3249,64,192,101.998
224,192,1,1,224,50176,92,192,1027.48
224,192,1,2,113,12769,92,192,307.189
224,192,1,4,57,3249,92,192,111.428
224,192,1,1,224,50176,128,192,1172.55
224,192,1,2,113,12769,128,192,344.769
224,192,1,4,57,3249,128,192,114.388
224,192,1,1,224,50176,192,192,1534.04
224,192,1,2,113,12769,192,192,431.083
224,192,1,4,57,3249,192,192,137.173
224,192,1,1,224,50176,256,192,1873.2
224,192,1,2,113,12769,256,192,513.213
224,192,1,4,57,3249,256,192,158.831
224,192,3,1,222,49284,32,1728,1660.03
224,192,3,2,112,12544,32,1728,778.699
224,192,3,4,57,3249,32,1728,276.952
224,192,3,1,222,49284,64,1728,2089.91
224,192,3,2,112,12544,64,1728,940.584
224,192,3,4,57,3249,64,1728,315.791
224,192,3,1,222,49284,92,1728,2369.96
224,192,3,2,112,12544,92,1728,1088.9
224,192,3,4,57,3249,92,1728,346.411
224,192,3,1,222,49284,128,1728,2990.32
224,192,3,2,112,12544,128,1728,1323.51
224,192,3,4,57,3249,128,1728,412.101
224,192,3,1,222,49284,192,1728,3697.72
224,192,3,2,112,12544,192,1728,2105.06
224,192,3,4,57,3249,192,1728,617.403
224,192,3,1,222,49284,256,1728,5847.73
224,192,3,2,112,12544,256,1728,3157.75
224,192,3,4,57,3249,256,1728,891.472
224,192,5,1,220,48400,32,4800,5525.43
224,192,5,2,111,12321,32,4800,1740.32
224,192,5,4,56,3136,32,4800,555.459
224,192,5,1,220,48400,64,4800,10405.2
224,192,5,2,111,12321,64,4800,2928.18
224,192,5,4,56,3136,64,4800,852.008
224,192,5,1,220,48400,92,4800,13734.8
224,192,5,2,111,12321,92,4800,3761.05
224,192,5,4,56,3136,92,4800,1057.85
224,192,5,1,220,48400,128,4800,17673.8
224,192,5,2,111,12321,128,4800,4739.36
224,192,5,4,56,3136,128,4800,1303.67
224,192,5,1,220,48400,192,4800,23971.1
224,192,5,2,111,12321,192,4800,6363.02
224,192,5,4,56,3136,192,4800,1696.96
224,192,5,1,220,48400,256,4800,31566.1
224,192,5,2,111,12321,256,4800,8227.09
224,192,5,4,56,3136,256,4800,2181.53
224,192,7,1,218,47524,32,9408,12540.9
224,192,7,2,110,12100,32,9408,3621.96
224,192,7,4,56,3136,32,9408,1124.68
224,192,7,1,218,47524,64,9408,20040.8
224,192,7,2,110,12100,64,9408,5563.35
224,192,7,4,56,3136,64,9408,1621.27
224,192,7,1,218,47524,92,9408,24867.7
224,192,7,2,110,12100,92,9408,6744.19
224,192,7,4,56,3136,92,9408,1920.72
224,192,7,1,218,47524,128,9408,32147.9
224,192,7,2,110,12100,128,9408,8514.74
224,192,7,4,56,3136,128,9408,2388.63
224,192,7,1,218,47524,192,9408,43950.7
224,192,7,2,110,12100,192,9408,11540.7
224,192,7,4,56,3136,192,9408,3152.4
224,192,7,1,218,47524,256,9408,58176.7
224,192,7,2,110,12100,256,9408,15181.4
224,192,7,4,56,3136,256,9408,4085.36
224,192,11,1,214,45796,32,23232,28911.2
224,192,11,2,108,11664,32,23232,8086.66
224,192,11,4,55,3025,32,23232,2452.62
224,192,11,1,214,45796,64,23232,45580.6
224,192,11,2,108,11664,64,23232,12313.8
224,192,11,4,55,3025,64,23232,3508.72
224,192,11,1,214,45796,92,23232,56858.1
224,192,11,2,108,11664,92,23232,15155.6
224,192,11,4,55,3025,92,23232,4226.77
224,192,11,1,214,45796,128,23232,73513.8
224,192,11,2,108,11664,128,23232,19362.7
224,192,11,4,55,3025,128,23232,5347.72
224,192,11,1,214,45796,192,23232,101793
224,192,11,2,108,11664,192,23232,26604
224,192,11,4,55,3025,192,23232,7180.44
224,192,11,1,214,45796,256,23232,137087
224,192,11,2,108,11664,256,23232,35113.6
224,192,11,4,55,3025,256,23232,9347.41
224,256,1,1,224,50176,32,256,1017
224,256,1,2,113,12769,32,256,385.289
224,256,1,4,57,3249,32,256,147.166
224,256,1,1,224,50176,64,256,1196.98
224,256,1,2,113,12769,64,256,420.381
224,256,1,4,57,3249,64,256,154.304
224,256,1,1,224,50176,92,256,1285.32
224,256,1,2,113,12769,92,256,457.962
224,256,1,4,57,3249,92,256,159.924
224,256,1,1,224,50176,128,256,1479.14
224,256,1,2,113,12769,128,256,502.533
224,256,1,4,57,3249,128,256,168.297
224,256,1,1,224,50176,192,256,1793.49
224,256,1,2,113,12769,192,256,573.646
224,256,1,4,57,3249,192,256,186.54
224,256,1,1,224,50176,256,256,2030.88
224,256,1,2,113,12769,256,256,652.197
224,256,1,4,57,3249,256,256,206.635
224,256,3,1,222,49284,32,2304,3265.1
224,256,3,2,112,12544,32,2304,1415.13
224,256,3,4,57,3249,32,2304,475.572
224,256,3,1,222,49284,64,2304,3787.08
224,256,3,2,112,12544,64,2304,1614.49
224,256,3,4,57,3249,64,2304,528.92
224,256,3,1,222,49284,92,2304,4144.77
224,256,3,2,112,12544,92,2304,1831.06
224,256,3,4,57,3249,92,2304,576.728
224,256,3,1,222,49284,128,2304,4862.56
224,256,3,2,112,12544,128,2304,2392.25
224,256,3,4,57,3249,128,2304,736.623
224,256,3,1,222,49284,192,2304,5677.08
224,256,3,2,112,12544,192,2304,3560.7
224,256,3,4,57,3249,192,2304,1019.54
224,256,3,1,222,49284,256,2304,8043.29
224,256,3,2,112,12544,256,2304,4589.92
224,256,3,4,57,3249,256,2304,1293.19
224,256,5,1,220,48400,32,6400,10721.3
224,256,5,2,111,12321,32,6400,3246.12
224,256,5,4,56,3136,32,6400,1031.95
224,256,5,1,220,48400,64,6400,17424.5
224,256,5,2,111,12321,64,6400,4893.8
224,256,5,4,56,3136,64,6400,1442.03
224,256,5,1,220,48400,92,6400,20848.7
224,256,5,2,111,12321,92,6400,5751.32
224,256,5,4,56,3136,92,6400,1669.89
224,256,5,1,220,48400,128,6400,26086.3
224,256,5,2,111,12321,128,6400,7047.51
224,256,5,4,56,3136,128,6400,1955.42
224,256,5,1,220,48400,192,6400,34348.2
224,256,5,2,111,12321,192,6400,9160.32
224,256,5,4,56,3136,192,6400,2513.44
224,256,5,1,220,48400,256,6400,44499.5
224,256,5,2,111,12321,256,6400,11693.2
224,256,5,4,56,3136,256,6400,3134.76
224,256,7,1,218,47524,32,12544,23215
224,256,7,2,110,12100,32,12544,6514.02
224,256,7,4,56,3136,32,12544,1905.59
224,256,7,1,218,47524,64,12544,32662.5
224,256,7,2,110,12100,64,12544,8979.59
224,256,7,4,56,3136,64,12544,2567.22
224,256,7,1,218,47524,92,12544,39410
224,256,7,2,110,12100,92,12544,10531.1
224,256,7,4,56,3136,92,12544,2959.29
224,256,7,1,218,47524,128,12544,48492.4
224,256,7,2,110,12100,128,12544,12948.2
224,256,7,4,56,3136,128,12544,3526.37
224,256,7,1,218,47524,192,12544,64194.8
224,256,7,2,110,12100,192,12544,16907.2
224,256,7,4,56,3136,192,12544,4561.01
224,256,7,1,218,47524,256,12544,82628.5
224,256,7,2,110,12100,256,12544,21577.3
224,256,7,4,56,3136,256,12544,5813.29
224,256,11,2,108,11664,32,30976,14439.5
224,256,11,4,55,3025,32,30976,4127.91
224,256,11,2,108,11664,64,30976,20187.6
224,256,11,4,55,3025,64,30976,5559.87
224,256,11,2,108,11664,92,30976,23887.9
224,256,11,4,55,3025,92,30976,6541.78
224,256,11,2,108,11664,128,30976,29596.5
224,256,11,4,55,3025,128,30976,8000.84
224,256,11,2,108,11664,192,30976,39100.5
224,256,11,4,55,3025,192,30976,10362.7
224,256,11,2,108,11664,256,30976,50462.5
224,256,11,4,55,3025,256,30976,13312.6
