28,32,1,1,28,784,32,32,1.38084
28,32,1,2,15,225,32,32,0.5603
28,32,1,4,8,64,32,32,0.340162
28,32,1,1,28,784,64,32,1.08015
28,32,1,2,15,225,64,32,0.523785
28,32,1,4,8,64,64,32,0.211111
28,32,1,1,28,784,92,32,1.18148
28,32,1,2,15,225,92,32,0.648379
28,32,1,4,8,64,92,32,0.311689
28,32,1,1,28,784,128,32,1.58322
28,32,1,2,15,225,128,32,0.791145
28,32,1,4,8,64,128,32,0.354803
28,32,1,1,28,784,192,32,2.52725
28,32,1,2,15,225,192,32,0.916666
28,32,1,4,8,64,192,32,0.321585
28,32,1,1,28,784,256,32,6.66886
28,32,1,2,15,225,256,32,0.565161
28,32,1,4,8,64,256,32,0.280092
28,32,3,1,26,676,32,288,0.990103
28,32,3,2,14,196,32,288,0.546875
28,32,3,4,8,64,32,288,0.412152
28,32,3,1,26,676,64,288,3.15382
28,32,3,2,14,196,64,288,0.731539
28,32,3,4,8,64,64,288,0.569907
28,32,3,1,26,676,92,288,2.63368
28,32,3,2,14,196,92,288,1.09757
28,32,3,4,8,64,92,288,0.415972
28,32,3,1,26,676,128,288,6.20034
28,32,3,2,14,196,128,288,0.883216
28,32,3,4,8,64,128,288,0.965971
28,32,3,1,26,676,192,288,2.13744
28,32,3,2,14,196,192,288,1.69415
28,32,3,4,8,64,192,288,0.739062
28,32,3,1,26,676,256,288,3.20156
28,32,3,2,14,196,256,288,2.61146
28,32,3,4,8,64,256,288,1.38825
28,32,5,1,24,576,32,800,1.92072
28,32,5,2,13,169,32,800,0.528009
28,32,5,4,7,49,32,800,0.778645
28,32,5,1,24,576,64,800,4.76498
28,32,5,2,13,169,64,800,3.6728
28,32,5,4,7,49,64,800,0.603067
28,32,5,1,24,576,92,800,3.46938
28,32,5,2,13,169,92,800,2.63622
28,32,5,4,7,49,92,800,0.628298
28,32,5,1,24,576,128,800,5.3802
28,32,5,2,13,169,128,800,3.27268
28,32,5,4,7,49,128,800,3.02349
28,32,5,1,24,576,192,800,5.33026
28,32,5,2,13,169,192,800,4.37887
28,32,5,4,7,49,192,800,1.78403
28,32,5,1,24,576,256,800,6.40983
28,32,5,2,13,169,256,800,4.67546
28,32,5,4,7,49,256,800,5.04924
28,32,7,1,22,484,32,1568,2.97303
28,32,7,2,12,144,32,1568,1.98293
28,32,7,4,7,49,32,1568,1.23889
28,32,7,1,22,484,64,1568,4.37002
28,32,7,2,12,144,64,1568,1.96649
28,32,7,4,7,49,64,1568,0.422395
28,32,7,1,22,484,92,1568,4.98362
28,32,7,2,12,144,92,1568,2.16012
28,32,7,4,7,49,92,1568,1.49294
28,32,7,1,22,484,128,1568,6.24044
28,32,7,2,12,144,128,1568,4.13425
28,32,7,4,7,49,128,1568,5.27933
28,32,7,1,22,484,192,1568,8.278
28,32,7,2,12,144,192,1568,2.49218
28,32,7,4,7,49,192,1568,2.93536
28,32,7,1,22,484,256,1568,11.5939
28,32,7,2,12,144,256,1568,3.08188
28,32,7,4,7,49,256,1568,4.58773
28,32,11,1,18,324,32,3872,5.65231
28,32,11,2,10,100,32,3872,3.20654
28,32,11,4,6,36,32,3872,1.14705
28,32,11,1,18,324,64,3872,7.8997
28,32,11,2,10,100,64,3872,2.38941
28,32,11,4,6,36,64,3872,2.02893
28,32,11,1,18,324,92,3872,9.43344
28,32,11,2,10,100,92,3872,3.34085
28,32,11,4,6,36,92,3872,2.99733
28,32,11,1,18,324,128,3872,10.8781
28,32,11,2,10,100,128,3872,3.09189
28,32,11,4,6,36,128,3872,2.21962
28,32,11,1,18,324,192,3872,15.8333
28,32,11,2,10,100,192,3872,4.63252
28,32,11,4,6,36,192,3872,1.75
28,32,11,1,18,324,256,3872,19.6057
28,32,11,2,10,100,256,3872,5.08636
28,32,11,4,6,36,256,3872,4.4167
28,64,1,1,28,784,32,64,1.9959
28,64,1,2,15,225,32,64,0.7141
28,64,1,4,8,64,32,64,0.219999
28,64,1,1,28,784,64,64,1.39354
28,64,1,2,15,225,64,64,0.666651
28,64,1,4,8,64,64,64,0.317731
28,64,1,1,28,784,92,64,1.55128
28,64,1,2,15,225,92,64,1.23094
28,64,1,4,8,64,92,64,0.319409
28,64,1,1,28,784,128,64,2.51188
28,64,1,2,15,225,128,64,0.814552
28,64,1,4,8,64,128,64,0.372008
28,64,1,1,28,784,192,64,4.35751
28,64,1,2,15,225,192,64,0.870565
28,64,1,4,8,64,192,64,0.351293
28,64,1,1,28,784,256,64,2.29338
28,64,1,2,15,225,256,64,1.09045
28,64,1,4,8,64,256,64,0.668909
28,64,3,1,26,676,32,576,1.56129
28,64,3,2,14,196,32,576,1.75704
28,64,3,4,8,64,32,576,0.532639
28,64,3,1,26,676,64,576,6.6557
28,64,3,2,14,196,64,576,3.73866
28,64,3,4,8,64,64,576,1.62384
28,64,3,1,26,676,92,576,2.95396
28,64,3,2,14,196,92,576,2.51807
28,64,3,4,8,64,92,576,0.793317
28,64,3,1,26,676,128,576,2.4778
28,64,3,2,14,196,128,576,3.33621
28,64,3,4,8,64,128,576,1.00967
28,64,3,1,26,676,192,576,3.61524
28,64,3,2,14,196,192,576,2.26521
28,64,3,4,8,64,192,576,1.82237
28,64,3,1,26,676,256,576,3.43505
28,64,3,2,14,196,256,576,5.38079
28,64,3,4,8,64,256,576,1.05527
28,64,5,1,24,576,32,1600,3.71737
28,64,5,2,13,169,32,1600,1.68524
28,64,5,4,7,49,32,1600,1.02229
28,64,5,1,24,576,64,1600,4.531
28,64,5,2,13,169,64,1600,2.44089
28,64,5,4,7,49,64,1600,0.931325
28,64,5,1,24,576,92,1600,5.40915
28,64,5,2,13,169,92,1600,6.167
28,64,5,4,7,49,92,1600,0.998563
28,64,5,1,24,576,128,1600,7.14919
28,64,5,2,13,169,128,1600,2.04359
28,64,5,4,7,49,128,1600,2.08936
28,64,5,1,24,576,192,1600,9.02353
28,64,5,2,13,169,192,1600,2.56981
28,64,5,4,7,49,192,1600,3.36799
28,64,5,1,24,576,256,1600,12.8656
28,64,5,2,13,169,256,1600,4.08314
28,64,5,4,7,49,256,1600,4.25309
28,64,7,1,22,484,32,3136,6.02189
28,64,7,2,12,144,32,3136,2.2235
28,64,7,4,7,49,32,3136,2.03428
28,64,7,1,22,484,64,3136,8.47031
28,64,7,2,12,144,64,3136,2.68873
28,64,7,4,7,49,64,3136,3.32483
28,64,7,1,22,484,92,3136,9.90079
28,64,7,2,12,144,92,3136,4.37027
28,64,7,4,7,49,92,3136,3.10102
28,64,7,1,22,484,128,3136,13.3845
28,64,7,2,12,144,128,3136,3.76588
28,64,7,4,7,49,128,3136,2.12502
28,64,7,1,22,484,192,3136,17.8393
28,64,7,2,12,144,192,3136,4.97682
28,64,7,4,7,49,192,3136,3.73615
28,64,7,1,22,484,256,3136,22.2657
28,64,7,2,12,144,256,3136,5.38859
28,64,7,4,7,49,256,3136,3.32369
28,64,11,1,18,324,32,7744,12.0005
28,64,11,2,10,100,32,7744,3.85836
28,64,11,4,6,36,32,7744,2.22021
28,64,11,1,18,324,64,7744,16.4842
28,64,11,2,10,100,64,7744,4.96255
28,64,11,4,6,36,64,7744,4.17038
28,64,11,1,18,324,92,7744,19.3346
28,64,11,2,10,100,92,7744,4.48696
28,64,11,4,6,36,92,7744,3.97601
28,64,11,1,18,324,128,7744,22.8817
28,64,11,2,10,100,128,7744,5.57778
28,64,11,4,6,36,128,7744,2.87664
28,64,11,1,18,324,192,7744,30.8467
28,64,11,2,10,100,192,7744,8.28003
28,64,11,4,6,36,192,7744,3.05001
28,64,11,1,18,324,256,7744,39.8026
28,64,11,2,10,100,256,7744,11.0362
28,64,11,4,6,36,256,7744,3.55107
28,92,1,1,28,784,32,92,1.0745
28,92,1,2,15,225,32,92,0.534733
28,92,1,4,8,64,32,92,0.209646
28,92,1,1,28,784,64,92,1.44895
28,92,1,2,15,225,64,92,0.60961
28,92,1,4,8,64,64,92,0.276133
28,92,1,1,28,784,92,92,4.98573
28,92,1,2,15,225,92,92,0.779561
28,92,1,4,8,64,92,92,0.265776
28,92,1,1,28,784,128,92,2.49179
28,92,1,2,15,225,128,92,2.06365
28,92,1,4,8,64,128,92,0.764979
28,92,1,1,28,784,192,92,4.63055
28,92,1,2,15,225,192,92,1.04811
28,92,1,4,8,64,192,92,0.984289
28,92,1,1,28,784,256,92,3.21569
28,92,1,2,15,225,256,92,1.18173
28,92,1,4,8,64,256,92,0.410843
28,92,3,1,26,676,32,828,2.32966
28,92,3,2,14,196,32,828,1.45861
28,92,3,4,8,64,32,828,1.21089
28,92,3,1,26,676,64,828,4.03148
28,92,3,2,14,196,64,828,1.68162
28,92,3,4,8,64,64,828,0.778346
28,92,3,1,26,676,92,828,2.09282
28,92,3,2,14,196,92,828,3.34693
28,92,3,4,8,64,92,828,0.754738
28,92,3,1,26,676,128,828,6.43376
28,92,3,2,14,196,128,828,1.86876
28,92,3,4,8,64,128,828,1.15632
28,92,3,1,26,676,192,828,5.18734
28,92,3,2,14,196,192,828,1.67798
28,92,3,4,8,64,192,828,2.40865
28,92,3,1,26,676,256,828,5.07045
28,92,3,2,14,196,256,828,2.69201
28,92,3,4,8,64,256,828,2.26103
28,92,5,1,24,576,32,2300,4.69838
28,92,5,2,13,169,32,2300,2.38568
28,92,5,4,7,49,32,2300,0.654979
28,92,5,1,24,576,64,2300,5.58054
28,92,5,2,13,169,64,2300,3.07335
28,92,5,4,7,49,64,2300,1.91459
28,92,5,1,24,576,92,2300,6.91839
28,92,5,2,13,169,92,2300,2.03328
28,92,5,4,7,49,92,2300,2.91937
28,92,5,1,24,576,128,2300,9.02702
28,92,5,2,13,169,128,2300,3.49959
28,92,5,4,7,49,128,2300,3.23109
28,92,5,1,24,576,192,2300,13.0584
28,92,5,2,13,169,192,2300,3.92872
28,92,5,4,7,49,192,2300,1.60178
28,92,5,1,24,576,256,2300,17.2503
28,92,5,2,13,169,256,2300,4.78242
28,92,5,4,7,49,256,2300,2.74682
28,92,7,1,22,484,32,4508,9.0992
28,92,7,2,12,144,32,4508,4.3155
28,92,7,4,7,49,32,4508,5.1994
28,92,7,1,22,484,64,4508,12.657
28,92,7,2,12,144,64,4508,4.30908
28,92,7,4,7,49,64,4508,2.00672
28,92,7,1,22,484,92,4508,15.3042
28,92,7,2,12,144,92,4508,4.48442
28,92,7,4,7,49,92,4508,2.47677
28,92,7,1,22,484,128,4508,18.9001
28,92,7,2,12,144,128,4508,5.03577
28,92,7,4,7,49,128,4508,2.69035
28,92,7,1,22,484,192,4508,25.7005
28,92,7,2,12,144,192,4508,6.90867
28,92,7,4,7,49,192,4508,4.03395
28,92,7,1,22,484,256,4508,32.7774
28,92,7,2,12,144,256,4508,8.29856
28,92,7,4,7,49,256,4508,4.48606
28,92,11,1,18,324,32,11132,17.4778
28,92,11,2,10,100,32,11132,4.96589
28,92,11,4,6,36,32,11132,3.20011
28,92,11,1,18,324,64,11132,23.0099
28,92,11,2,10,100,64,11132,5.5206
28,92,11,4,6,36,64,11132,2.73278
28,92,11,1,18,324,92,11132,26.3649
28,92,11,2,10,100,92,11132,6.93908
28,92,11,4,6,36,92,11132,2.29324
28,92,11,1,18,324,128,11132,32.4683
28,92,11,2,10,100,128,11132,8.29923
28,92,11,4,6,36,128,11132,2.78424
28,92,11,1,18,324,192,11132,44.7951
28,92,11,2,10,100,192,11132,13.0829
28,92,11,4,6,36,192,11132,3.66711
28,92,11,1,18,324,256,11132,57.6399
28,92,11,2,10,100,256,11132,14.3216
28,92,11,4,6,36,256,11132,5.30115
28,128,1,1,28,784,32,128,1.53827
28,128,1,2,15,225,32,128,0.582947
28,128,1,4,8,64,32,128,0.323011
28,128,1,1,28,784,64,128,3.92052
28,128,1,2,15,225,64,128,0.365543
28,128,1,4,8,64,64,128,0.627042
28,128,1,1,28,784,92,128,4.39172
28,128,1,2,15,225,92,128,2.06601
28,128,1,4,8,64,92,128,0.779173
28,128,1,1,28,784,128,128,2.38034
28,128,1,2,15,225,128,128,2.57691
28,128,1,4,8,64,128,128,0.904107
28,128,1,1,28,784,192,128,3.22797
28,128,1,2,15,225,192,128,1.16474
28,128,1,4,8,64,192,128,0.513392
28,128,1,1,28,784,256,128,4.70756
28,128,1,2,15,225,256,128,2.47507
28,128,1,4,8,64,256,128,0.394534
28,128,3,1,26,676,32,1152,3.08388
28,128,3,2,14,196,32,1152,2.31559
28,128,3,4,8,64,32,1152,0.670616
28,128,3,1,26,676,64,1152,2.26258
28,128,3,2,14,196,64,1152,2.2436
28,128,3,4,8,64,64,1152,1.21022
28,128,3,1,26,676,92,1152,2.98406
28,128,3,2,14,196,92,1152,3.20147
28,128,3,4,8,64,92,1152,1.68461
28,128,3,1,26,676,128,1152,2.96676
28,128,3,2,14,196,128,1152,1.80434
28,128,3,4,8,64,128,1152,2.15027
28,128,3,1,26,676,192,1152,5.83654
28,128,3,2,14,196,192,1152,2.82522
28,128,3,4,8,64,192,1152,2.34834
28,128,3,1,26,676,256,1152,5.37604
28,128,3,2,14,196,256,1152,3.16658
28,128,3,4,8,64,256,1152,1.28452
28,128,5,1,24,576,32,3200,5.51261
28,128,5,2,13,169,32,3200,3.68188
28,128,5,4,7,49,32,3200,1.45425
28,128,5,1,24,576,64,3200,8.38176
28,128,5,2,13,169,64,3200,2.73345
28,128,5,4,7,49,64,3200,2.2557
28,128,5,1,24,576,92,3200,9.91182
28,128,5,2,13,169,92,3200,3.53508
28,128,5,4,7,49,92,3200,2.92013
28,128,5,1,24,576,128,3200,13.0093
28,128,5,2,13,169,128,3200,4.54352
28,128,5,4,7,49,128,3200,2.0177
28,128,5,1,24,576,192,3200,18.1452
28,128,5,2,13,169,192,3200,5.6978
28,128,5,4,7,49,192,3200,3.6834
28,128,5,1,24,576,256,3200,24.5336
28,128,5,2,13,169,256,3200,7.18481
28,128,5,4,7,49,256,3200,3.77304
28,128,7,1,22,484,32,6272,13.2668
28,128,7,2,12,144,32,6272,4.32943
28,128,7,4,7,49,32,6272,3.72339
28,128,7,1,22,484,64,6272,18.5204
28,128,7,2,12,144,64,6272,5.65956
28,128,7,4,7,49,64,6272,2.8084
28,128,7,1,22,484,92,6272,21.8755
28,128,7,2,12,144,92,6272,6.52549
28,128,7,4,7,49,92,6272,2.97101
28,128,7,1,22,484,128,6272,25.5733
28,128,7,2,12,144,128,6272,6.7815
28,128,7,4,7,49,128,6272,4.15543
28,128,7,1,22,484,192,6272,36.141
28,128,7,2,12,144,192,6272,9.63794
28,128,7,4,7,49,192,6272,5.3714
28,128,7,1,22,484,256,6272,45.9859
28,128,7,2,12,144,256,6272,11.2698
28,128,7,4,7,49,256,6272,5.96472
28,128,11,1,18,324,32,15488,24.6111
28,128,11,2,10,100,32,15488,6.144
28,128,11,4,6,36,32,15488,4.21835
28,128,11,1,18,324,64,15488,32.6494
28,128,11,2,10,100,64,15488,7.92672
28,128,11,4,6,36,64,15488,3.28096
28,128,11,1,18,324,92,15488,37.7182
28,128,11,2,10,100,92,15488,9.53423
28,128,11,4,6,36,92,15488,3.08439
28,128,11,1,18,324,128,15488,46.8592
28,128,11,2,10,100,128,15488,11.7075
28,128,11,4,6,36,128,15488,4.26286
28,128,11,1,18,324,192,15488,65.387
28,128,11,2,10,100,192,15488,15.3758
28,128,11,4,6,36,192,15488,5.25628
28,128,11,1,18,324,256,15488,85.2507
28,128,11,2,10,100,256,15488,20.257
28,128,11,4,6,36,256,15488,7.30036
28,192,1,1,28,784,32,192,4.19523
28,192,1,2,15,225,32,192,0.438521
28,192,1,4,8,64,32,192,0.238589
28,192,1,1,28,784,64,192,2.56065
28,192,1,2,15,225,64,192,0.894635
28,192,1,4,8,64,64,192,0.506458
28,192,1,1,28,784,92,192,2.95542
28,192,1,2,15,225,92,192,1.14185
28,192,1,4,8,64,92,192,0.572369
28,192,1,1,28,784,128,192,4.4366
28,192,1,2,15,225,128,192,1.11453
28,192,1,4,8,64,128,192,0.776642
28,192,1,1,28,784,192,192,2.53426
28,192,1,2,15,225,192,192,2.02549
28,192,1,4,8,64,192,192,1.20689
28,192,1,1,28,784,256,192,5.24328
28,192,1,2,15,225,256,192,5.75894
28,192,1,4,8,64,256,192,0.430131
28,192,3,1,26,676,32,1728,2.50567
28,192,3,2,14,196,32,1728,2.25163
28,192,3,4,8,64,32,1728,1.08236
28,192,3,1,26,676,64,1728,3.12914
28,192,3,2,14,196,64,1728,1.9248
28,192,3,4,8,64,64,1728,2.05297
28,192,3,1,26,676,92,1728,4.56819
28,192,3,2,14,196,92,1728,2.33028
28,192,3,4,8,64,92,1728,2.49612
28,192,3,1,26,676,128,1728,4.66987
28,192,3,2,14,196,128,1728,3.19372
28,192,3,4,8,64,128,1728,3.2226
28,192,3,1,26,676,192,1728,5.39293
28,192,3,2,14,196,192,1728,3.78004
28,192,3,4,8,64,192,1728,1.93215
28,192,3,1,26,676,256,1728,7.19111
28,192,3,2,14,196,256,1728,4.90389
28,192,3,4,8,64,256,1728,1.8347
28,192,5,1,24,576,32,4800,8.28927
28,192,5,2,13,169,32,4800,3.02805
28,192,5,4,7,49,32,4800,2.1469
28,192,5,1,24,576,64,4800,12.6342
28,192,5,2,13,169,64,4800,4.79805
28,192,5,4,7,49,64,4800,2.75318
28,192,5,1,24,576,92,4800,15.6034
28,192,5,2,13,169,92,4800,4.9124
28,192,5,4,7,49,92,4800,4.02436
28,192,5,1,24,576,128,4800,20.454
28,192,5,2,13,169,128,4800,5.73239
28,192,5,4,7,49,128,4800,2.57616
28,192,5,1,24,576,192,4800,28.313
28,192,5,2,13,169,192,4800,8.44478
28,192,5,4,7,49,192,4800,4.03206
28,192,5,1,24,576,256,4800,38.9504
28,192,5,2,13,169,256,4800,10.5865
28,192,5,4,7,49,256,4800,4.63291
28,192,7,1,22,484,32,9408,20.6152
28,192,7,2,12,144,32,9408,6.26479
28,192,7,4,7,49,32,9408,2.72772
28,192,7,1,22,484,64,9408,26.6603
28,192,7,2,12,144,64,9408,6.85817
28,192,7,4,7,49,64,9408,4.79402
28,192,7,1,22,484,92,9408,32.6912
28,192,7,2,12,144,92,9408,8.94565
28,192,7,4,7,49,92,9408,3.84198
28,192,7,1,22,484,128,9408,40.7679
28,192,7,2,12,144,128,9408,9.87641
28,192,7,4,7,49,128,9408,5.29482
28,192,7,1,22,484,192,9408,57.2423
28,192,7,2,12,144,192,9408,13.9218
28,192,7,4,7,49,192,9408,7.24487
28,192,7,1,22,484,256,9408,72.3468
28,192,7,2,12,144,256,9408,17.7729
28,192,7,4,7,49,256,9408,9.65428
28,192,11,1,18,324,32,23232,34.9875
28,192,11,2,10,100,32,23232,7.92998
28,192,11,4,6,36,32,23232,2.90557
28,192,11,1,18,324,64,23232,49.1271
28,192,11,2,10,100,64,23232,12.2099
28,192,11,4,6,36,64,23232,4.49851
28,192,11,1,18,324,92,23232,57.8126
28,192,11,2,10,100,92,23232,14.7612
28,192,11,4,6,36,92,23232,5.5659
28,192,11,1,18,324,128,23232,72.7971
28,192,11,2,10,100,128,23232,17.8871
28,192,11,4,6,36,128,23232,5.92654
28,192,11,1,18,324,192,23232,97.6988
28,192,11,2,10,100,192,23232,24.1945
28,192,11,4,6,36,192,23232,8.11415
28,192,11,1,18,324,256,23232,129.722
28,192,11,2,10,100,256,23232,32.9159
28,192,11,4,6,36,256,23232,11.3622
28,256,1,1,28,784,32,256,7.76314
28,256,1,2,15,225,32,256,0.802059
28,256,1,4,8,64,32,256,0.242701
28,256,1,1,28,784,64,256,1.85764
28,256,1,2,15,225,64,256,0.531987
28,256,1,4,8,64,64,256,0.729666
28,256,1,1,28,784,92,256,2.85281
28,256,1,2,15,225,92,256,0.910968
28,256,1,4,8,64,92,256,0.461387
28,256,1,1,28,784,128,256,2.27181
28,256,1,2,15,225,128,256,1.58462
28,256,1,4,8,64,128,256,0.682676
28,256,1,1,28,784,192,256,3.17126
28,256,1,2,15,225,192,256,1.42102
28,256,1,4,8,64,192,256,0.713521
28,256,1,1,28,784,256,256,3.9945
28,256,1,2,15,225,256,256,1.90249
28,256,1,4,8,64,256,256,1.01623
28,256,3,1,26,676,32,2304,3.81216
28,256,3,2,14,196,32,2304,2.26029
28,256,3,4,8,64,32,2304,1.64989
28,256,3,1,26,676,64,2304,3.54006
28,256,3,2,14,196,64,2304,2.66393
28,256,3,4,8,64,64,2304,2.25717
28,256,3,1,26,676,92,2304,6.77602
28,256,3,2,14,196,92,2304,2.68094
28,256,3,4,8,64,92,2304,2.77903
28,256,3,1,26,676,128,2304,6.11059
28,256,3,2,14,196,128,2304,3.63786
28,256,3,4,8,64,128,2304,2.15
28,256,3,1,26,676,192,2304,7.36286
28,256,3,2,14,196,192,2304,4.92573
28,256,3,4,8,64,192,2304,2.68007
28,256,3,1,26,676,256,2304,9.64827
28,256,3,2,14,196,256,2304,5.61014
28,256,3,4,8,64,256,2304,2.91624
28,256,5,1,24,576,32,6400,10.9968
28,256,5,2,13,169,32,6400,4.00255
28,256,5,4,7,49,32,6400,2.59767
28,256,5,1,24,576,64,6400,17.5782
28,256,5,2,13,169,64,6400,6.09294
28,256,5,4,7,49,64,6400,5.4385
28,256,5,1,24,576,92,6400,21.9865
28,256,5,2,13,169,92,6400,6.79755
28,256,5,4,7,49,92,6400,3.18301
28,256,5,1,24,576,128,6400,28.1258
28,256,5,2,13,169,128,6400,7.60413
28,256,5,4,7,49,128,6400,2.74333
28,256,5,1,24,576,192,6400,40.4265
28,256,5,2,13,169,192,6400,11.1092
28,256,5,4,7,49,192,6400,5.5072
28,256,5,1,24,576,256,6400,54.3649
28,256,5,2,13,169,256,6400,14.5539
28,256,5,4,7,49,256,6400,5.28956
28,256,7,1,22,484,32,12544,28.0684
28,256,7,2,12,144,32,12544,8.64063
28,256,7,4,7,49,32,12544,5.59447
28,256,7,1,22,484,64,12544,37.3281
28,256,7,2,12,144,64,12544,10.1118
28,256,7,4,7,49,64,12544,5.10629
28,256,7,1,22,484,92,12544,44.2351
28,256,7,2,12,144,92,12544,11.718
28,256,7,4,7,49,92,12544,5.8473
28,256,7,1,22,484,128,12544,55.4712
28,256,7,2,12,144,128,12544,14.6743
28,256,7,4,7,49,128,12544,6.78253
28,256,7,1,22,484,192,12544,74.3709
28,256,7,2,12,144,192,12544,19.7304
28,256,7,4,7,49,192,12544,9.65706
28,256,7,1,22,484,256,12544,98.4196
28,256,7,2,12,144,256,12544,24.0472
28,256,7,4,7,49,256,12544,13.4012
28,256,11,1,18,324,32,30976,49.8941
28,256,11,2,10,100,32,30976,11.3877
28,256,11,4,6,36,32,30976,3.25612
28,256,11,1,18,324,64,30976,66.9448
28,256,11,2,10,100,64,30976,16.1133
28,256,11,4,6,36,64,30976,5.48784
28,256,11,1,18,324,92,30976,80.7635
28,256,11,2,10,100,92,30976,20.602
28,256,11,4,6,36,92,30976,6.35599
28,256,11,1,18,324,128,30976,98.0861
28,256,11,2,10,100,128,30976,23.5339
28,256,11,4,6,36,128,30976,8.55722
28,256,11,1,18,324,192,30976,134.063
28,256,11,2,10,100,192,30976,32.76
28,256,11,4,6,36,192,30976,11.8627
28,256,11,1,18,324,256,30976,178.753
28,256,11,2,10,100,256,30976,41.8813
28,256,11,4,6,36,256,30976,16.6098
56,32,1,1,56,3136,32,32,3.81526
56,32,1,2,29,841,32,32,0.346695
56,32,1,4,15,225,32,32,0.235586
56,32,1,1,56,3136,64,32,2.23277
56,32,1,2,29,841,64,32,0.470477
56,32,1,4,15,225,64,32,0.431936
56,32,1,1,56,3136,92,32,4.46623
56,32,1,2,29,841,92,32,1.31421
56,32,1,4,15,225,92,32,0.55404
56,32,1,1,56,3136,128,32,3.38593
56,32,1,2,29,841,128,32,1.3704
56,32,1,4,15,225,128,32,0.549468
56,32,1,1,56,3136,192,32,3.86995
56,32,1,2,29,841,192,32,2.18422
56,32,1,4,15,225,192,32,0.769718
56,32,1,1,56,3136,256,32,4.50738
56,32,1,2,29,841,256,32,5.55122
56,32,1,4,15,225,256,32,0.442989
56,32,3,1,54,2916,32,288,2.67286
56,32,3,2,28,784,32,288,2.78606
56,32,3,4,15,225,32,288,0.789047
56,32,3,1,54,2916,64,288,3.27494
56,32,3,2,28,784,64,288,2.12965
56,32,3,4,15,225,64,288,0.798422
56,32,3,1,54,2916,92,288,5.89363
56,32,3,2,28,784,92,288,2.29018
56,32,3,4,15,225,92,288,1.45165
56,32,3,1,54,2916,128,288,5.39422
56,32,3,2,28,784,128,288,3.4313
56,32,3,4,15,225,128,288,2.893
56,32,3,1,54,2916,192,288,5.95052
56,32,3,2,28,784,192,288,3.93528
56,32,3,4,15,225,192,288,5.79028
56,32,3,1,54,2916,256,288,7.15061
56,32,3,2,28,784,256,288,4.65784
56,32,3,4,15,225,256,288,1.70309
56,32,5,1,52,2704,32,800,5.68826
56,32,5,2,27,729,32,800,2.65116
56,32,5,4,14,196,32,800,1.47098
56,32,5,1,52,2704,64,800,9.11082
56,32,5,2,27,729,64,800,2.87865
56,32,5,4,14,196,64,800,1.56918
56,32,5,1,52,2704,92,800,11.3353
56,32,5,2,27,729,92,800,4.4079
56,32,5,4,14,196,92,800,4.11416
56,32,5,1,52,2704,128,800,14.9807
56,32,5,2,27,729,128,800,5.03017
56,32,5,4,14,196,128,800,1.65604
56,32,5,1,52,2704,192,800,20.6912
56,32,5,2,27,729,192,800,5.99202
56,32,5,4,14,196,192,800,2.42704
56,32,5,1,52,2704,256,800,29.122
56,32,5,2,27,729,256,800,7.88793
56,32,5,4,14,196,256,800,3.65433
56,32,7,1,50,2500,32,1568,14.3051
56,32,7,2,26,676,32,1568,3.79692
56,32,7,4,14,196,32,1568,2.20083
56,32,7,1,50,2500,64,1568,19.8819
56,32,7,2,26,676,64,1568,5.32125
56,32,7,4,14,196,64,1568,1.60171
56,32,7,1,50,2500,92,1568,24.1221
56,32,7,2,26,676,92,1568,6.43153
56,32,7,4,14,196,92,1568,6.51168
56,32,7,1,50,2500,128,1568,32.7059
56,32,7,2,26,676,128,1568,9.8751
56,32,7,4,14,196,128,1568,2.57188
56,32,7,1,50,2500,192,1568,42.9218
56,32,7,2,26,676,192,1568,10.5618
56,32,7,4,14,196,192,1568,3.73506
56,32,7,1,50,2500,256,1568,58.426
56,32,7,2,26,676,256,1568,14.3654
56,32,7,4,14,196,256,1568,4.27128
56,32,11,1,46,2116,32,3872,31.4575
56,32,11,2,24,576,32,3872,9.1018
56,32,11,4,13,169,32,3872,3.86208
56,32,11,1,46,2116,64,3872,46.6685
56,32,11,2,24,576,64,3872,12.4832
56,32,11,4,13,169,64,3872,3.91064
56,32,11,1,46,2116,92,3872,55.5464
56,32,11,2,24,576,92,3872,14.6613
56,32,11,4,13,169,92,3872,4.33025
56,32,11,1,46,2116,128,3872,70.8869
56,32,11,2,24,576,128,3872,17.48
56,32,11,4,13,169,128,3872,5.11189
56,32,11,1,46,2116,192,3872,99.8304
56,32,11,2,24,576,192,3872,24.3542
56,32,11,4,13,169,192,3872,7.14311
56,32,11,1,46,2116,256,3872,131.744
56,32,11,2,24,576,256,3872,31.2246
56,32,11,4,13,169,256,3872,8.60217
56,64,1,1,56,3136,32,64,2.08758
56,64,1,2,29,841,32,64,0.441833
56,64,1,4,15,225,32,64,0.494378
56,64,1,1,56,3136,64,64,5.8716
56,64,1,2,29,841,64,64,2.5389
56,64,1,4,15,225,64,64,1.0431
56,64,1,1,56,3136,92,64,3.99218
56,64,1,2,29,841,92,64,2.97842
56,64,1,4,15,225,92,64,1.34442
56,64,1,1,56,3136,128,64,3.87013
56,64,1,2,29,841,128,64,2.16923
56,64,1,4,15,225,128,64,0.515559
56,64,1,1,56,3136,192,64,5.38654
56,64,1,2,29,841,192,64,2.56402
56,64,1,4,15,225,192,64,2.26831
56,64,1,1,56,3136,256,64,5.30917
56,64,1,2,29,841,256,64,2.46055
56,64,1,4,15,225,256,64,1.14147
56,64,3,1,54,2916,32,576,4.30409
56,64,3,2,28,784,32,576,3.49369
56,64,3,4,15,225,32,576,1.40536
56,64,3,1,54,2916,64,576,4.74182
56,64,3,2,28,784,64,576,3.2224
56,64,3,4,15,225,64,576,1.95147
56,64,3,1,54,2916,92,576,6.12119
56,64,3,2,28,784,92,576,4.60386
56,64,3,4,15,225,92,576,5.63017
56,64,3,1,54,2916,128,576,6.77981
56,64,3,2,28,784,128,576,4.56555
56,64,3,4,15,225,128,576,1.90749
56,64,3,1,54,2916,192,576,9.04204
56,64,3,2,28,784,192,576,5.38249
56,64,3,4,15,225,192,576,2.1142
56,64,3,1,54,2916,256,576,10.3108
56,64,3,2,28,784,256,576,6.70261
56,64,3,4,15,225,256,576,3.55434
56,64,5,1,52,2704,32,1600,11.0308
56,64,5,2,27,729,32,1600,3.43183
56,64,5,4,14,196,32,1600,3.40712
56,64,5,1,52,2704,64,1600,18.128
56,64,5,2,27,729,64,1600,4.80571
56,64,5,4,14,196,64,1600,1.92861
56,64,5,1,52,2704,92,1600,23.0189
56,64,5,2,27,729,92,1600,6.25424
56,64,5,4,14,196,92,1600,1.93683
56,64,5,1,52,2704,128,1600,30.2579
56,64,5,2,27,729,128,1600,7.65543
56,64,5,4,14,196,128,1600,3.71973
56,64,5,1,52,2704,192,1600,43.6742
56,64,5,2,27,729,192,1600,10.7475
56,64,5,4,14,196,192,1600,3.33525
56,64,5,1,52,2704,256,1600,60.666
56,64,5,2,27,729,256,1600,14.0323
56,64,5,4,14,196,256,1600,4.48517
56,64,7,1,50,2500,32,3136,27.9872
56,64,7,2,26,676,32,3136,7.43443
56,64,7,4,14,196,32,3136,3.06419
56,64,7,1,50,2500,64,3136,41.7244
56,64,7,2,26,676,64,3136,10.3343
56,64,7,4,14,196,64,3136,3.58964
56,64,7,1,50,2500,92,3136,50.7046
56,64,7,2,26,676,92,3136,12.0416
56,64,7,4,14,196,92,3136,4.4328
56,64,7,1,50,2500,128,3136,65.2037
56,64,7,2,26,676,128,3136,15.8121
56,64,7,4,14,196,128,3136,4.84229
56,64,7,1,50,2500,192,3136,94.52
56,64,7,2,26,676,192,3136,21.9737
56,64,7,4,14,196,192,3136,7.08398
56,64,7,1,50,2500,256,3136,123.623
56,64,7,2,26,676,256,3136,28.9471
56,64,7,4,14,196,256,3136,8.1405
56,64,11,1,46,2116,32,7744,67.8164
56,64,11,2,24,576,32,7744,19.2507
56,64,11,4,13,169,32,7744,5.23204
56,64,11,1,46,2116,64,7744,98.6652
56,64,11,2,24,576,64,7744,25.7051
56,64,11,4,13,169,64,7744,5.71317
56,64,11,1,46,2116,92,7744,118.87
56,64,11,2,24,576,92,7744,30.0795
56,64,11,4,13,169,92,7744,8.52563
56,64,11,1,46,2116,128,7744,150.012
56,64,11,2,24,576,128,7744,36.3583
56,64,11,4,13,169,128,7744,9.85582
56,64,11,1,46,2116,192,7744,205.592
56,64,11,2,24,576,192,7744,49.9001
56,64,11,4,13,169,192,7744,13.486
56,64,11,1,46,2116,256,7744,271.433
56,64,11,2,24,576,256,7744,64.2771
56,64,11,4,13,169,256,7744,17.4806
56,92,1,1,56,3136,32,92,2.25327
56,92,1,2,29,841,32,92,0.58615
56,92,1,4,15,225,32,92,0.580015
56,92,1,1,56,3136,64,92,2.34026
56,92,1,2,29,841,64,92,1.95997
56,92,1,4,15,225,64,92,0.568151
56,92,1,1,56,3136,92,92,3.28094
56,92,1,2,29,841,92,92,5.2026
56,92,1,4,15,225,92,92,0.66943
56,92,1,1,56,3136,128,92,4.25803
56,92,1,2,29,841,128,92,3.10119
56,92,1,4,15,225,128,92,0.776439
56,92,1,1,56,3136,192,92,4.98273
56,92,1,2,29,841,192,92,3.44473
56,92,1,4,15,225,192,92,1.03242
56,92,1,1,56,3136,256,92,6.18628
56,92,1,2,29,841,256,92,3.47106
56,92,1,4,15,225,256,92,1.69473
56,92,3,1,54,2916,32,828,3.96652
56,92,3,2,28,784,32,828,2.41509
56,92,3,4,15,225,32,828,2.21038
56,92,3,1,54,2916,64,828,6.59047
56,92,3,2,28,784,64,828,3.23435
56,92,3,4,15,225,64,828,2.35351
56,92,3,1,54,2916,92,828,7.58335
56,92,3,2,28,784,92,828,5.27985
56,92,3,4,15,225,92,828,2.01112
56,92,3,1,54,2916,128,828,9.14149
56,92,3,2,28,784,128,828,5.53594
56,92,3,4,15,225,128,828,1.95192
56,92,3,1,54,2916,192,828,12.1353
56,92,3,2,28,784,192,828,6.81281
56,92,3,4,15,225,192,828,4.14783
56,92,3,1,54,2916,256,828,14.1201
56,92,3,2,28,784,256,828,8.59705
56,92,3,4,15,225,256,828,4.14736
56,92,5,1,52,2704,32,2300,16.8974
56,92,5,2,27,729,32,2300,4.16316
56,92,5,4,14,196,32,2300,5.16258
56,92,5,1,52,2704,64,2300,27.0997
56,92,5,2,27,729,64,2300,6.41653
56,92,5,4,14,196,64,2300,3.74386
56,92,5,1,52,2704,92,2300,33.5441
56,92,5,2,27,729,92,2300,7.87395
56,92,5,4,14,196,92,2300,2.71543
56,92,5,1,52,2704,128,2300,44.3976
56,92,5,2,27,729,128,2300,10.567
56,92,5,4,14,196,128,2300,3.43966
56,92,5,1,52,2704,192,2300,67.8749
56,92,5,2,27,729,192,2300,15.1674
56,92,5,4,14,196,192,2300,4.80234
56,92,5,1,52,2704,256,2300,90.2944
56,92,5,2,27,729,256,2300,21.8807
56,92,5,4,14,196,256,2300,5.94191
56,92,7,1,50,2500,32,4508,42.5307
56,92,7,2,26,676,32,4508,10.8456
56,92,7,4,14,196,32,4508,3.53316
56,92,7,1,50,2500,64,4508,65.1745
56,92,7,2,26,676,64,4508,15.4414
56,92,7,4,14,196,64,4508,4.83703
56,92,7,1,50,2500,92,4508,75.4331
56,92,7,2,26,676,92,4508,18.6301
56,92,7,4,14,196,92,4508,5.81531
56,92,7,1,50,2500,128,4508,101.043
56,92,7,2,26,676,128,4508,22.8163
56,92,7,4,14,196,128,4508,6.64785
56,92,7,1,50,2500,192,4508,137.287
56,92,7,2,26,676,192,4508,33.2303
56,92,7,4,14,196,192,4508,9.60558
56,92,7,1,50,2500,256,4508,181.642
56,92,7,2,26,676,256,4508,42.7266
56,92,7,4,14,196,256,4508,11.5083
56,92,11,1,46,2116,32,11132,102.106
56,92,11,2,24,576,32,11132,28.3484
56,92,11,4,13,169,32,11132,7.6716
56,92,11,1,46,2116,64,11132,144.43
56,92,11,2,24,576,64,11132,36.8344
56,92,11,4,13,169,64,11132,8.76768
56,92,11,1,46,2116,92,11132,172.818
56,92,11,2,24,576,92,11132,43.0499
56,92,11,4,13,169,92,11132,10.1155
56,92,11,1,46,2116,128,11132,217.189
56,92,11,2,24,576,128,11132,52.8525
56,92,11,4,13,169,128,11132,14.2801
56,92,11,1,46,2116,192,11132,295.928
56,92,11,2,24,576,192,11132,71.8775
56,92,11,4,13,169,192,11132,19.9919
56,92,11,1,46,2116,256,11132,389.661
56,92,11,2,24,576,256,11132,93.935
56,92,11,4,13,169,256,11132,23.7721
56,128,1,1,56,3136,32,128,2.46867
56,128,1,2,29,841,32,128,1.80217
56,128,1,4,15,225,32,128,0.59619
56,128,1,1,56,3136,64,128,3.58021
56,128,1,2,29,841,64,128,2.18082
56,128,1,4,15,225,64,128,0.801401
56,128,1,1,56,3136,92,128,4.7701
56,128,1,2,29,841,92,128,2.2961
56,128,1,4,15,225,92,128,2.0781
56,128,1,1,56,3136,128,128,4.64041
56,128,1,2,29,841,128,128,2.17498
56,128,1,4,15,225,128,128,0.799434
56,128,1,1,56,3136,192,128,5.91074
56,128,1,2,29,841,192,128,5.00199
56,128,1,4,15,225,192,128,0.639651
56,128,1,1,56,3136,256,128,7.41962
56,128,1,2,29,841,256,128,4.66246
56,128,1,4,15,225,256,128,1.66964
56,128,3,1,54,2916,32,1152,6.18667
56,128,3,2,28,784,32,1152,3.0269
56,128,3,4,15,225,32,1152,1.97451
56,128,3,1,54,2916,64,1152,8.34359
56,128,3,2,28,784,64,1152,4.10614
56,128,3,4,15,225,64,1152,1.76936
56,128,3,1,54,2916,92,1152,9.91902
56,128,3,2,28,784,92,1152,5.10552
56,128,3,4,15,225,92,1152,3.34241
56,128,3,1,54,2916,128,1152,11.2157
56,128,3,2,28,784,128,1152,6.34599
56,128,3,4,15,225,128,1152,3.0218
56,128,3,1,54,2916,192,1152,14.6058
56,128,3,2,28,784,192,1152,8.80019
56,128,3,4,15,225,192,1152,3.10404
56,128,3,1,54,2916,256,1152,17.8576
56,128,3,2,28,784,256,1152,11.4777
56,128,3,4,15,225,256,1152,4.17697
56,128,5,1,52,2704,32,3200,23.3984
56,128,5,2,27,729,32,3200,6.02017
56,128,5,4,14,196,32,3200,3.68784
56,128,5,1,52,2704,64,3200,38.8264
56,128,5,2,27,729,64,3200,9.26147
56,128,5,4,14,196,64,3200,3.44611
56,128,5,1,52,2704,92,3200,48.9445
56,128,5,2,27,729,92,3200,11.5187
56,128,5,4,14,196,92,3200,4.37963
56,128,5,1,52,2704,128,3200,69.6157
56,128,5,2,27,729,128,3200,15.3775
56,128,5,4,14,196,128,3200,5.19659
56,128,5,1,52,2704,192,3200,95.669
56,128,5,2,27,729,192,3200,22.5077
56,128,5,4,14,196,192,3200,6.73069
56,128,5,1,52,2704,256,3200,129.285
56,128,5,2,27,729,256,3200,29.855
56,128,5,4,14,196,256,3200,7.91878
56,128,7,1,50,2500,32,6272,60.5443
56,128,7,2,26,676,32,6272,15.5747
56,128,7,4,14,196,32,6272,5.08756
56,128,7,1,50,2500,64,6272,91.194
56,128,7,2,26,676,64,6272,22.6147
56,128,7,4,14,196,64,6272,6.87536
56,128,7,1,50,2500,92,6272,110.787
56,128,7,2,26,676,92,6272,26.8192
56,128,7,4,14,196,92,6272,8.41067
56,128,7,1,50,2500,128,6272,141.175
56,128,7,2,26,676,128,6272,33.451
56,128,7,4,14,196,128,6272,9.29598
56,128,7,1,50,2500,192,6272,193.303
56,128,7,2,26,676,192,6272,45.0688
56,128,7,4,14,196,192,6272,13.7347
56,128,7,1,50,2500,256,6272,254.361
56,128,7,2,26,676,256,6272,60.8186
56,128,7,4,14,196,256,6272,16.6078
56,128,11,1,46,2116,32,15488,146.29
56,128,11,2,24,576,32,15488,40.5336
56,128,11,4,13,169,32,15488,10.4208
56,128,11,1,46,2116,64,15488,203.851
56,128,11,2,24,576,64,15488,52.9624
56,128,11,4,13,169,64,15488,13.4582
56,128,11,1,46,2116,92,15488,243.646
56,128,11,2,24,576,92,15488,61.5952
56,128,11,4,13,169,92,15488,15.3952
56,128,11,1,46,2116,128,15488,311.209
56,128,11,2,24,576,128,15488,74.8133
56,128,11,4,13,169,128,15488,20.3593
56,128,11,1,46,2116,192,15488,423.439
56,128,11,2,24,576,192,15488,102.07
56,128,11,4,13,169,192,15488,27.0726
56,128,11,1,46,2116,256,15488,544.662
56,128,11,2,24,576,256,15488,138.004
56,128,11,4,13,169,256,15488,34.7424
56,192,1,1,56,3136,32,192,3.23063
56,192,1,2,29,841,32,192,2.12483
56,192,1,4,15,225,32,192,0.876392
56,192,1,1,56,3136,64,192,3.78965
56,192,1,2,29,841,64,192,2.62842
56,192,1,4,15,225,64,192,0.382177
56,192,1,1,56,3136,92,192,5.6131
56,192,1,2,29,841,92,192,2.26899
56,192,1,4,15,225,92,192,1.45892
56,192,1,1,56,3136,128,192,6.52884
56,192,1,2,29,841,128,192,2.39659
56,192,1,4,15,225,128,192,1.31962
56,192,1,1,56,3136,192,192,8.02069
56,192,1,2,29,841,192,192,4.01772
56,192,1,4,15,225,192,192,4.08636
56,192,1,1,56,3136,256,192,10.5668
56,192,1,2,29,841,256,192,2.98884
56,192,1,4,15,225,256,192,2.44619
56,192,3,1,54,2916,32,1728,8.04696
56,192,3,2,28,784,32,1728,5.14047
56,192,3,4,15,225,32,1728,2.56234
56,192,3,1,54,2916,64,1728,10.8347
56,192,3,2,28,784,64,1728,5.88654
56,192,3,4,15,225,64,1728,2.34133
56,192,3,1,54,2916,92,1728,13.3117
56,192,3,2,28,784,92,1728,7.23093
56,192,3,4,15,225,92,1728,3.14197
56,192,3,1,54,2916,128,1728,15.3697
56,192,3,2,28,784,128,1728,8.9796
56,192,3,4,15,225,128,1728,3.32976
56,192,3,1,54,2916,192,1728,20.3413
56,192,3,2,28,784,192,1728,12.3041
56,192,3,4,15,225,192,1728,4.38829
56,192,3,1,54,2916,256,1728,23.9103
56,192,3,2,28,784,256,1728,16.7979
56,192,3,4,15,225,256,1728,5.91433
56,192,5,1,52,2704,32,4800,37.4065
56,192,5,2,27,729,32,4800,9.16322
56,192,5,4,14,196,32,4800,3.50537
56,192,5,1,52,2704,64,4800,65.4793
56,192,5,2,27,729,64,4800,13.9916
56,192,5,4,14,196,64,4800,4.42817
56,192,5,1,52,2704,92,4800,79.177
56,192,5,2,27,729,92,4800,17.7817
56,192,5,4,14,196,92,4800,5.22458
56,192,5,1,52,2704,128,4800,102.892
56,192,5,2,27,729,128,4800,24.4133
56,192,5,4,14,196,128,4800,7.12035
56,192,5,1,52,2704,192,4800,147.348
56,192,5,2,27,729,192,4800,34.247
56,192,5,4,14,196,192,4800,9.24969
56,192,5,1,52,2704,256,4800,195.217
56,192,5,2,27,729,256,4800,46.5047
56,192,5,4,14,196,256,4800,11.8523
56,192,7,1,50,2500,32,9408,100.711
56,192,7,2,26,676,32,9408,25.7808
56,192,7,4,14,196,32,9408,7.83644
56,192,7,1,50,2500,64,9408,143.615
56,192,7,2,26,676,64,9408,33.8232
56,192,7,4,14,196,64,9408,9.18598
56,192,7,1,50,2500,92,9408,171.143
56,192,7,2,26,676,92,9408,40.8344
56,192,7,4,14,196,92,9408,10.1121
56,192,7,1,50,2500,128,9408,217.708
56,192,7,2,26,676,128,9408,50.9009
56,192,7,4,14,196,128,9408,13.9899
56,192,7,1,50,2500,192,9408,298.518
56,192,7,2,26,676,192,9408,69.0431
56,192,7,4,14,196,192,9408,20.6135
56,192,7,1,50,2500,256,9408,385.688
56,192,7,2,26,676,256,9408,90.7242
56,192,7,4,14,196,256,9408,25.8347
56,192,11,1,46,2116,32,23232,223.74
56,192,11,2,24,576,32,23232,60.6673
56,192,11,4,13,169,32,23232,12.1877
56,192,11,1,46,2116,64,23232,314.842
56,192,11,2,24,576,64,23232,80.2264
56,192,11,4,13,169,64,23232,21.0618
56,192,11,1,46,2116,92,23232,371.282
56,192,11,2,24,576,92,23232,92.8918
56,192,11,4,13,169,92,23232,19.6544
56,192,11,1,46,2116,128,23232,479.418
56,192,11,2,24,576,128,23232,115.081
56,192,11,4,13,169,128,23232,30.0786
56,192,11,1,46,2116,192,23232,648.544
56,192,11,2,24,576,192,23232,163.324
56,192,11,4,13,169,192,23232,41.3816
56,192,11,1,46,2116,256,23232,842.424
56,192,11,2,24,576,256,23232,214.492
56,192,11,4,13,169,256,23232,53.7318
56,256,1,1,56,3136,32,256,4.28397
56,256,1,2,29,841,32,256,2.05556
56,256,1,4,15,225,32,256,2.07587
56,256,1,1,56,3136,64,256,6.297
56,256,1,2,29,841,64,256,1.91742
56,256,1,4,15,225,64,256,1.58959
56,256,1,1,56,3136,92,256,7.59144
56,256,1,2,29,841,92,256,3.1011
56,256,1,4,15,225,92,256,0.837443
56,256,1,1,56,3136,128,256,8.88028
56,256,1,2,29,841,128,256,2.76106
56,256,1,4,15,225,128,256,2.48206
56,256,1,1,56,3136,192,256,11.255
56,256,1,2,29,841,192,256,5.18889
56,256,1,4,15,225,192,256,1.98386
56,256,1,1,56,3136,256,256,14.0248
56,256,1,2,29,841,256,256,4.425
56,256,1,4,15,225,256,256,2.3452
56,256,3,1,54,2916,32,2304,9.59891
56,256,3,2,28,784,32,2304,5.85776
56,256,3,4,15,225,32,2304,3.15822
56,256,3,1,54,2916,64,2304,11.8515
56,256,3,2,28,784,64,2304,7.60765
56,256,3,4,15,225,64,2304,4.55788
56,256,3,1,54,2916,92,2304,17.8728
56,256,3,2,28,784,92,2304,9.12518
56,256,3,4,15,225,92,2304,5.03704
56,256,3,1,54,2916,128,2304,19.6901
56,256,3,2,28,784,128,2304,11.8718
56,256,3,4,15,225,128,2304,5.18091
56,256,3,1,54,2916,192,2304,26.6764
56,256,3,2,28,784,192,2304,16.6347
56,256,3,4,15,225,192,2304,6.25307
56,256,3,1,54,2916,256,2304,31.3899
56,256,3,2,28,784,256,2304,22.8845
56,256,3,4,15,225,256,2304,7.11008
56,256,5,1,52,2704,32,6400,52.692
56,256,5,2,27,729,32,6400,12.6612
56,256,5,4,14,196,32,6400,4.15608
56,256,5,1,52,2704,64,6400,84.9133
56,256,5,2,27,729,64,6400,19.1356
56,256,5,4,14,196,64,6400,5.54462
56,256,5,1,52,2704,92,6400,105.966
56,256,5,2,27,729,92,6400,24.6625
56,256,5,4,14,196,92,6400,6.60794
56,256,5,1,52,2704,128,6400,139.637
56,256,5,2,27,729,128,6400,32.835
56,256,5,4,14,196,128,6400,8.52796
56,256,5,1,52,2704,192,6400,197.627
56,256,5,2,27,729,192,6400,46.7704
56,256,5,4,14,196,192,6400,11.5861
56,256,5,1,52,2704,256,6400,261.953
56,256,5,2,27,729,256,6400,63.9468
56,256,5,4,14,196,256,6400,15.9476
56,256,7,1,50,2500,32,12544,141.738
56,256,7,2,26,676,32,12544,35.8459
56,256,7,4,14,196,32,12544,11.4195
56,256,7,1,50,2500,64,12544,194.599
56,256,7,2,26,676,64,12544,46.8393
56,256,7,4,14,196,64,12544,11.9721
56,256,7,1,50,2500,92,12544,233.188
56,256,7,2,26,676,92,12544,55.4713
56,256,7,4,14,196,92,12544,14.913
56,256,7,1,50,2500,128,12544,288.534
56,256,7,2,26,676,128,12544,68.3101
56,256,7,4,14,196,128,12544,18.2049
56,256,7,1,50,2500,192,12544,399.519
56,256,7,2,26,676,192,12544,92.8719
56,256,7,4,14,196,192,12544,26.1574
56,256,7,1,50,2500,256,12544,510.639
56,256,7,2,26,676,256,12544,129.005
56,256,7,4,14,196,256,12544,36.01
56,256,11,1,46,2116,32,30976,283.167
56,256,11,2,24,576,32,30976,85.8247
56,256,11,4,13,169,32,30976,17.2157
56,256,11,1,46,2116,64,30976,405.459
56,256,11,2,24,576,64,30976,112.314
56,256,11,4,13,169,64,30976,27.2595
56,256,11,1,46,2116,92,30976,491.931
56,256,11,2,24,576,92,30976,129.141
56,256,11,4,13,169,92,30976,34.3867
56,256,11,1,46,2116,128,30976,623.418
56,256,11,2,24,576,128,30976,162.377
56,256,11,4,13,169,128,30976,42.6881
56,256,11,1,46,2116,192,30976,846.053
56,256,11,2,24,576,192,30976,226.996
56,256,11,4,13,169,192,30976,57.4996
56,256,11,1,46,2116,256,30976,1150.12
56,256,11,2,24,576,256,30976,293.127
56,256,11,4,13,169,256,30976,75.3349
112,32,1,1,112,12544,32,32,3.52492
112,32,1,2,57,3249,32,32,1.86856
112,32,1,4,29,841,32,32,0.793455
112,32,1,1,112,12544,64,32,4.39667
112,32,1,2,57,3249,64,32,4.27728
112,32,1,4,29,841,64,32,0.891834
112,32,1,1,112,12544,92,32,6.59035
112,32,1,2,57,3249,92,32,2.65976
112,32,1,4,29,841,92,32,1.3659
112,32,1,1,112,12544,128,32,10.9182
112,32,1,2,57,3249,128,32,2.91451
112,32,1,4,29,841,128,32,1.54119
112,32,1,1,112,12544,192,32,16.0764
112,32,1,2,57,3249,192,32,3.60102
112,32,1,4,29,841,192,32,2.68233
112,32,1,1,112,12544,256,32,22.5085
112,32,1,2,57,3249,256,32,3.6785
112,32,1,4,29,841,256,32,3.41196
112,32,3,1,110,12100,32,288,8.39253
112,32,3,2,56,3136,32,288,3.73655
112,32,3,4,29,841,32,288,3.71253
112,32,3,1,110,12100,64,288,11.1719
112,32,3,2,56,3136,64,288,6.03543
112,32,3,4,29,841,64,288,3.21421
112,32,3,1,110,12100,92,288,15.498
112,32,3,2,56,3136,92,288,6.30684
112,32,3,4,29,841,92,288,3.19598
112,32,3,1,110,12100,128,288,15.9934
112,32,3,2,56,3136,128,288,7.56598
112,32,3,4,29,841,128,288,3.11693
112,32,3,1,110,12100,192,288,21.9926
112,32,3,2,56,3136,192,288,10.2555
112,32,3,4,29,841,192,288,3.49998
112,32,3,1,110,12100,256,288,28.8507
112,32,3,2,56,3136,256,288,14.0654
112,32,3,4,29,841,256,288,5.24221
112,32,5,1,108,11664,32,800,25.4749
112,32,5,2,55,3025,32,800,6.61211
112,32,5,4,28,784,32,800,2.52244
112,32,5,1,108,11664,64,800,42.4061
112,32,5,2,55,3025,64,800,9.95919
112,32,5,4,28,784,64,800,3.8362
112,32,5,1,108,11664,92,800,54.5353
112,32,5,2,55,3025,92,800,12.4017
112,32,5,4,28,784,92,800,5.12456
112,32,5,1,108,11664,128,800,72.0001
112,32,5,2,55,3025,128,800,16.6732
112,32,5,4,28,784,128,800,5.42126
112,32,5,1,108,11664,192,800,103.838
112,32,5,2,55,3025,192,800,23.0985
112,32,5,4,28,784,192,800,6.86049
112,32,5,1,108,11664,256,800,138.826
112,32,5,2,55,3025,256,800,31.6119
112,32,5,4,28,784,256,800,8.67569
112,32,7,1,106,11236,32,1568,61.8997
112,32,7,2,54,2916,32,1568,16.161
112,32,7,4,28,784,32,1568,5.7105
112,32,7,1,106,11236,64,1568,90.7219
112,32,7,2,54,2916,64,1568,22.613
112,32,7,4,28,784,64,1568,7.13007
112,32,7,1,106,11236,92,1568,111.341
112,32,7,2,54,2916,92,1568,28.0882
112,32,7,4,28,784,92,1568,8.54728
112,32,7,1,106,11236,128,1568,143.075
112,32,7,2,54,2916,128,1568,36.356
112,32,7,4,28,784,128,1568,9.97653
112,32,7,1,106,11236,192,1568,200.736
112,32,7,2,54,2916,192,1568,49.2356
112,32,7,4,28,784,192,1568,13.1914
112,32,7,1,106,11236,256,1568,268.854
112,32,7,2,54,2916,256,1568,62.745
112,32,7,4,28,784,256,1568,17.2007
112,32,11,1,102,10404,32,3872,154.903
112,32,11,2,52,2704,32,3872,39.7008
112,32,11,4,27,729,32,3872,10.871
112,32,11,1,102,10404,64,3872,225.646
112,32,11,2,52,2704,64,3872,56.5702
112,32,11,4,27,729,64,3872,14.8873
112,32,11,1,102,10404,92,3872,279.157
112,32,11,2,52,2704,92,3872,68.7732
112,32,11,4,27,729,92,3872,17.7534
112,32,11,1,102,10404,128,3872,354.756
112,32,11,2,52,2704,128,3872,86.0472
112,32,11,4,27,729,128,3872,22.8619
112,32,11,1,102,10404,192,3872,486.087
112,32,11,2,52,2704,192,3872,120.906
112,32,11,4,27,729,192,3872,30.49
112,32,11,1,102,10404,256,3872,635.087
112,32,11,2,52,2704,256,3872,157.294
112,32,11,4,27,729,256,3872,39.8342
112,64,1,1,112,12544,32,64,5.131
112,64,1,2,57,3249,32,64,2.58862
112,64,1,4,29,841,32,64,0.364289
112,64,1,1,112,12544,64,64,6.72103
112,64,1,2,57,3249,64,64,4.77563
112,64,1,4,29,841,64,64,2.96894
112,64,1,1,112,12544,92,64,9.28546
112,64,1,2,57,3249,92,64,4.09144
112,64,1,4,29,841,92,64,3.11674
112,64,1,1,112,12544,128,64,13.4139
112,64,1,2,57,3249,128,64,3.60151
112,64,1,4,29,841,128,64,2.66078
112,64,1,1,112,12544,192,64,20.853
112,64,1,2,57,3249,192,64,4.72667
112,64,1,4,29,841,192,64,2.88121
112,64,1,1,112,12544,256,64,27.3529
112,64,1,2,57,3249,256,64,5.06058
112,64,1,4,29,841,256,64,1.66792
112,64,3,1,110,12100,32,576,12.1961
112,64,3,2,56,3136,32,576,5.94315
112,64,3,4,29,841,32,576,4.00174
112,64,3,1,110,12100,64,576,16.3758
112,64,3,2,56,3136,64,576,8.45214
112,64,3,4,29,841,64,576,2.83121
112,64,3,1,110,12100,92,576,21.2267
112,64,3,2,56,3136,92,576,10.7705
112,64,3,4,29,841,92,576,4.55891
112,64,3,1,110,12100,128,576,23.5544
112,64,3,2,56,3136,128,576,13.0241
112,64,3,4,29,841,128,576,4.99079
112,64,3,1,110,12100,192,576,31.1432
112,64,3,2,56,3136,192,576,18.6772
112,64,3,4,29,841,192,576,5.86398
112,64,3,1,110,12100,256,576,41.2497
112,64,3,2,56,3136,256,576,24.5636
112,64,3,4,29,841,256,576,7.59735
112,64,5,1,108,11664,32,1600,52.7102
112,64,5,2,55,3025,32,1600,12.5697
112,64,5,4,28,784,32,1600,3.77374
112,64,5,1,108,11664,64,1600,89.5878
112,64,5,2,55,3025,64,1600,19.8346
112,64,5,4,28,784,64,1600,5.51457
112,64,5,1,108,11664,92,1600,111.961
112,64,5,2,55,3025,92,1600,24.9601
112,64,5,4,28,784,92,1600,6.59245
112,64,5,1,108,11664,128,1600,144.516
112,64,5,2,55,3025,128,1600,33.1927
112,64,5,4,28,784,128,1600,8.9393
112,64,5,1,108,11664,192,1600,204.894
112,64,5,2,55,3025,192,1600,47.0423
112,64,5,4,28,784,192,1600,11.9017
112,64,5,1,108,11664,256,1600,281.719
112,64,5,2,55,3025,256,1600,67.7034
112,64,5,4,28,784,256,1600,15.8879
112,64,7,1,106,11236,32,3136,129.832
112,64,7,2,54,2916,32,3136,32.2867
112,64,7,4,28,784,32,3136,10.1547
112,64,7,1,106,11236,64,3136,188.37
112,64,7,2,54,2916,64,3136,49.4973
112,64,7,4,28,784,64,3136,13.1731
112,64,7,1,106,11236,92,3136,235.183
112,64,7,2,54,2916,92,3136,56.4479
112,64,7,4,28,784,92,3136,15.526
112,64,7,1,106,11236,128,3136,302.305
112,64,7,2,54,2916,128,3136,75.0458
112,64,7,4,28,784,128,3136,19.6762
112,64,7,1,106,11236,192,3136,411.107
112,64,7,2,54,2916,192,3136,100.195
112,64,7,4,28,784,192,3136,26.2762
112,64,7,1,106,11236,256,3136,546.442
112,64,7,2,54,2916,256,3136,134.784
112,64,7,4,28,784,256,3136,33.6786
112,64,11,1,102,10404,32,7744,340.603
112,64,11,2,52,2704,32,7744,84.9978
112,64,11,4,27,729,32,7744,23.8244
112,64,11,1,102,10404,64,7744,464.194
112,64,11,2,52,2704,64,7744,122.508
112,64,11,4,27,729,64,7744,32.8647
112,64,11,1,102,10404,92,7744,570.406
112,64,11,2,52,2704,92,7744,145.875
112,64,11,4,27,729,92,7744,38.1942
112,64,11,1,102,10404,128,7744,717.9
112,64,11,2,52,2704,128,7744,185.113
112,64,11,4,27,729,128,7744,46.4635
112,64,11,1,102,10404,192,7744,972.082
112,64,11,2,52,2704,192,7744,256.533
112,64,11,4,27,729,192,7744,64.8232
112,64,11,1,102,10404,256,7744,1342.47
112,64,11,2,52,2704,256,7744,330.478
112,64,11,4,27,729,256,7744,83.1851
112,92,1,1,112,12544,32,92,6.21578
112,92,1,2,57,3249,32,92,2.43896
112,92,1,4,29,841,32,92,1.09434
112,92,1,1,112,12544,64,92,7.85138
112,92,1,2,57,3249,64,92,3.20326
112,92,1,4,29,841,64,92,2.1514
112,92,1,1,112,12544,92,92,11.1118
112,92,1,2,57,3249,92,92,3.37276
112,92,1,4,29,841,92,92,2.89168
112,92,1,1,112,12544,128,92,15.8424
112,92,1,2,57,3249,128,92,5.26641
112,92,1,4,29,841,128,92,2.18734
112,92,1,1,112,12544,192,92,23.9206
112,92,1,2,57,3249,192,92,5.82764
112,92,1,4,29,841,192,92,2.3749
112,92,1,1,112,12544,256,92,31.4135
112,92,1,2,57,3249,256,92,6.23244
112,92,1,4,29,841,256,92,2.37079
112,92,3,1,110,12100,32,828,20.3864
112,92,3,2,56,3136,32,828,8.23419
112,92,3,4,29,841,32,828,3.07779
112,92,3,1,110,12100,64,828,22.2112
112,92,3,2,56,3136,64,828,12.2765
112,92,3,4,29,841,64,828,4.1778
112,92,3,1,110,12100,92,828,30.7984
112,92,3,2,56,3136,92,828,14.8902
112,92,3,4,29,841,92,828,5.12138
112,92,3,1,110,12100,128,828,33.3646
112,92,3,2,56,3136,128,828,19.254
112,92,3,4,29,841,128,828,5.61779
112,92,3,1,110,12100,192,828,43.6858
112,92,3,2,56,3136,192,828,25.9219
112,92,3,4,29,841,192,828,7.37753
112,92,3,1,110,12100,256,828,58.5113
112,92,3,2,56,3136,256,828,35.7273
112,92,3,4,29,841,256,828,9.90387
112,92,5,1,108,11664,32,2300,84.4295
112,92,5,2,55,3025,32,2300,20.5686
112,92,5,4,28,784,32,2300,5.76334
112,92,5,1,108,11664,64,2300,134.781
112,92,5,2,55,3025,64,2300,32.0587
112,92,5,4,28,784,64,2300,7.72312
112,92,5,1,108,11664,92,2300,160.225
112,92,5,2,55,3025,92,2300,40.5896
112,92,5,4,28,784,92,2300,9.50693
112,92,5,1,108,11664,128,2300,223.08
112,92,5,2,55,3025,128,2300,50.7012
112,92,5,4,28,784,128,2300,12.213
112,92,5,1,108,11664,192,2300,317.545
112,92,5,2,55,3025,192,2300,74.1052
112,92,5,4,28,784,192,2300,16.8848
112,92,5,1,108,11664,256,2300,415.468
112,92,5,2,55,3025,256,2300,97.0922
112,92,5,4,28,784,256,2300,23.173
112,92,7,1,106,11236,32,4508,197.031
112,92,7,2,54,2916,32,4508,47.8112
112,92,7,4,28,784,32,4508,14.7442
112,92,7,1,106,11236,64,4508,286.823
112,92,7,2,54,2916,64,4508,70.1125
112,92,7,4,28,784,64,4508,21.032
112,92,7,1,106,11236,92,4508,352.909
112,92,7,2,54,2916,92,4508,86.8719
112,92,7,4,28,784,92,4508,23.9948
112,92,7,1,106,11236,128,4508,444.819
112,92,7,2,54,2916,128,4508,109.949
112,92,7,4,28,784,128,4508,28.1826
112,92,7,1,106,11236,192,4508,612.758
112,92,7,2,54,2916,192,4508,151.19
112,92,7,4,28,784,192,4508,38.8156
112,92,7,1,106,11236,256,4508,804.47
112,92,7,2,54,2916,256,4508,194.906
112,92,7,4,28,784,256,4508,50.6596
112,92,11,1,102,10404,32,11132,498.338
112,92,11,2,52,2704,32,11132,128.266
112,92,11,4,27,729,32,11132,35.9056
112,92,11,1,102,10404,64,11132,686.77
112,92,11,2,52,2704,64,11132,178.375
112,92,11,4,27,729,64,11132,47.6207
112,92,11,1,102,10404,92,11132,807.787
112,92,11,2,52,2704,92,11132,216.493
112,92,11,4,27,729,92,11132,56.0634
112,92,11,1,102,10404,128,11132,1033.73
112,92,11,2,52,2704,128,11132,270.605
112,92,11,4,27,729,128,11132,68.2847
112,92,11,1,102,10404,192,11132,1506.92
112,92,11,2,52,2704,192,11132,367.121
112,92,11,4,27,729,192,11132,91.4818
112,92,11,1,102,10404,256,11132,2065.11
112,92,11,2,52,2704,256,11132,483.735
112,92,11,4,27,729,256,11132,122.755
112,128,1,1,112,12544,32,128,9.20253
112,128,1,2,57,3249,32,128,2.9362
112,128,1,4,29,841,32,128,1.81134
112,128,1,1,112,12544,64,128,10.3883
112,128,1,2,57,3249,64,128,3.94676
112,128,1,4,29,841,64,128,2.7293
112,128,1,1,112,12544,92,128,14.7063
112,128,1,2,57,3249,92,128,4.92404
112,128,1,4,29,841,92,128,2.03877
112,128,1,1,112,12544,128,128,19.0844
112,128,1,2,57,3249,128,128,5.74531
112,128,1,4,29,841,128,128,2.3069
112,128,1,1,112,12544,192,128,29.5061
112,128,1,2,57,3249,192,128,6.91472
112,128,1,4,29,841,192,128,5.34986
112,128,1,1,112,12544,256,128,40.3395
112,128,1,2,57,3249,256,128,8.29092
112,128,1,4,29,841,256,128,2.49064
112,128,3,1,110,12100,32,1152,35.2012
112,128,3,2,56,3136,32,1152,11.8654
112,128,3,4,29,841,32,1152,4.50366
112,128,3,1,110,12100,64,1152,38.6037
112,128,3,2,56,3136,64,1152,17.4257
112,128,3,4,29,841,64,1152,5.19407
112,128,3,1,110,12100,92,1152,48.1885
112,128,3,2,56,3136,92,1152,21.0456
112,128,3,4,29,841,92,1152,6.70863
112,128,3,1,110,12100,128,1152,53.6786
112,128,3,2,56,3136,128,1152,27.6859
112,128,3,4,29,841,128,1152,7.50998
112,128,3,1,110,12100,192,1152,68.2302
112,128,3,2,56,3136,192,1152,38.4185
112,128,3,4,29,841,192,1152,11.2281
112,128,3,1,110,12100,256,1152,87.4
112,128,3,2,56,3136,256,1152,52.067
112,128,3,4,29,841,256,1152,12.7482
112,128,5,1,108,11664,32,3200,126.159
112,128,5,2,55,3025,32,3200,29.2482
112,128,5,4,28,784,32,3200,7.34375
112,128,5,1,108,11664,64,3200,191.778
112,128,5,2,55,3025,64,3200,47.948
112,128,5,4,28,784,64,3200,10.8194
112,128,5,1,108,11664,92,3200,238.892
112,128,5,2,55,3025,92,3200,60.8124
112,128,5,4,28,784,92,3200,13.1745
112,128,5,1,108,11664,128,3200,314.474
112,128,5,2,55,3025,128,3200,77.9525
112,128,5,4,28,784,128,3200,17.3495
112,128,5,1,108,11664,192,3200,444.176
112,128,5,2,55,3025,192,3200,105.595
112,128,5,4,28,784,192,3200,24.1973
112,128,5,1,108,11664,256,3200,579.547
112,128,5,2,55,3025,256,3200,142.225
112,128,5,4,28,784,256,3200,32.8365
112,128,7,1,106,11236,32,6272,286.688
112,128,7,2,54,2916,32,6272,67.0552
112,128,7,4,28,784,32,6272,17.6367
112,128,7,1,106,11236,64,6272,421.479
112,128,7,2,54,2916,64,6272,102.644
112,128,7,4,28,784,64,6272,27.0032
112,128,7,1,106,11236,92,6272,492.677
112,128,7,2,54,2916,92,6272,123.068
112,128,7,4,28,784,92,6272,32.0087
112,128,7,1,106,11236,128,6272,630.559
112,128,7,2,54,2916,128,6272,158.96
112,128,7,4,28,784,128,6272,39.2603
112,128,7,1,106,11236,192,6272,849.471
112,128,7,2,54,2916,192,6272,220.067
112,128,7,4,28,784,192,6272,53.8174
112,128,7,1,106,11236,256,6272,1177.61
112,128,7,2,54,2916,256,6272,283.676
112,128,7,4,28,784,256,6272,72.0101
112,128,11,1,102,10404,32,15488,715.564
112,128,11,2,52,2704,32,15488,184.354
112,128,11,4,27,729,32,15488,51.0634
112,128,11,1,102,10404,64,15488,986.474
112,128,11,2,52,2704,64,15488,255.274
112,128,11,4,27,729,64,15488,67.2157
112,128,11,1,102,10404,92,15488,1198.22
112,128,11,2,52,2704,92,15488,307.974
112,128,11,4,27,729,92,15488,79.3104
112,128,11,1,102,10404,128,15488,1559.18
112,128,11,2,52,2704,128,15488,388.223
112,128,11,4,27,729,128,15488,97.587
112,128,11,1,102,10404,192,15488,2159.84
112,128,11,2,52,2704,192,15488,519.856
112,128,11,4,27,729,192,15488,132.108
112,128,11,1,102,10404,256,15488,2967.83
112,128,11,2,52,2704,256,15488,674.543
112,128,11,4,27,729,256,15488,174.997
112,192,1,1,112,12544,32,192,12.2917
112,192,1,2,57,3249,32,192,4.61004
112,192,1,4,29,841,32,192,5.05367
112,192,1,1,112,12544,64,192,15.0137
112,192,1,2,57,3249,64,192,5.42404
112,192,1,4,29,841,64,192,5.07867
112,192,1,1,112,12544,92,192,21.8704
112,192,1,2,57,3249,92,192,6.27172
112,192,1,4,29,841,92,192,4.78354
112,192,1,1,112,12544,128,192,27.3391
112,192,1,2,57,3249,128,192,7.42629
112,192,1,4,29,841,128,192,2.15358
112,192,1,1,112,12544,192,192,40.8858
112,192,1,2,57,3249,192,192,9.4345
112,192,1,4,29,841,192,192,4.8053
112,192,1,1,112,12544,256,192,54.2095
112,192,1,2,57,3249,256,192,10.8778
112,192,1,4,29,841,256,192,4.54147
112,192,3,1,110,12100,32,1728,29.4345
112,192,3,2,56,3136,32,1728,17.8602
112,192,3,4,29,841,32,1728,5.52648
112,192,3,1,110,12100,64,1728,39.0332
112,192,3,2,56,3136,64,1728,26.1831
112,192,3,4,29,841,64,1728,7.55581
112,192,3,1,110,12100,92,1728,49.414
112,192,3,2,56,3136,92,1728,32.7408
112,192,3,4,29,841,92,1728,10.1843
112,192,3,1,110,12100,128,1728,60.3024
112,192,3,2,56,3136,128,1728,42.0703
112,192,3,4,29,841,128,1728,11.4868
112,192,3,1,110,12100,192,1728,80.1304
112,192,3,2,56,3136,192,1728,58.2974
112,192,3,4,29,841,192,1728,16.0595
112,192,3,1,110,12100,256,1728,108.21
112,192,3,2,56,3136,256,1728,78.3838
112,192,3,4,29,841,256,1728,19.4151
112,192,5,1,108,11664,32,4800,186.072
112,192,5,2,55,3025,32,4800,44.2604
112,192,5,4,28,784,32,4800,11.1954
112,192,5,1,108,11664,64,4800,294.035
112,192,5,2,55,3025,64,4800,73.1003
112,192,5,4,28,784,64,4800,16.8768
112,192,5,1,108,11664,92,4800,365.857
112,192,5,2,55,3025,92,4800,87.9337
112,192,5,4,28,784,92,4800,20.4841
112,192,5,1,108,11664,128,4800,478.92
112,192,5,2,55,3025,128,4800,113.706
112,192,5,4,28,784,128,4800,27.8245
112,192,5,1,108,11664,192,4800,663.665
112,192,5,2,55,3025,192,4800,164.038
112,192,5,4,28,784,192,4800,37.2655
112,192,5,1,108,11664,256,4800,874.283
112,192,5,2,55,3025,256,4800,216.489
112,192,5,4,28,784,256,4800,51.6711
112,192,7,1,106,11236,32,9408,453.408
112,192,7,2,54,2916,32,9408,110.423
112,192,7,4,28,784,32,9408,29.5085
112,192,7,1,106,11236,64,9408,632.502
112,192,7,2,54,2916,64,9408,156.477
112,192,7,4,28,784,64,9408,41.072
112,192,7,1,106,11236,92,9408,747.061
112,192,7,2,54,2916,92,9408,186.464
112,192,7,4,28,784,92,9408,49.2152
112,192,7,1,106,11236,128,9408,952.011
112,192,7,2,54,2916,128,9408,241.551
112,192,7,4,28,784,128,9408,61.697
112,192,7,1,106,11236,192,9408,1292.46
112,192,7,2,54,2916,192,9408,328.908
112,192,7,4,28,784,192,9408,82.5701
112,192,7,1,106,11236,256,9408,1804.42
112,192,7,2,54,2916,256,9408,428.2
112,192,7,4,28,784,256,9408,108.951
112,192,11,1,102,10404,32,23232,928.867
112,192,11,2,52,2704,32,23232,246.67
112,192,11,4,27,729,32,23232,75.3312
112,192,11,1,102,10404,64,23232,1402.98
112,192,11,2,52,2704,64,23232,356.544
112,192,11,4,27,729,64,23232,103.064
112,192,11,1,102,10404,92,23232,1765.3
112,192,11,2,52,2704,92,23232,435.584
112,192,11,4,27,729,92,23232,116.451
112,192,11,1,102,10404,128,23232,2352.43
112,192,11,2,52,2704,128,23232,566.7
112,192,11,4,27,729,128,23232,144.814
112,192,11,1,102,10404,192,23232,3304
112,192,11,2,52,2704,192,23232,765.829
112,192,11,4,27,729,192,23232,200.706
112,192,11,1,102,10404,256,23232,4606.23
112,192,11,2,52,2704,256,23232,986.291
112,192,11,4,27,729,256,23232,256.91
112,256,1,1,112,12544,32,256,20.3899
112,256,1,2,57,3249,32,256,5.49716
112,256,1,4,29,841,32,256,2.73637
112,256,1,1,112,12544,64,256,23.5505
112,256,1,2,57,3249,64,256,7.56754
112,256,1,4,29,841,64,256,4.64703
112,256,1,1,112,12544,92,256,27.9045
112,256,1,2,57,3249,92,256,8.96527
112,256,1,4,29,841,92,256,4.22299
112,256,1,1,112,12544,128,256,38.1815
112,256,1,2,57,3249,128,256,10.1591
112,256,1,4,29,841,128,256,3.63159
112,256,1,1,112,12544,192,256,53.8294
112,256,1,2,57,3249,192,256,11.9311
112,256,1,4,29,841,192,256,4.1046
112,256,1,1,112,12544,256,256,69.0301
112,256,1,2,57,3249,256,256,15.0943
112,256,1,4,29,841,256,256,4.81308
112,256,3,1,110,12100,32,2304,116.569
112,256,3,2,56,3136,32,2304,24.3964
112,256,3,4,29,841,32,2304,7.38791
112,256,3,1,110,12100,64,2304,127.149
112,256,3,2,56,3136,64,2304,34.5901
112,256,3,4,29,841,64,2304,10.2857
112,256,3,1,110,12100,92,2304,139.355
112,256,3,2,56,3136,92,2304,44.1586
112,256,3,4,29,841,92,2304,12.7442
112,256,3,1,110,12100,128,2304,150.804
112,256,3,2,56,3136,128,2304,53.8643
112,256,3,4,29,841,128,2304,14.8399
112,256,3,1,110,12100,192,2304,177.843
112,256,3,2,56,3136,192,2304,78.1122
112,256,3,4,29,841,192,2304,21.2101
112,256,3,1,110,12100,256,2304,210.345
112,256,3,2,56,3136,256,2304,101.719
112,256,3,4,29,841,256,2304,26.1433
112,256,5,1,108,11664,32,6400,264.516
112,256,5,2,55,3025,32,6400,60.0307
112,256,5,4,28,784,32,6400,15.6322
112,256,5,1,108,11664,64,6400,399.252
112,256,5,2,55,3025,64,6400,96.4235
112,256,5,4,28,784,64,6400,23.3951
112,256,5,1,108,11664,92,6400,491.391
112,256,5,2,55,3025,92,6400,119.647
112,256,5,4,28,784,92,6400,28.1367
112,256,5,1,108,11664,128,6400,648.117
112,256,5,2,55,3025,128,6400,154.999
112,256,5,4,28,784,128,6400,38.7801
112,256,5,1,108,11664,192,6400,885.888
112,256,5,2,55,3025,192,6400,217.489
112,256,5,4,28,784,192,6400,52.7662
112,256,5,1,108,11664,256,6400,1166.42
112,256,5,2,55,3025,256,6400,292.926
112,256,5,4,28,784,256,6400,71.0772
112,256,7,1,106,11236,32,12544,564.319
112,256,7,2,54,2916,32,12544,135.449
112,256,7,4,28,784,32,12544,39.556
112,256,7,1,106,11236,64,12544,817.897
112,256,7,2,54,2916,64,12544,195.984
112,256,7,4,28,784,64,12544,55.7626
112,256,7,1,106,11236,92,12544,990.999
112,256,7,2,54,2916,92,12544,238.676
112,256,7,4,28,784,92,12544,65.3139
112,256,7,1,106,11236,128,12544,1255.45
112,256,7,2,54,2916,128,12544,302.984
112,256,7,4,28,784,128,12544,80.783
112,256,7,1,106,11236,192,12544,1808.45
112,256,7,2,54,2916,192,12544,426.525
112,256,7,4,28,784,192,12544,113.283
112,256,7,1,106,11236,256,12544,2457.3
112,256,7,2,54,2916,256,12544,551.136
112,256,7,4,28,784,256,12544,146.236
112,256,11,1,102,10404,32,30976,1318.1
112,256,11,2,52,2704,32,30976,330.322
112,256,11,4,27,729,32,30976,93.3218
112,256,11,1,102,10404,64,30976,2002.86
112,256,11,2,52,2704,64,30976,476.582
112,256,11,4,27,729,64,30976,129.114
112,256,11,1,102,10404,92,30976,2465.34
112,256,11,2,52,2704,92,30976,591.96
112,256,11,4,27,729,92,30976,152.437
112,256,11,1,102,10404,128,30976,3303.8
112,256,11,2,52,2704,128,30976,762.205
112,256,11,4,27,729,128,30976,195.943
112,256,11,1,102,10404,192,30976,4627.48
112,256,11,2,52,2704,192,30976,1013.13
112,256,11,4,27,729,192,30976,261.583
112,256,11,1,102,10404,256,30976,6191.64
112,256,11,4,27,729,256,30976,321.549
224,32,1,1,224,50176,32,32,11.1566
224,32,1,2,113,12769,32,32,3.94279
224,32,1,4,57,3249,32,32,5.83274
224,32,1,1,224,50176,64,32,21.8316
224,32,1,2,113,12769,64,32,4.5483
224,32,1,4,57,3249,64,32,2.5304
224,32,1,1,224,50176,92,32,30.8199
224,32,1,2,113,12769,92,32,7.65029
224,32,1,4,57,3249,92,32,6.23014
224,32,1,1,224,50176,128,32,42.2264
224,32,1,2,113,12769,128,32,11.3873
224,32,1,4,57,3249,128,32,6.48569
224,32,1,1,224,50176,192,32,64.2795
224,32,1,2,113,12769,192,32,16.463
224,32,1,4,57,3249,192,32,3.27456
224,32,1,1,224,50176,256,32,83.1443
224,32,1,2,113,12769,256,32,23.078
224,32,1,4,57,3249,256,32,4.16913
224,32,3,1,222,49284,32,288,35.5574
224,32,3,2,112,12544,32,288,14.54
224,32,3,4,57,3249,32,288,5.94992
224,32,3,1,222,49284,64,288,46.9118
224,32,3,2,112,12544,64,288,21.21
224,32,3,4,57,3249,64,288,7.52331
224,32,3,1,222,49284,92,288,67.4312
224,32,3,2,112,12544,92,288,22.9482
224,32,3,4,57,3249,92,288,8.7923
224,32,3,1,222,49284,128,288,84.1994
224,32,3,2,112,12544,128,288,29.2968
224,32,3,4,57,3249,128,288,10.7429
224,32,3,1,222,49284,192,288,89.1529
224,32,3,2,112,12544,192,288,42.2552
224,32,3,4,57,3249,192,288,12.3338
224,32,3,1,222,49284,256,288,179.722
224,32,3,2,112,12544,256,288,56.3892
224,32,3,4,57,3249,256,288,16.1271
224,32,5,1,220,48400,32,800,128.557
224,32,5,2,111,12321,32,800,33.4921
224,32,5,4,56,3136,32,800,8.63553
224,32,5,1,220,48400,64,800,206.908
224,32,5,2,111,12321,64,800,53.7547
224,32,5,4,56,3136,64,800,12.1833
224,32,5,1,220,48400,92,800,258.571
224,32,5,2,111,12321,92,800,64.9258
224,32,5,4,56,3136,92,800,15.0728
224,32,5,1,220,48400,128,800,333.251
224,32,5,2,111,12321,128,800,81.3011
224,32,5,4,56,3136,128,800,18.9503
224,32,5,1,220,48400,192,800,460.181
224,32,5,2,111,12321,192,800,112.584
224,32,5,4,56,3136,192,800,35.8629
224,32,5,1,220,48400,256,800,616.577
224,32,5,2,111,12321,256,800,153.193
224,32,5,4,56,3136,256,800,35.8152
224,32,7,1,218,47524,32,1568,280.255
224,32,7,2,110,12100,32,1568,71.7329
224,32,7,4,56,3136,32,1568,20.1259
224,32,7,1,218,47524,64,1568,415.068
224,32,7,2,110,12100,64,1568,106.899
224,32,7,4,56,3136,64,1568,27.2645
224,32,7,1,218,47524,92,1568,509.187
224,32,7,2,110,12100,92,1568,122.315
224,32,7,4,56,3136,92,1568,34.793
224,32,7,1,218,47524,128,1568,650.86
224,32,7,2,110,12100,128,1568,157.773
224,32,7,4,56,3136,128,1568,41.8876
224,32,7,1,218,47524,192,1568,902.452
224,32,7,2,110,12100,192,1568,220.082
224,32,7,4,56,3136,192,1568,54.7587
224,32,7,1,218,47524,256,1568,1184.98
224,32,7,2,110,12100,256,1568,298.393
224,32,7,4,56,3136,256,1568,74.7355
224,32,11,1,214,45796,32,3872,673.072
224,32,11,2,108,11664,32,3872,180.369
224,32,11,4,55,3025,32,3872,45.3269
224,32,11,1,214,45796,64,3872,987.938
224,32,11,2,108,11664,64,3872,263.925
224,32,11,4,55,3025,64,3872,66.7793
224,32,11,1,214,45796,92,3872,1254.07
224,32,11,2,108,11664,92,3872,322.742
224,32,11,4,55,3025,92,3872,81.2496
224,32,11,1,214,45796,128,3872,1647.04
224,32,11,2,108,11664,128,3872,398.095
224,32,11,4,55,3025,128,3872,98.1032
224,32,11,1,214,45796,192,3872,2420.73
224,32,11,2,108,11664,192,3872,547.722
224,32,11,4,55,3025,192,3872,142.651
224,32,11,1,214,45796,256,3872,3286.33
224,32,11,2,108,11664,256,3872,725.079
224,32,11,4,55,3025,256,3872,180.59
224,64,1,1,224,50176,32,64,17.3866
224,64,1,2,113,12769,32,64,6.40181
224,64,1,4,57,3249,32,64,2.56945
224,64,1,1,224,50176,64,64,31.3993
224,64,1,2,113,12769,64,64,7.27878
224,64,1,4,57,3249,64,64,4.04579
224,64,1,1,224,50176,92,64,43.9214
224,64,1,2,113,12769,92,64,10.9551
224,64,1,4,57,3249,92,64,3.8808
224,64,1,1,224,50176,128,64,58.2838
224,64,1,2,113,12769,128,64,15.2621
224,64,1,4,57,3249,128,64,4.35111
224,64,1,1,224,50176,192,64,83.8691
224,64,1,2,113,12769,192,64,21.2554
224,64,1,4,57,3249,192,64,5.22976
224,64,1,1,224,50176,256,64,109.838
224,64,1,2,113,12769,256,64,29.1236
224,64,1,4,57,3249,256,64,5.44093
224,64,3,1,222,49284,32,576,55.4022
224,64,3,2,112,12544,32,576,28.7755
224,64,3,4,57,3249,32,576,10.5645
224,64,3,1,222,49284,64,576,73.8819
224,64,3,2,112,12544,64,576,39.8525
224,64,3,4,57,3249,64,576,13.4537
224,64,3,1,222,49284,92,576,102.097
224,64,3,2,112,12544,92,576,54.3041
224,64,3,4,57,3249,92,576,15.5996
224,64,3,1,222,49284,128,576,121.407
224,64,3,2,112,12544,128,576,63.311
224,64,3,4,57,3249,128,576,18.4561
224,64,3,1,222,49284,192,576,143.785
224,64,3,2,112,12544,192,576,83.8782
224,64,3,4,57,3249,192,576,23.5486
224,64,3,1,222,49284,256,576,236.509
224,64,3,2,112,12544,256,576,111.864
224,64,3,4,57,3249,256,576,31.6027
224,64,5,1,220,48400,32,1600,265.99
224,64,5,2,111,12321,32,1600,63.71
224,64,5,4,56,3136,32,1600,14.7055
224,64,5,1,220,48400,64,1600,412.22
224,64,5,2,111,12321,64,1600,101.509
224,64,5,4,56,3136,64,1600,23.0193
224,64,5,1,220,48400,92,1600,508.709
224,64,5,2,111,12321,92,1600,122.939
224,64,5,4,56,3136,92,1600,28.1156
224,64,5,1,220,48400,128,1600,666.886
224,64,5,2,111,12321,128,1600,165.46
224,64,5,4,56,3136,128,1600,36.204
224,64,5,1,220,48400,192,1600,913.801
224,64,5,2,111,12321,192,1600,221.363
224,64,5,4,56,3136,192,1600,53.0689
224,64,5,1,220,48400,256,1600,1256.43
224,64,5,2,111,12321,256,1600,302.126
224,64,5,4,56,3136,256,1600,73.4068
224,64,7,1,218,47524,32,3136,562.891
224,64,7,2,110,12100,32,3136,149.331
224,64,7,4,56,3136,32,3136,40.6739
224,64,7,1,218,47524,64,3136,831.302
224,64,7,2,110,12100,64,3136,214.664
224,64,7,4,56,3136,64,3136,56.0019
224,64,7,1,218,47524,92,3136,1034.98
224,64,7,2,110,12100,92,3136,249.228
224,64,7,4,56,3136,92,3136,65.5808
224,64,7,1,218,47524,128,3136,1353.39
224,64,7,2,110,12100,128,3136,326.162
224,64,7,4,56,3136,128,3136,83.6626
224,64,7,1,218,47524,192,3136,2021.37
224,64,7,2,110,12100,192,3136,459.845
224,64,7,4,56,3136,192,3136,120.354
224,64,7,1,218,47524,256,3136,2773.98
224,64,7,2,110,12100,256,3136,597.2
224,64,7,4,56,3136,256,3136,154.841
224,64,11,1,214,45796,32,7744,1390.01
224,64,11,2,108,11664,32,7744,389.885
224,64,11,4,55,3025,32,7744,97.6515
224,64,11,1,214,45796,64,7744,2233.31
224,64,11,2,108,11664,64,7744,553.492
224,64,11,4,55,3025,64,7744,140.628
224,64,11,1,214,45796,92,7744,2760.16
224,64,11,2,108,11664,92,7744,631.285
224,64,11,4,55,3025,92,7744,168.331
224,64,11,1,214,45796,128,7744,3655.57
224,64,11,2,108,11664,128,7744,807.398
224,64,11,4,55,3025,128,7744,212.931
224,64,11,1,214,45796,192,7744,5005.05
224,64,11,2,108,11664,192,7744,1111.07
224,64,11,4,55,3025,192,7744,283.011
224,64,11,1,214,45796,256,7744,6550.7
224,64,11,2,108,11664,256,7744,1517.37
224,64,11,4,55,3025,256,7744,370.332
224,92,1,1,224,50176,32,92,23.272
224,92,1,2,113,12769,32,92,8.42662
224,92,1,4,57,3249,32,92,3.88103
224,92,1,1,224,50176,64,92,38.1502
224,92,1,2,113,12769,64,92,10.9655
224,92,1,4,57,3249,64,92,5.359
224,92,1,1,224,50176,92,92,55.4275
224,92,1,2,113,12769,92,92,13.7007
224,92,1,4,57,3249,92,92,5.78019
224,92,1,1,224,50176,128,92,70.208
224,92,1,2,113,12769,128,92,17.533
224,92,1,4,57,3249,128,92,5.35671
224,92,1,1,224,50176,192,92,102.248
224,92,1,2,113,12769,192,92,25.5177
224,92,1,4,57,3249,192,92,5.63564
224,92,1,1,224,50176,256,92,132.451
224,92,1,2,113,12769,256,92,33.0543
224,92,1,4,57,3249,256,92,7.28083
224,92,3,1,222,49284,32,828,78.0778
224,92,3,2,112,12544,32,828,36.4794
224,92,3,4,57,3249,32,828,15.3825
224,92,3,1,222,49284,64,828,98.413
224,92,3,2,112,12544,64,828,57.105
224,92,3,4,57,3249,64,828,19.1083
224,92,3,1,222,49284,92,828,139.811
224,92,3,2,112,12544,92,828,71.0002
224,92,3,4,57,3249,92,828,22.1373
224,92,3,1,222,49284,128,828,155.78
224,92,3,2,112,12544,128,828,85.2718
224,92,3,4,57,3249,128,828,26.8652
224,92,3,1,222,49284,192,828,196.243
224,92,3,2,112,12544,192,828,115.487
224,92,3,4,57,3249,192,828,31.4174
224,92,3,1,222,49284,256,828,324.685
224,92,3,2,112,12544,256,828,154.819
224,92,3,4,57,3249,256,828,43.6875
224,92,5,1,220,48400,32,2300,392.2
224,92,5,2,111,12321,32,2300,91.0761
224,92,5,4,56,3136,32,2300,21.2997
224,92,5,1,220,48400,64,2300,583.287
224,92,5,2,111,12321,64,2300,145.753
224,92,5,4,56,3136,64,2300,32.8072
224,92,5,1,220,48400,92,2300,725.957
224,92,5,2,111,12321,92,2300,178.083
224,92,5,4,56,3136,92,2300,40.6927
224,92,5,1,220,48400,128,2300,943.858
224,92,5,2,111,12321,128,2300,233.027
224,92,5,4,56,3136,128,2300,52.7669
224,92,5,1,220,48400,192,2300,1336.4
224,92,5,2,111,12321,192,2300,334.515
224,92,5,4,56,3136,192,2300,78.3139
224,92,5,1,220,48400,256,2300,1840.61
224,92,5,2,111,12321,256,2300,435.535
224,92,5,4,56,3136,256,2300,103.048
224,92,7,1,218,47524,32,4508,807.669
224,92,7,2,110,12100,32,4508,214.252
224,92,7,4,56,3136,32,4508,58.93
224,92,7,1,218,47524,64,4508,1231.31
224,92,7,2,110,12100,64,4508,319.306
224,92,7,4,56,3136,64,4508,83.2234
224,92,7,1,218,47524,92,4508,1544.32
224,92,7,2,110,12100,92,4508,382.122
224,92,7,4,56,3136,92,4508,99.2451
224,92,7,1,218,47524,128,4508,2064.05
224,92,7,2,110,12100,128,4508,473.291
224,92,7,4,56,3136,128,4508,129.452
224,92,7,1,218,47524,192,4508,3035.17
224,92,7,2,110,12100,192,4508,663.291
224,92,7,4,56,3136,192,4508,171.683
224,92,7,1,218,47524,256,4508,3988.26
224,92,7,2,110,12100,256,4508,911.471
224,92,7,4,56,3136,256,4508,226.403
224,92,11,1,214,45796,32,11132,2072.55
224,92,11,2,108,11664,32,11132,581.031
224,92,11,4,55,3025,32,11132,147.544
224,92,11,1,214,45796,64,11132,3293.69
224,92,11,2,108,11664,64,11132,790.008
224,92,11,4,55,3025,64,11132,209.446
224,92,11,1,214,45796,92,11132,3976.66
224,92,11,2,108,11664,92,11132,974.845
224,92,11,4,55,3025,92,11132,247.096
224,92,11,1,214,45796,128,11132,5102.22
224,92,11,2,108,11664,128,11132,1258.26
224,92,11,4,55,3025,128,11132,314.041
224,92,11,1,214,45796,192,11132,7054.28
224,92,11,2,108,11664,192,11132,1739.38
224,92,11,4,55,3025,192,11132,425.571
224,92,11,1,214,45796,256,11132,9388.68
224,92,11,2,108,11664,256,11132,2340.5
224,92,11,4,55,3025,256,11132,554.819
224,128,1,1,224,50176,32,128,32.8746
224,128,1,2,113,12769,32,128,11.3351
224,128,1,4,57,3249,32,128,3.954
224,128,1,1,224,50176,64,128,50.3994
224,128,1,2,113,12769,64,128,12.4492
224,128,1,4,57,3249,64,128,4.83439
224,128,1,1,224,50176,92,128,72.4446
224,128,1,2,113,12769,92,128,16.4169
224,128,1,4,57,3249,92,128,5.71095
224,128,1,1,224,50176,128,128,89.4145
224,128,1,2,113,12769,128,128,22.1368
224,128,1,4,57,3249,128,128,6.75945
224,128,1,1,224,50176,192,128,127.594
224,128,1,2,113,12769,192,128,31.0365
224,128,1,4,57,3249,192,128,8.21171
224,128,1,1,224,50176,256,128,169.093
224,128,1,2,113,12769,256,128,40.1413
224,128,1,4,57,3249,256,128,8.89048
224,128,3,1,222,49284,32,1152,165.757
224,128,3,2,112,12544,32,1152,51.0162
224,128,3,4,57,3249,32,1152,21.3975
224,128,3,1,222,49284,64,1152,187.903
224,128,3,2,112,12544,64,1152,79.3193
224,128,3,4,57,3249,64,1152,26.8952
224,128,3,1,222,49284,92,1152,232.865
224,128,3,2,112,12544,92,1152,95.9156
224,128,3,4,57,3249,92,1152,32.0341
224,128,3,1,222,49284,128,1152,281.578
224,128,3,2,112,12544,128,1152,122.424
224,128,3,4,57,3249,128,1152,38.0637
224,128,3,1,222,49284,192,1152,316.242
224,128,3,2,112,12544,192,1152,163.497
224,128,3,4,57,3249,192,1152,48.5717
224,128,3,1,222,49284,256,1152,457.098
224,128,3,2,112,12544,256,1152,219.671
224,128,3,4,57,3249,256,1152,63.8868
224,128,5,1,220,48400,32,3200,545.293
224,128,5,2,111,12321,32,3200,132.615
224,128,5,4,56,3136,32,3200,31.7144
224,128,5,1,220,48400,64,3200,834.467
224,128,5,2,111,12321,64,3200,205.415
224,128,5,4,56,3136,64,3200,48.0155
224,128,5,1,220,48400,92,3200,1011.34
224,128,5,2,111,12321,92,3200,251.427
224,128,5,4,56,3136,92,3200,60.4533
224,128,5,1,220,48400,128,3200,1350.71
224,128,5,2,111,12321,128,3200,334.8
224,128,5,4,56,3136,128,3200,83.7121
224,128,5,1,220,48400,192,3200,2001.95
224,128,5,2,111,12321,192,3200,455.512
224,128,5,4,56,3136,192,3200,112.182
224,128,5,1,220,48400,256,3200,2730.21
224,128,5,2,111,12321,256,3200,604.158
224,128,5,4,56,3136,256,3200,149.501
224,128,7,1,218,47524,32,6272,1138.09
224,128,7,2,110,12100,32,6272,300.469
224,128,7,4,56,3136,32,6272,84.8642
224,128,7,1,218,47524,64,6272,1828.86
224,128,7,2,110,12100,64,6272,454.424
224,128,7,4,56,3136,64,6272,119.652
224,128,7,1,218,47524,92,6272,2237.31
224,128,7,2,110,12100,92,6272,522.948
224,128,7,4,56,3136,92,6272,144.651
224,128,7,1,218,47524,128,6272,2939.81
224,128,7,2,110,12100,128,6272,659.929
224,128,7,4,56,3136,128,6272,181.786
224,128,7,1,218,47524,192,6272,4207.61
224,128,7,2,110,12100,192,6272,892.248
224,128,7,4,56,3136,192,6272,244.554
224,128,7,1,218,47524,256,6272,5560.4
224,128,7,2,110,12100,256,6272,1211.7
224,128,7,4,56,3136,256,6272,312.642
224,128,11,1,214,45796,32,15488,2950.83
224,128,11,2,108,11664,32,15488,804.218
224,128,11,4,55,3025,32,15488,211.413
224,128,11,1,214,45796,64,15488,4481.82
224,128,11,2,108,11664,64,15488,1095.08
224,128,11,4,55,3025,64,15488,290.099
224,128,11,1,214,45796,92,15488,5636.44
224,128,11,2,108,11664,92,15488,1270.56
224,128,11,4,55,3025,92,15488,344.055
224,128,11,1,214,45796,128,15488,7339.73
224,128,11,2,108,11664,128,15488,1668.65
224,128,11,4,55,3025,128,15488,435.771
224,128,11,1,214,45796,192,15488,10094.4
224,128,11,2,108,11664,192,15488,2317.25
224,128,11,4,55,3025,192,15488,586.101
224,128,11,1,214,45796,256,15488,13113.7
224,128,11,2,108,11664,256,15488,3182.34
224,128,11,4,55,3025,256,15488,751.633
224,192,1,1,224,50176,32,192,46.0699
224,192,1,2,113,12769,32,192,16.0672
224,192,1,4,57,3249,32,192,6.25892
224,192,1,1,224,50176,64,192,75.2207
224,192,1,2,113,12769,64,192,17.8099
224,192,1,4,57,3249,64,192,7.21581
224,192,1,1,224,50176,92,192,99.0436
224,192,1,2,113,12769,92,192,23.9437
224,192,1,4,57,3249,92,192,8.30036
224,192,1,1,224,50176,128,192,121.17
224,192,1,2,113,12769,128,192,30.8101
224,192,1,4,57,3249,128,192,9.51594
224,192,1,1,224,50176,192,192,168.393
224,192,1,2,113,12769,192,192,41.0513
224,192,1,4,57,3249,192,192,11.579
224,192,1,1,224,50176,256,192,221.792
224,192,1,2,113,12769,256,192,56.1053
224,192,1,4,57,3249,256,192,12.326
224,192,3,1,222,49284,32,1728,157.272
224,192,3,2,112,12544,32,1728,75.226
224,192,3,4,57,3249,32,1728,29.2991
224,192,3,1,222,49284,64,1728,208.639
224,192,3,2,112,12544,64,1728,115.295
224,192,3,4,57,3249,64,1728,36.1618
224,192,3,1,222,49284,92,1728,252.691
224,192,3,2,112,12544,92,1728,140.471
224,192,3,4,57,3249,92,1728,41.6829
224,192,3,1,222,49284,128,1728,315.868
224,192,3,2,112,12544,128,1728,179.06
224,192,3,4,57,3249,128,1728,53.3622
224,192,3,1,222,49284,192,1728,376.504
224,192,3,2,112,12544,192,1728,239.449
224,192,3,4,57,3249,192,1728,71.256
224,192,3,1,222,49284,256,1728,536.067
224,192,3,2,112,12544,256,1728,330.857
224,192,3,4,57,3249,256,1728,91.2252
224,192,5,1,220,48400,32,4800,790.619
224,192,5,2,111,12321,32,4800,192.114
224,192,5,4,56,3136,32,4800,46.5418
224,192,5,1,220,48400,64,4800,1290.76
224,192,5,2,111,12321,64,4800,303.554
224,192,5,4,56,3136,64,4800,73.7675
224,192,5,1,220,48400,92,4800,1608.07
224,192,5,2,111,12321,92,4800,381.517
224,192,5,4,56,3136,92,4800,91.3804
224,192,5,1,220,48400,128,4800,2056.83
224,192,5,2,111,12321,128,4800,496.737
224,192,5,4,56,3136,128,4800,120.03
224,192,5,1,220,48400,192,4800,2999.79
224,192,5,2,111,12321,192,4800,678.728
224,192,5,4,56,3136,192,4800,169.057
224,192,5,1,220,48400,256,4800,4150.8
224,192,5,2,111,12321,256,4800,908.491
224,192,5,4,56,3136,256,4800,224.557
224,192,7,1,218,47524,32,9408,1789.3
224,192,7,2,110,12100,32,9408,443.676
224,192,7,4,56,3136,32,9408,128.515
224,192,7,1,218,47524,64,9408,2635.2
224,192,7,2,110,12100,64,9408,648.034
224,192,7,4,56,3136,64,9408,177.238
224,192,7,1,218,47524,92,9408,3353.67
224,192,7,2,110,12100,92,9408,792.475
224,192,7,4,56,3136,92,9408,215.398
224,192,7,1,218,47524,128,9408,4392.54
224,192,7,2,110,12100,128,9408,1002.02
224,192,7,4,56,3136,128,9408,269.82
224,192,7,1,218,47524,192,9408,6404.63
224,192,7,2,110,12100,192,9408,1340.37
224,192,7,4,56,3136,192,9408,368.258
224,192,7,1,218,47524,256,9408,8254.88
224,192,7,2,110,12100,256,9408,1829.26
224,192,7,4,56,3136,256,9408,472.629
224,192,11,1,214,45796,32,23232,4619.07
224,192,11,2,108,11664,32,23232,1153.38
224,192,11,4,55,3025,32,23232,329.563
224,192,11,1,214,45796,64,23232,6345.58
224,192,11,2,108,11664,64,23232,1632.06
224,192,11,4,55,3025,64,23232,441.153
224,192,11,1,214,45796,92,23232,8540.51
224,192,11,2,108,11664,92,23232,1999.17
224,192,11,4,55,3025,92,23232,533.788
224,192,11,1,214,45796,128,23232,11072.8
224,192,11,2,108,11664,128,23232,2640.08
224,192,11,4,55,3025,128,23232,676.146
224,192,11,1,214,45796,192,23232,15144.4
224,192,11,2,108,11664,192,23232,3637.75
224,192,11,4,55,3025,192,23232,914.94
224,192,11,1,214,45796,256,23232,19787.3
224,192,11,2,108,11664,256,23232,5013.2
224,192,11,4,55,3025,256,23232,1161.25
224,256,1,1,224,50176,32,256,76.4025
224,256,1,2,113,12769,32,256,25.6437
224,256,1,4,57,3249,32,256,9.33778
224,256,1,1,224,50176,64,256,103.784
224,256,1,2,113,12769,64,256,28.0796
224,256,1,4,57,3249,64,256,10.8782
224,256,1,1,224,50176,92,256,125.64
224,256,1,2,113,12769,92,256,34.1699
224,256,1,4,57,3249,92,256,11.7078
224,256,1,1,224,50176,128,256,162.512
224,256,1,2,113,12769,128,256,45.8303
224,256,1,4,57,3249,128,256,13.6886
224,256,1,1,224,50176,192,256,219.572
224,256,1,2,113,12769,192,256,58.4044
224,256,1,4,57,3249,192,256,14.4166
224,256,1,1,224,50176,256,256,282.037
224,256,1,2,113,12769,256,256,75.0839
224,256,1,4,57,3249,256,256,17.7376
224,256,3,1,222,49284,32,2304,556
224,256,3,2,112,12544,32,2304,95.9192
224,256,3,4,57,3249,32,2304,37.5743
224,256,3,1,222,49284,64,2304,616.921
224,256,3,2,112,12544,64,2304,149.703
224,256,3,4,57,3249,64,2304,51.1304
224,256,3,1,222,49284,92,2304,675.837
224,256,3,2,112,12544,92,2304,181.246
224,256,3,4,57,3249,92,2304,56.1563
224,256,3,1,222,49284,128,2304,736.279
224,256,3,2,112,12544,128,2304,228.051
224,256,3,4,57,3249,128,2304,73.8395
224,256,3,1,222,49284,192,2304,810.86
224,256,3,2,112,12544,192,2304,338.211
224,256,3,4,57,3249,192,2304,97.7149
224,256,3,1,222,49284,256,2304,1023.44
224,256,3,2,112,12544,256,2304,428.684
224,256,3,4,57,3249,256,2304,117.518
224,256,5,1,220,48400,32,6400,1133.76
224,256,5,2,111,12321,32,6400,287.021
224,256,5,4,56,3136,32,6400,69.9535
224,256,5,1,220,48400,64,6400,1869.8
224,256,5,2,111,12321,64,6400,419.889
224,256,5,4,56,3136,64,6400,107.834
224,256,5,1,220,48400,92,6400,2273.59
224,256,5,2,111,12321,92,6400,523.367
224,256,5,4,56,3136,92,6400,132.911
224,256,5,1,220,48400,128,6400,3117.73
224,256,5,2,111,12321,128,6400,684.074
224,256,5,4,56,3136,128,6400,173.428
224,256,5,1,220,48400,192,6400,4493.08
224,256,5,2,111,12321,192,6400,977.657
224,256,5,4,56,3136,192,6400,238.594
224,256,5,1,220,48400,256,6400,5688.35
224,256,5,2,111,12321,256,6400,1318.56
224,256,5,4,56,3136,256,6400,309.602
224,256,7,1,218,47524,32,12544,2624.11
224,256,7,2,110,12100,32,12544,628.27
224,256,7,4,56,3136,32,12544,178.597
224,256,7,1,218,47524,64,12544,3956.84
224,256,7,2,110,12100,64,12544,893.942
224,256,7,4,56,3136,64,12544,245.112
224,256,7,1,218,47524,92,12544,4679.89
224,256,7,2,110,12100,92,12544,1102.41
224,256,7,4,56,3136,92,12544,293.935
224,256,7,1,218,47524,128,12544,5962
224,256,7,2,110,12100,128,12544,1465.86
224,256,7,4,56,3136,128,12544,362.425
224,256,7,1,218,47524,192,12544,8318.49
224,256,7,2,110,12100,192,12544,2056.35
224,256,7,4,56,3136,192,12544,496.983
224,256,7,1,218,47524,256,12544,11115
224,256,7,2,110,12100,256,12544,2738.08
224,256,7,4,56,3136,256,12544,657.401
224,256,11,2,108,11664,32,30976,1919.36
224,256,11,4,55,3025,32,30976,475.172
224,256,11,2,108,11664,64,30976,2722.94
224,256,11,4,55,3025,64,30976,686.864
224,256,11,2,108,11664,92,30976,3198.35
224,256,11,4,55,3025,92,30976,786.357
224,256,11,2,108,11664,128,30976,4139.47
224,256,11,4,55,3025,128,30976,959.136
224,256,11,2,108,11664,192,30976,5570.8
224,256,11,4,55,3025,192,30976,1304.21
224,256,11,2,108,11664,256,30976,6974.69
224,256,11,4,55,3025,256,30976,1683.73
