28,32,1,32,1,28,0.16049277
28,32,1,32,2,15,0.039012685
28,32,1,32,4,8,0.02194686
28,32,1,64,1,28,0.29585321
28,32,1,64,2,15,0.063255253
28,32,1,64,4,8,0.027523184
28,32,1,92,1,28,0.60996835
28,32,1,92,2,15,0.089863476
28,32,1,92,4,8,0.032846614
28,32,1,128,1,28,0.64352144
28,32,1,128,2,15,0.1229892
28,32,1,128,4,8,0.038437176
28,32,1,192,1,28,0.95220693
28,32,1,192,2,15,0.17343466
28,32,1,192,4,8,0.049843735
28,32,1,256,1,28,1.2667187
28,32,1,256,2,15,0.24565296
28,32,1,256,4,8,0.070956429
28,32,3,32,1,26,0.17147863
28,32,3,32,2,14,0.072102927
28,32,3,32,4,8,0.063260677
28,32,3,64,1,26,0.44125822
28,32,3,64,2,14,0.110491174
28,32,3,64,4,8,0.038076254
28,32,3,92,1,26,0.45135477
28,32,3,92,2,14,0.14006689
28,32,3,92,4,8,0.062186951
28,32,3,128,1,26,0.64537125
28,32,3,128,2,14,0.1688898
28,32,3,128,4,8,0.12670125
28,32,3,192,1,26,0.79925804
28,32,3,192,2,14,0.22734131
28,32,3,192,4,8,0.18158196
28,32,3,256,1,26,1.1436843
28,32,3,256,2,14,0.30277333
28,32,3,256,4,8,0.11770532
28,32,5,32,1,24,0.17560765
28,32,5,32,2,13,0.087029097
28,32,5,32,4,7,0.047840923
28,32,5,64,1,24,0.28656687
28,32,5,64,2,13,0.11530294
28,32,5,64,4,7,0.041972833
28,32,5,92,1,24,0.38589387
28,32,5,92,2,13,0.17111138
28,32,5,92,4,7,0.105850264
28,32,5,128,1,24,0.53829358
28,32,5,128,2,13,0.17703823
28,32,5,128,4,7,0.18140907
28,32,5,192,1,24,1.06221017
28,32,5,192,2,13,0.23214607
28,32,5,192,4,7,0.2105755
28,32,5,256,1,24,1.43962
28,32,5,256,2,13,0.2998907
28,32,5,256,4,7,0.22682942
28,32,7,32,1,22,0.23899839
28,32,7,32,2,12,0.068433817
28,32,7,32,4,7,0.059406134
28,32,7,64,1,22,0.37314747
28,32,7,64,2,12,0.12421186
28,32,7,64,4,7,0.24404158
28,32,7,92,1,22,0.42353191
28,32,7,92,2,12,0.12849456
28,32,7,92,4,7,0.14865489
28,32,7,128,1,22,0.52285552
28,32,7,128,2,12,0.14776332
28,32,7,128,4,7,0.2028689
28,32,7,192,1,22,0.62379616
28,32,7,192,2,12,0.18737547
28,32,7,192,4,7,0.14325349
28,32,7,256,1,22,0.91355302
28,32,7,256,2,12,0.22886116
28,32,7,256,4,7,0.29642838
28,32,11,32,1,18,0.28518262
28,32,11,32,2,10,0.082632154
28,32,11,32,4,6,0.074714583
28,32,11,64,1,18,0.20429044
28,32,11,64,2,10,0.107601764
28,32,11,64,4,6,0.09200121
28,32,11,92,1,18,0.22982731
28,32,11,92,2,10,0.17171254
28,32,11,92,4,6,0.082284566
28,32,11,128,1,18,0.49392752
28,32,11,128,2,10,0.22502594
28,32,11,128,4,6,0.095407595
28,32,11,192,1,18,0.65585765
28,32,11,192,2,10,0.24851412
28,32,11,192,4,6,0.11798443
28,32,11,256,1,18,0.61695062
28,32,11,256,2,10,0.22970188
28,32,11,256,4,6,0.12653401
28,64,1,32,1,28,0.17334313
28,64,1,32,2,15,0.039850354
28,64,1,32,4,8,0.022926231
28,64,1,64,1,28,0.34479577
28,64,1,64,2,15,0.065528022
28,64,1,64,4,8,0.027549513
28,64,1,92,1,28,0.46277907
28,64,1,92,2,15,0.095234592
28,64,1,92,4,8,0.03255304
28,64,1,128,1,28,0.69383582
28,64,1,128,2,15,0.109532369
28,64,1,128,4,8,0.041407381
28,64,1,192,1,28,0.98147054
28,64,1,192,2,15,0.2488486
28,64,1,192,4,8,0.065230832
28,64,1,256,1,28,1.3020538
28,64,1,256,2,15,0.26511947
28,64,1,256,4,8,0.070222494
28,64,3,32,1,26,0.17064469
28,64,3,32,2,14,0.085916725
28,64,3,32,4,8,0.039808883
28,64,3,64,1,26,0.37799065
28,64,3,64,2,14,0.11386445
28,64,3,64,4,8,0.23248281
28,64,3,92,1,26,0.39820748
28,64,3,92,2,14,0.138312
28,64,3,92,4,8,0.14408065
28,64,3,128,1,26,0.53613754
28,64,3,128,2,14,0.1880998
28,64,3,128,4,8,0.18386343
28,64,3,192,1,26,0.90405989
28,64,3,192,2,14,0.23020812
28,64,3,192,4,8,0.24843163
28,64,3,256,1,26,1.1670527
28,64,3,256,2,14,0.29703067
28,64,3,256,4,8,0.19461425
28,64,5,32,1,24,0.19180281
28,64,5,32,2,13,0.087791734
28,64,5,32,4,7,0.20660242
28,64,5,64,1,24,0.28879184
28,64,5,64,2,13,0.1243678
28,64,5,64,4,7,0.18886255
28,64,5,92,1,24,0.38745101
28,64,5,92,2,13,0.14232802
28,64,5,92,4,7,0.20213779
28,64,5,128,1,24,0.55820644
28,64,5,128,2,13,0.16655522
28,64,5,128,4,7,0.24272174
28,64,5,192,1,24,1.1534023
28,64,5,192,2,13,0.21485142
28,64,5,192,4,7,0.22549489
28,64,5,256,1,24,1.4452587
28,64,5,256,2,13,0.27250289
28,64,5,256,4,7,0.26352956
28,64,7,32,1,22,0.25514722
28,64,7,32,2,12,0.105063106
28,64,7,32,4,7,0.19869242
28,64,7,64,1,22,0.39232131
28,64,7,64,2,12,0.10760651
28,64,7,64,4,7,0.21673061
28,64,7,92,1,22,0.56281797
28,64,7,92,2,12,0.12744027
28,64,7,92,4,7,0.19582787
28,64,7,128,1,22,0.53090225
28,64,7,128,2,12,0.14920633
28,64,7,128,4,7,0.19459843
28,64,7,192,1,22,0.70638899
28,64,7,192,2,12,0.19148076
28,64,7,192,4,7,0.27456627
28,64,7,256,1,22,0.90312199
28,64,7,256,2,12,0.23237546
28,64,7,256,4,7,0.21158798
28,64,11,32,1,18,0.34662298
28,64,11,32,2,10,0.25380026
28,64,11,32,4,6,0.074110259
28,64,11,64,1,18,0.34247249
28,64,11,64,2,10,0.25428051
28,64,11,64,4,6,0.087082546
28,64,11,92,1,18,0.37559053
28,64,11,92,2,10,0.112573086
28,64,11,92,4,6,0.086175043
28,64,11,128,1,18,0.41749884
28,64,11,128,2,10,0.20779457
28,64,11,128,4,6,0.098522779
28,64,11,192,1,18,0.59323079
28,64,11,192,2,10,0.18313797
28,64,11,192,4,6,0.10748786
28,64,11,256,1,18,0.72438876
28,64,11,256,2,10,0.37615779
28,64,11,256,4,6,0.12622439
28,92,1,32,1,28,0.37193611
28,92,1,32,2,15,0.054358537
28,92,1,32,4,8,0.022904422
28,92,1,64,1,28,0.44217239
28,92,1,64,2,15,0.068951244
28,92,1,64,4,8,0.029826463
28,92,1,92,1,28,0.47953471
28,92,1,92,2,15,0.098760531
28,92,1,92,4,8,0.035364141
28,92,1,128,1,28,0.71263224
28,92,1,128,2,15,0.128142
28,92,1,128,4,8,0.0466238
28,92,1,192,1,28,0.94979551
28,92,1,192,2,15,0.20016142
28,92,1,192,4,8,0.063967605
28,92,1,256,1,28,1.2798154
28,92,1,256,2,15,0.51325956
28,92,1,256,4,8,0.057402531
28,92,3,32,1,26,0.18596862
28,92,3,32,2,14,0.087034295
28,92,3,32,4,8,0.15653438
28,92,3,64,1,26,0.41480379
28,92,3,64,2,14,0.13982168
28,92,3,64,4,8,0.20996982
28,92,3,92,1,26,0.58151608
28,92,3,92,2,14,0.16054136
28,92,3,92,4,8,0.081301805
28,92,3,128,1,26,0.55235643
28,92,3,128,2,14,0.18101244
28,92,3,128,4,8,0.092942161
28,92,3,192,1,26,0.80920769
28,92,3,192,2,14,0.23475072
28,92,3,192,4,8,0.2269379
28,92,3,256,1,26,1.10288226
28,92,3,256,2,14,0.27919701
28,92,3,256,4,8,0.29349264
28,92,5,32,1,24,0.19957608
28,92,5,32,2,13,0.106585555
28,92,5,32,4,7,0.15758415
28,92,5,64,1,24,0.28241186
28,92,5,64,2,13,0.11953253
28,92,5,64,4,7,0.086870445
28,92,5,92,1,24,0.49813451
28,92,5,92,2,13,0.14062963
28,92,5,92,4,7,0.097440352
28,92,5,128,1,24,0.5813285
28,92,5,128,2,13,0.170404
28,92,5,128,4,7,0.22028446
28,92,5,192,1,24,1.09612712
28,92,5,192,2,13,0.21667072
28,92,5,192,4,7,0.20455599
28,92,5,256,1,24,1.4633613
28,92,5,256,2,13,0.27794384
28,92,5,256,4,7,0.14061946
28,92,7,32,1,22,0.33906215
28,92,7,32,2,12,0.089743922
28,92,7,32,4,7,0.19261076
28,92,7,64,1,22,0.32666266
28,92,7,64,2,12,0.11437069
28,92,7,64,4,7,0.22693112
28,92,7,92,1,22,0.38397174
28,92,7,92,2,12,0.12934545
28,92,7,92,4,7,0.26400755
28,92,7,128,1,22,0.58132963
28,92,7,128,2,12,0.14161612
28,92,7,128,4,7,0.23711807
28,92,7,192,1,22,0.85796154
28,92,7,192,2,12,0.18724891
28,92,7,192,4,7,0.13098847
28,92,7,256,1,22,0.96538838
28,92,7,256,2,12,0.22905665
28,92,7,256,4,7,0.14794073
28,92,11,32,1,18,0.17055768
28,92,11,32,2,10,0.2459897
28,92,11,32,4,6,0.079234018
28,92,11,64,1,18,0.25939715
28,92,11,64,2,10,0.11305537
28,92,11,64,4,6,0.082816118
28,92,11,92,1,18,0.35943831
28,92,11,92,2,10,0.26061868
28,92,11,92,4,6,0.084990577
28,92,11,128,1,18,0.53328542
28,92,11,128,2,10,0.31662713
28,92,11,128,4,6,0.11594252
28,92,11,192,1,18,0.68265786
28,92,11,192,2,10,0.35177126
28,92,11,192,4,6,0.11602275
28,92,11,256,1,18,0.83707236
28,92,11,256,2,10,0.25558453
28,92,11,256,4,6,0.12299598
28,128,1,32,1,28,0.40969054
28,128,1,32,2,15,0.058692991
28,128,1,32,4,8,0.023024202
28,128,1,64,1,28,0.36708615
28,128,1,64,2,15,0.0674497
28,128,1,64,4,8,0.051012381
28,128,1,92,1,28,0.47664982
28,128,1,92,2,15,0.101216699
28,128,1,92,4,8,0.042541336
28,128,1,128,1,28,0.71011799
28,128,1,128,2,15,0.13871089
28,128,1,128,4,8,0.044081187
28,128,1,192,1,28,0.95549523
28,128,1,192,2,15,0.22119185
28,128,1,192,4,8,0.060257476
28,128,1,256,1,28,1.318597
28,128,1,256,2,15,0.47142696
28,128,1,256,4,8,0.085476251
28,128,3,32,1,26,0.21465367
28,128,3,32,2,14,0.092949506
28,128,3,32,4,8,0.23938033
28,128,3,64,1,26,0.29871211
28,128,3,64,2,14,0.14326931
28,128,3,64,4,8,0.21321857
28,128,3,92,1,26,0.54742511
28,128,3,92,2,14,0.17196114
28,128,3,92,4,8,0.087660315
28,128,3,128,1,26,0.5510106
28,128,3,128,2,14,0.18576183
28,128,3,128,4,8,0.11582387
28,128,3,192,1,26,0.82268181
28,128,3,192,2,14,0.22918208
28,128,3,192,4,8,0.25843326
28,128,3,256,1,26,1.10920687
28,128,3,256,2,14,0.2871104
28,128,3,256,4,8,0.29472095
28,128,5,32,1,24,0.17958412
28,128,5,32,2,13,0.103996047
28,128,5,32,4,7,0.084632028
28,128,5,64,1,24,0.29638205
28,128,5,64,2,13,0.12391919
28,128,5,64,4,7,0.19996706
28,128,5,92,1,24,0.40131498
28,128,5,92,2,13,0.14351678
28,128,5,92,4,7,0.15991986
28,128,5,128,1,24,0.57668985
28,128,5,128,2,13,0.16718689
28,128,5,128,4,7,0.21677807
28,128,5,192,1,24,1.11840394
28,128,5,192,2,13,0.2195138
28,128,5,192,4,7,0.22108337
28,128,5,256,1,24,1.469
28,128,5,256,2,13,0.27524201
28,128,5,256,4,7,0.25219114
28,128,7,32,1,22,0.32503659
28,128,7,32,2,12,0.087745856
28,128,7,32,4,7,0.142719
28,128,7,64,1,22,0.33784288
28,128,7,64,2,12,0.110855599
28,128,7,64,4,7,0.15185053
28,128,7,92,1,22,0.42866324
28,128,7,92,2,12,0.13904763
28,128,7,92,4,7,0.11631994
28,128,7,128,1,22,0.48237101
28,128,7,128,2,12,0.15706774
28,128,7,128,4,7,0.12616337
28,128,7,192,1,22,0.77112669
28,128,7,192,2,12,0.19525948
28,128,7,192,4,7,0.167805
28,128,7,256,1,22,1.08217727
28,128,7,256,2,12,0.24655583
28,128,7,256,4,7,0.28123327
28,128,11,32,1,18,0.20358984
28,128,11,32,2,10,0.24209459
28,128,11,32,4,6,0.080236667
28,128,11,64,1,18,0.35512962
28,128,11,64,2,10,0.12670238
28,128,11,64,4,6,0.089891726
28,128,11,92,1,18,0.4348466
28,128,11,92,2,10,0.14689435
28,128,11,92,4,6,0.088846024
28,128,11,128,1,18,0.49578411
28,128,11,128,2,10,0.20147787
28,128,11,128,4,6,0.09443636
28,128,11,192,1,18,0.69311036
28,128,11,192,2,10,0.32585584
28,128,11,192,4,6,0.11789855
28,128,11,256,1,18,0.86569978
28,128,11,256,2,10,0.44013048
28,128,11,256,4,6,0.1260176
28,192,1,32,1,28,0.21499041
28,192,1,32,2,15,0.1714549
28,192,1,32,4,8,0.038601139
28,192,1,64,1,28,0.36206443
28,192,1,64,2,15,0.21739844
28,192,1,64,4,8,0.105500642
28,192,1,92,1,28,0.48944255
28,192,1,92,2,15,0.31480783
28,192,1,92,4,8,0.110839327
28,192,1,128,1,28,0.65000651
28,192,1,128,2,15,0.2825678
28,192,1,128,4,8,0.18795855
28,192,1,192,1,28,0.96059831
28,192,1,192,2,15,0.3615887
28,192,1,192,4,8,0.102783557
28,192,1,256,1,28,1.3476267
28,192,1,256,2,15,0.45116832
28,192,1,256,4,8,0.072921725
28,192,3,32,1,26,0.21604809
28,192,3,32,2,14,0.109513385
28,192,3,32,4,8,0.17020625
28,192,3,64,1,26,0.45649514
28,192,3,64,2,14,0.1403799
28,192,3,64,4,8,0.17654329
28,192,3,92,1,26,0.52450532
28,192,3,92,2,14,0.14398799
28,192,3,92,4,8,0.091553278
28,192,3,128,1,26,0.73623681
28,192,3,128,2,14,0.17913551
28,192,3,128,4,8,0.22073307
28,192,3,192,1,26,0.93995321
28,192,3,192,2,14,0.23426256
28,192,3,192,4,8,0.10582111
28,192,3,256,1,26,1.2137669
28,192,3,256,2,14,0.28390911
28,192,3,256,4,8,0.2174685
28,192,5,32,1,24,0.20540575
28,192,5,32,2,13,0.103181317
28,192,5,32,4,7,0.15190703
28,192,5,64,1,24,0.33152279
28,192,5,64,2,13,0.12812618
28,192,5,64,4,7,0.20796746
28,192,5,92,1,24,0.39776791
28,192,5,92,2,13,0.17045485
28,192,5,92,4,7,0.21060149
28,192,5,128,1,24,0.58005273
28,192,5,128,2,13,0.16712474
28,192,5,128,4,7,0.23097991
28,192,5,192,1,24,1.04994854
28,192,5,192,2,13,0.22853572
28,192,5,192,4,7,0.14448406
28,192,5,256,1,24,1.4758252
28,192,5,256,2,13,0.29596847
28,192,5,256,4,7,0.25871915
28,192,7,32,1,22,0.2405883
28,192,7,32,2,12,0.094752986
28,192,7,32,4,7,0.21715549
28,192,7,64,1,22,0.40675028
28,192,7,64,2,12,0.111880283
28,192,7,64,4,7,0.19996367
28,192,7,92,1,22,0.48126474
28,192,7,92,2,12,0.14873851
28,192,7,92,4,7,0.19297914
28,192,7,128,1,22,0.58500326
28,192,7,128,2,12,0.15650274
28,192,7,128,4,7,0.23692484
28,192,7,192,1,22,0.8014864
28,192,7,192,2,12,0.18914053
28,192,7,192,4,7,0.26379059
28,192,7,256,1,22,1.01295573
28,192,7,256,2,12,0.25295389
28,192,7,256,4,7,0.24467325
28,192,11,32,1,18,0.37398593
28,192,11,32,2,10,0.1324812
28,192,11,32,4,6,0.080517472
28,192,11,64,1,18,0.53932527
28,192,11,64,2,10,0.3306493
28,192,11,64,4,6,0.080666293
28,192,11,92,1,18,0.486917
28,192,11,92,2,10,0.24772425
28,192,11,92,4,6,0.088162826
28,192,11,128,1,18,0.50676771
28,192,11,128,2,10,0.29170498
28,192,11,128,4,6,0.096069662
28,192,11,192,1,18,0.78511496
28,192,11,192,2,10,0.40706555
28,192,11,192,4,6,0.12783916
28,192,11,256,1,18,0.8563479
28,192,11,256,2,10,0.58006968
28,192,11,256,4,6,0.13145403
28,256,1,32,1,28,0.23104319
28,256,1,32,2,15,0.076855933
28,256,1,32,4,8,0.23911026
28,256,1,64,1,28,0.37218132
28,256,1,64,2,15,0.115825
28,256,1,64,4,8,0.25424096
28,256,1,92,1,28,0.49938542
28,256,1,92,2,15,0.20148578
28,256,1,92,4,8,0.24578743
28,256,1,128,1,28,0.6848139
28,256,1,128,2,15,0.29896975
28,256,1,128,4,8,0.22895721
28,256,1,192,1,28,1.01540444
28,256,1,192,2,15,0.26146957
28,256,1,192,4,8,0.28274069
28,256,1,256,1,28,1.308088
28,256,1,256,2,15,0.41715532
28,256,1,256,4,8,0.21553281
28,256,3,32,1,26,0.32510439
28,256,3,32,2,14,0.102769884
28,256,3,32,4,8,0.12421864
28,256,3,64,1,26,0.47963076
28,256,3,64,2,14,0.11873814
28,256,3,64,4,8,0.13250041
28,256,3,92,1,26,0.44452618
28,256,3,92,2,14,0.14438462
28,256,3,92,4,8,0.27230175
28,256,3,128,1,26,0.75713955
28,256,3,128,2,14,0.20882739
28,256,3,128,4,8,0.26654666
28,256,3,192,1,26,0.94077811
28,256,3,192,2,14,0.23468744
28,256,3,192,4,8,0.24983509
28,256,3,256,1,26,1.1525096
28,256,3,256,2,14,0.29133095
28,256,3,256,4,8,0.24135218
28,256,5,32,1,24,0.18655735
28,256,5,32,2,13,0.097651323
28,256,5,32,4,7,0.086706708
28,256,5,64,1,24,0.29894602
28,256,5,64,2,13,0.11960033
28,256,5,64,4,7,0.23069289
28,256,5,92,1,24,0.4459997
28,256,5,92,2,13,0.14576322
28,256,5,92,4,7,0.16387825
28,256,5,128,1,24,0.61449739
28,256,5,128,2,13,0.17894228
28,256,5,128,4,7,0.17832417
28,256,5,192,1,24,0.99433672
28,256,5,192,2,13,0.23266022
28,256,5,192,4,7,0.23115619
28,256,5,256,1,24,1.4048838
28,256,5,256,2,13,0.32157879
28,256,5,256,4,7,0.25790894
28,256,7,32,1,22,0.35290239
28,256,7,32,2,12,0.089453286
28,256,7,32,4,7,0.20798893
28,256,7,64,1,22,0.57174158
28,256,7,64,2,12,0.14237548
28,256,7,64,4,7,0.21267391
28,256,7,92,1,22,0.50978368
28,256,7,92,2,12,0.17209335
28,256,7,92,4,7,0.13527682
28,256,7,128,1,22,0.74136814
28,256,7,128,2,12,0.17014975
28,256,7,128,4,7,0.13121673
28,256,7,192,1,22,0.85671741
28,256,7,192,2,12,0.20062359
28,256,7,192,4,7,0.19575442
28,256,7,256,1,22,1.08834933
28,256,7,256,2,12,0.25657102
28,256,7,256,4,7,0.27974393
28,256,11,32,1,18,0.5317554
28,256,11,32,2,10,0.12784594
28,256,11,32,4,6,0.077093798
28,256,11,64,1,18,0.54548942
28,256,11,64,2,10,0.29656172
28,256,11,64,4,6,0.086864569
28,256,11,92,1,18,0.58041659
28,256,11,92,2,10,0.26068083
28,256,11,92,4,6,0.092297496
28,256,11,128,1,18,0.65942732
28,256,11,128,2,10,0.36149378
28,256,11,128,4,6,0.09884223
28,256,11,192,1,18,0.81538992
28,256,11,192,2,10,0.44597032
28,256,11,192,4,6,0.11702732
28,256,11,256,1,18,0.8772077
28,256,11,256,2,10,0.48464683
28,256,11,256,4,6,0.13583052
56,32,1,32,1,56,0.81369605
56,32,1,32,2,29,0.20441813
56,32,1,32,4,15,0.039617348
56,32,1,64,1,56,1.3274449
56,32,1,64,2,29,0.41178556
56,32,1,64,4,15,0.062998969
56,32,1,92,1,56,1.9775339
56,32,1,92,2,29,0.55045803
56,32,1,92,4,15,0.086481725
56,32,1,128,1,56,2.9157277
56,32,1,128,2,29,0.67573661
56,32,1,128,4,15,0.20787819
56,32,1,192,1,56,5.6488361
56,32,1,192,2,29,1.03207872
56,32,1,192,4,15,0.22448806
56,32,1,256,1,56,8.253181
56,32,1,256,2,29,1.2998729
56,32,1,256,4,15,0.33734794
56,32,3,32,1,54,0.63020326
56,32,3,32,2,28,0.17839084
56,32,3,32,4,15,0.16070521
56,32,3,64,1,54,1.2139138
56,32,3,64,2,28,0.30929908
56,32,3,64,4,15,0.19988796
56,32,3,92,1,54,1.6400255
56,32,3,92,2,28,0.4040089
56,32,3,92,4,15,0.25846942
56,32,3,128,1,54,2.1808322
56,32,3,128,2,28,0.56820355
56,32,3,128,4,15,0.30296204
56,32,3,192,1,54,3.3303812
56,32,3,192,2,28,0.79100904
56,32,3,192,4,15,0.28520409
56,32,3,256,1,54,4.7770072
56,32,3,256,2,28,1.06256386
56,32,3,256,4,15,0.45900035
56,32,5,32,1,52,0.61925243
56,32,5,32,2,27,0.33873332
56,32,5,32,4,14,0.100261962
56,32,5,64,1,52,1.3190038
56,32,5,64,2,27,0.48974087
56,32,5,64,4,14,0.11721151
56,32,5,92,1,52,1.7993216
56,32,5,92,2,27,0.52686815
56,32,5,92,4,14,0.14481402
56,32,5,128,1,52,2.1460056
56,32,5,128,2,27,0.5474963
56,32,5,128,4,14,0.18144071
56,32,5,192,1,52,3.2504111
56,32,5,192,2,27,0.91688765
56,32,5,192,4,14,0.23416651
56,32,5,256,1,52,4.3618452
56,32,5,256,2,27,1.1310509
56,32,5,256,4,14,0.28117903
56,32,7,32,1,50,0.54779349
56,32,7,32,2,26,0.21271685
56,32,7,32,4,14,0.106896531
56,32,7,64,1,50,1.1662956
56,32,7,64,2,26,0.37269095
56,32,7,64,4,14,0.14700735
56,32,7,92,1,50,1.6160582
56,32,7,92,2,26,0.46788667
56,32,7,92,4,14,0.15690276
56,32,7,128,1,50,2.1188065
56,32,7,128,2,26,0.51093515
56,32,7,128,4,14,0.17403695
56,32,7,192,1,50,3.0082973
56,32,7,192,2,26,0.83124269
56,32,7,192,4,14,0.23144773
56,32,7,256,1,50,4.2224145
56,32,7,256,2,26,0.96328658
56,32,7,256,4,14,0.29189143
56,32,11,32,1,46,0.60059726
56,32,11,32,2,24,0.21430111
56,32,11,32,4,13,0.096808569
56,32,11,64,1,46,1.07216208
56,32,11,64,2,24,0.25660153
56,32,11,64,4,13,0.12206486
56,32,11,92,1,46,1.4722657
56,32,11,92,2,24,0.37562217
56,32,11,92,4,13,0.14110875
56,32,11,128,1,46,1.8247127
56,32,11,128,2,24,0.49262802
56,32,11,128,4,13,0.16331438
56,32,11,192,1,46,2.6526637
56,32,11,192,2,24,0.74155911
56,32,11,192,4,13,0.22264955
56,32,11,256,1,46,3.6213449
56,32,11,256,2,24,0.96608559
56,32,11,256,4,13,0.27957217
56,64,1,32,1,56,0.74436829
56,64,1,32,2,29,0.19162088
56,64,1,32,4,15,0.049150706
56,64,1,64,1,56,1.3100768
56,64,1,64,2,29,0.46783921
56,64,1,64,4,15,0.07654959
56,64,1,92,1,56,1.9966422
56,64,1,92,2,29,0.46743015
56,64,1,92,4,15,0.29211517
56,64,1,128,1,56,2.8036204
56,64,1,128,2,29,0.78709246
56,64,1,128,4,15,0.32771243
56,64,1,192,1,56,5.4132537
56,64,1,192,2,29,1.01229468
56,64,1,192,4,15,0.30465252
56,64,1,256,1,56,7.8774334
56,64,1,256,2,29,1.3751987
56,64,1,256,4,15,0.38894261
56,64,3,32,1,54,0.62578383
56,64,3,32,2,28,0.19134177
56,64,3,32,4,15,0.22297273
56,64,3,64,1,54,1.1988283
56,64,3,64,2,28,0.31295802
56,64,3,64,4,15,0.13431406
56,64,3,92,1,54,1.6995765
56,64,3,92,2,28,0.43109613
56,64,3,92,4,15,0.29275249
56,64,3,128,1,54,2.2478751
56,64,3,128,2,28,0.5736445
56,64,3,128,4,15,0.22264051
56,64,3,192,1,54,3.5347982
56,64,3,192,2,28,0.7900734
56,64,3,192,4,15,0.36749521
56,64,3,256,1,54,4.6817595
56,64,3,256,2,28,1.06795283
56,64,3,256,4,15,0.43685122
56,64,5,32,1,52,0.66281506
56,64,5,32,2,27,0.28324128
56,64,5,32,4,14,0.093837121
56,64,5,64,1,52,1.2448871
56,64,5,64,2,27,0.36369615
56,64,5,64,4,14,0.12895786
56,64,5,92,1,52,1.7072944
56,64,5,92,2,27,0.3999748
56,64,5,92,4,14,0.16621961
56,64,5,128,1,52,2.1677694
56,64,5,128,2,27,0.66571577
56,64,5,128,4,14,0.17392847
56,64,5,192,1,52,3.2025443
56,64,5,192,2,27,0.95232219
56,64,5,192,4,14,0.22784755
56,64,5,256,1,52,4.3910896
56,64,5,256,2,27,1.2529327
56,64,5,256,4,14,0.28835905
56,64,7,32,1,50,0.65364398
56,64,7,32,2,26,0.15654681
56,64,7,32,4,14,0.15742708
56,64,7,64,1,50,1.3441124
56,64,7,64,2,26,0.42345959
56,64,7,64,4,14,0.1216445
56,64,7,92,1,50,1.5798643
56,64,7,92,2,26,0.4818546
56,64,7,92,4,14,0.14924023
56,64,7,128,1,50,2.1204789
56,64,7,128,2,26,0.57103194
56,64,7,128,4,14,0.18059208
56,64,7,192,1,50,3.194849
56,64,7,192,2,26,0.7554502
56,64,7,192,4,14,0.23279356
56,64,7,256,1,50,4.1499363
56,64,7,256,2,26,1.12331266
56,64,7,256,4,14,0.2857431
56,64,11,32,1,46,0.66848088
56,64,11,32,2,24,0.21680632
56,64,11,32,4,13,0.097268818
56,64,11,64,1,46,1.11675979
56,64,11,64,2,24,0.33220079
56,64,11,64,4,13,0.13518303
56,64,11,92,1,46,1.4000248
56,64,11,92,2,24,0.43501723
56,64,11,92,4,13,0.15023689
56,64,11,128,1,46,1.8215035
56,64,11,128,2,24,0.58751751
56,64,11,128,4,13,0.1986653
56,64,11,192,1,46,2.7062596
56,64,11,192,2,24,0.87772072
56,64,11,192,4,13,0.24052389
56,64,11,256,1,46,3.5989144
56,64,11,256,2,24,1.03663262
56,64,11,256,4,13,0.28296104
56,92,1,32,1,56,0.72172987
56,92,1,32,2,29,0.37596117
56,92,1,32,4,15,0.039679159
56,92,1,64,1,56,1.3082462
56,92,1,64,2,29,0.43378101
56,92,1,64,4,15,0.1274866
56,92,1,92,1,56,1.8885577
56,92,1,92,2,29,0.47223943
56,92,1,92,4,15,0.20506562
56,92,1,128,1,56,2.8348536
56,92,1,128,2,29,0.66044997
56,92,1,128,4,15,0.22590621
56,92,1,192,1,56,5.4287686
56,92,1,192,2,29,1.01232406
56,92,1,192,4,15,0.28258249
56,92,1,256,1,56,8.4727061
56,92,1,256,2,29,1.3471634
56,92,1,256,4,15,0.3927541
56,92,3,32,1,54,0.64544809
56,92,3,32,2,28,0.181252
56,92,3,32,4,15,0.097217064
56,92,3,64,1,54,1.2461414
56,92,3,64,2,28,0.31071158
56,92,3,64,4,15,0.14562762
56,92,3,92,1,54,1.6994183
56,92,3,92,2,28,0.47082354
56,92,3,92,4,15,0.28983031
56,92,3,128,1,54,2.2799558
56,92,3,128,2,28,0.58941139
56,92,3,128,4,15,0.33383138
56,92,3,192,1,54,3.5785518
56,92,3,192,2,28,0.79439452
56,92,3,192,4,15,0.350526
56,92,3,256,1,54,4.8569321
56,92,3,256,2,28,1.05132036
56,92,3,256,4,15,0.41851697
56,92,5,32,1,52,0.67629596
56,92,5,32,2,27,0.30532939
56,92,5,32,4,14,0.17218714
56,92,5,64,1,52,1.1408932
56,92,5,64,2,27,0.33790729
56,92,5,64,4,14,0.12553735
56,92,5,92,1,52,1.5740674
56,92,5,92,2,27,0.57128054
56,92,5,92,4,14,0.14847183
56,92,5,128,1,52,2.2543387
56,92,5,128,2,27,0.56814027
56,92,5,128,4,14,0.17800664
56,92,5,192,1,52,3.2621066
56,92,5,192,2,27,0.89012812
56,92,5,192,4,14,0.24086854
56,92,5,256,1,52,4.5753248
56,92,5,256,2,27,1.1626796
56,92,5,256,4,14,0.28733188
56,92,7,32,1,50,0.76690388
56,92,7,32,2,26,0.18389281
56,92,7,32,4,14,0.093058212
56,92,7,64,1,50,1.2445481
56,92,7,64,2,26,0.31914816
56,92,7,64,4,14,0.12428757
56,92,7,92,1,50,1.5173753
56,92,7,92,2,26,0.45702511
56,92,7,92,4,14,0.15103919
56,92,7,128,1,50,2.1070771
56,92,7,128,2,26,0.59831353
56,92,7,128,4,14,0.17807444
56,92,7,192,1,50,3.0709219
56,92,7,192,2,26,0.91766396
56,92,7,192,4,14,0.23233591
56,92,7,256,1,50,4.0845545
56,92,7,256,2,26,1.03898867
56,92,7,256,4,14,0.28771043
56,92,11,32,1,46,0.63419781
56,92,11,32,2,24,0.21517234
56,92,11,32,4,13,0.099735495
56,92,11,64,1,46,1.10897861
56,92,11,64,2,24,0.33696261
56,92,11,64,4,13,0.13400218
56,92,11,92,1,46,1.390691
56,92,11,92,2,24,0.52046331
56,92,11,92,4,13,0.14667739
56,92,11,128,1,46,1.8312102
56,92,11,128,2,24,0.60257024
56,92,11,128,4,13,0.20563401
56,92,11,192,1,46,2.709514
56,92,11,192,2,24,0.89943593
56,92,11,192,4,13,0.2207003
56,92,11,256,1,46,3.6106212
56,92,11,256,2,24,1.1651543
56,92,11,256,4,13,0.32273478
56,128,1,32,1,56,0.6914018
56,128,1,32,2,29,0.37285932
56,128,1,32,4,15,0.27188026
56,128,1,64,1,56,1.2834653
56,128,1,64,2,29,0.39795549
56,128,1,64,4,15,0.27907949
56,128,1,92,1,56,1.9060727
56,128,1,92,2,29,0.48152012
56,128,1,92,4,15,0.25200243
56,128,1,128,1,56,2.9502153
56,128,1,128,2,29,0.69455337
56,128,1,128,4,15,0.33529925
56,128,1,192,1,56,6.9310132
56,128,1,192,2,29,1.10012619
56,128,1,192,4,15,0.37924721
56,128,1,256,1,56,8.7180517
56,128,1,256,2,29,1.3221791
56,128,1,256,4,15,0.4319764
56,128,3,32,1,54,0.62169097
56,128,3,32,2,28,0.36985691
56,128,3,32,4,15,0.18045083
56,128,3,64,1,54,1.2624021
56,128,3,64,2,28,0.4206877
56,128,3,64,4,15,0.13484855
56,128,3,92,1,54,1.6953616
56,128,3,92,2,28,0.43534154
56,128,3,92,4,15,0.26007628
56,128,3,128,1,54,2.3121156
56,128,3,128,2,28,0.55993534
56,128,3,128,4,15,0.2051741
56,128,3,192,1,54,3.609446
56,128,3,192,2,28,0.80315315
56,128,3,192,4,15,0.35445953
56,128,3,256,1,54,5.4542727
56,128,3,256,2,28,1.10704292
56,128,3,256,4,15,0.35789812
56,128,5,32,1,52,0.71992187
56,128,5,32,2,27,0.20861269
56,128,5,32,4,14,0.111693042
56,128,5,64,1,52,1.12914007
56,128,5,64,2,27,0.42908925
56,128,5,64,4,14,0.11886244
56,128,5,92,1,52,1.5681575
56,128,5,92,2,27,0.59896441
56,128,5,92,4,14,0.14585249
56,128,5,128,1,52,2.247344
56,128,5,128,2,27,0.68163521
56,128,5,128,4,14,0.17855017
56,128,5,192,1,52,3.2267376
56,128,5,192,2,27,0.90986131
56,128,5,192,4,14,0.24866667
56,128,5,256,1,52,4.333776
56,128,5,256,2,27,1.1913929
56,128,5,256,4,14,0.28599509
56,128,7,32,1,50,0.73866179
56,128,7,32,2,26,0.24985769
56,128,7,32,4,14,0.100511692
56,128,7,64,1,50,1.2493506
56,128,7,64,2,26,0.37143326
56,128,7,64,4,14,0.12529779
56,128,7,92,1,50,1.7642916
56,128,7,92,2,26,0.49751753
56,128,7,92,4,14,0.18782747
56,128,7,128,1,50,2.065753
56,128,7,128,2,26,0.6231272
56,128,7,128,4,14,0.19347069
56,128,7,192,1,50,3.0218234
56,128,7,192,2,26,0.78128426
56,128,7,192,4,14,0.23430211
56,128,7,256,1,50,4.2447885
56,128,7,256,2,26,1.1941614
56,128,7,256,4,14,0.29543963
56,128,11,32,1,46,0.94789033
56,128,11,32,2,24,0.29070719
56,128,11,32,4,13,0.100255521
56,128,11,64,1,46,1.3915724
56,128,11,64,2,24,0.42469468
56,128,11,64,4,13,0.13359538
56,128,11,92,1,46,1.6082612
56,128,11,92,2,24,0.53572396
56,128,11,92,4,13,0.14833284
56,128,11,128,1,46,2.1158798
56,128,11,128,2,24,0.70962305
56,128,11,128,4,13,0.17171819
56,128,11,192,1,46,2.9805784
56,128,11,192,2,24,1.10445748
56,128,11,192,4,13,0.26355668
56,128,11,256,1,46,3.8345646
56,128,11,256,2,24,1.1982859
56,128,11,256,4,13,0.32509422
56,192,1,32,1,56,0.7177308
56,192,1,32,2,29,0.25415056
56,192,1,32,4,15,0.16245784
56,192,1,64,1,56,1.3310496
56,192,1,64,2,29,0.35265492
56,192,1,64,4,15,0.28686632
56,192,1,92,1,56,2.0406896
56,192,1,92,2,29,0.48794982
56,192,1,92,4,15,0.14642992
56,192,1,128,1,56,2.8074624
56,192,1,128,2,29,0.68340253
56,192,1,128,4,15,0.37273841
56,192,1,192,1,56,5.4589622
56,192,1,192,2,29,0.97457189
56,192,1,192,4,15,0.48051103
56,192,1,256,1,56,8.5081429
56,192,1,256,2,29,1.3298179
56,192,1,256,4,15,0.32186468
56,192,3,32,1,54,0.63616175
56,192,3,32,2,28,0.21362763
56,192,3,32,4,15,0.1173279
56,192,3,64,1,54,1.2612608
56,192,3,64,2,28,0.34642975
56,192,3,64,4,15,0.25548057
56,192,3,92,1,54,1.7957621
56,192,3,92,2,28,0.49703728
56,192,3,92,4,15,0.28687084
56,192,3,128,1,54,2.4272965
56,192,3,128,2,28,0.57770798
56,192,3,128,4,15,0.26616359
56,192,3,192,1,54,3.614531
56,192,3,192,2,28,0.82013479
56,192,3,192,4,15,0.28063776
56,192,3,256,1,54,5.4675954
56,192,3,256,2,28,1.06393907
56,192,3,256,4,15,0.34108598
56,192,5,32,1,52,0.70687602
56,192,5,32,2,27,0.24607784
56,192,5,32,4,14,0.098039026
56,192,5,64,1,52,1.1665216
56,192,5,64,2,27,0.4232641
56,192,5,64,4,14,0.1274075
56,192,5,92,1,52,1.6434946
56,192,5,92,2,27,0.64731711
56,192,5,92,4,14,0.15373876
56,192,5,128,1,52,2.1382651
56,192,5,128,2,27,0.7657106
56,192,5,128,4,14,0.18056948
56,192,5,192,1,52,3.277678
56,192,5,192,2,27,1.09250773
56,192,5,192,4,14,0.24884747
56,192,5,256,1,52,4.3155717
56,192,5,256,2,27,1.2435989
56,192,5,256,4,14,0.28830142
56,192,7,32,1,50,0.76325398
56,192,7,32,2,26,0.30672381
56,192,7,32,4,14,0.104068141
56,192,7,64,1,50,1.2291123
56,192,7,64,2,26,0.47491188
56,192,7,64,4,14,0.16253129
56,192,7,92,1,50,1.700537
56,192,7,92,2,26,0.64411017
56,192,7,92,4,14,0.16519357
56,192,7,128,1,50,2.1668767
56,192,7,128,2,26,0.65729501
56,192,7,128,4,14,0.20622952
56,192,7,192,1,50,3.1190712
56,192,7,192,2,26,0.94077472
56,192,7,192,4,14,0.24199063
56,192,7,256,1,50,4.1033577
56,192,7,256,2,26,1.2806064
56,192,7,256,4,14,0.29828949
56,192,11,32,1,46,0.74349593
56,192,11,32,2,24,0.47455932
56,192,11,32,4,13,0.112244934
56,192,11,64,1,46,1.346169
56,192,11,64,2,24,0.66807295
56,192,11,64,4,13,0.15684287
56,192,11,92,1,46,1.7150462
56,192,11,92,2,24,0.67955375
56,192,11,92,4,13,0.15430941
56,192,11,128,1,46,2.1134051
56,192,11,128,2,24,0.78313181
56,192,11,128,4,13,0.20148126
56,192,11,192,1,46,2.9931892
56,192,11,192,2,24,1.01127655
56,192,11,192,4,13,0.2411307
56,192,11,256,1,46,3.8821715
56,192,11,256,2,24,1.1805336
56,192,11,256,4,13,0.28179375
56,256,1,32,1,56,0.70987052
56,256,1,32,2,29,0.25620603
56,256,1,32,4,15,0.12998164
56,256,1,64,1,56,1.4094038
56,256,1,64,2,29,0.39501071
56,256,1,64,4,15,0.111861412
56,256,1,92,1,56,2.0691204
56,256,1,92,2,29,0.53342215
56,256,1,92,4,15,0.13839449
56,256,1,128,1,56,2.8450462
56,256,1,128,2,29,0.70366343
56,256,1,128,4,15,0.36120676
56,256,1,192,1,56,5.3208197
56,256,1,192,2,29,1.00777468
56,256,1,192,4,15,0.39059354
56,256,1,256,1,56,8.3581241
56,256,1,256,2,29,1.3262697
56,256,1,256,4,15,0.41779716
56,256,3,32,1,54,0.80736805
56,256,3,32,2,28,0.18656639
56,256,3,32,4,15,0.18402163
56,256,3,64,1,54,1.4311789
56,256,3,64,2,28,0.39897023
56,256,3,64,4,15,0.15245847
56,256,3,92,1,54,1.8103956
56,256,3,92,2,28,0.42658856
56,256,3,92,4,15,0.25038088
56,256,3,128,1,54,2.3752148
56,256,3,128,2,28,0.62734097
56,256,3,128,4,15,0.26694555
56,256,3,192,1,54,3.6343851
56,256,3,192,2,28,0.8034752
56,256,3,192,4,15,0.37472834
56,256,3,256,1,54,4.7256713
56,256,3,256,2,28,1.08823633
56,256,3,256,4,15,0.48544348
56,256,5,32,1,52,0.65478302
56,256,5,32,2,27,0.30363891
56,256,5,32,4,14,0.10500412
56,256,5,64,1,52,1.2426271
56,256,5,64,2,27,0.46386726
56,256,5,64,4,14,0.13594126
56,256,5,92,1,52,1.604826
56,256,5,92,2,27,0.58166637
56,256,5,92,4,14,0.15318167
56,256,5,128,1,52,2.2611526
56,256,5,128,2,27,0.70909082
56,256,5,128,4,14,0.2082025
56,256,5,192,1,52,3.2801866
56,256,5,192,2,27,0.95545794
56,256,5,192,4,14,0.24751294
56,256,5,256,1,52,4.3250637
56,256,5,256,2,27,1.3541581
56,256,5,256,4,14,0.33807905
56,256,7,32,1,50,1.00654411
56,256,7,32,2,26,0.33624167
56,256,7,32,4,14,0.108077833
56,256,7,64,1,50,1.3984315
56,256,7,64,2,26,0.49648697
56,256,7,64,4,14,0.16814852
56,256,7,92,1,50,1.9025471
56,256,7,92,2,26,0.58979785
56,256,7,92,4,14,0.15229123
56,256,7,128,1,50,2.3098556
56,256,7,128,2,26,0.76635244
56,256,7,128,4,14,0.2189036
56,256,7,192,1,50,3.3403704
56,256,7,192,2,26,1.07452378
56,256,7,192,4,14,0.24185616
56,256,7,256,1,50,4.2837622
56,256,7,256,2,26,1.279612
56,256,7,256,4,14,0.30444912
56,256,11,32,1,46,0.91388863
56,256,11,32,2,24,0.37690924
56,256,11,32,4,13,0.10160056
56,256,11,64,1,46,1.3619099
56,256,11,64,2,24,0.47334344
56,256,11,64,4,13,0.13938437
56,256,11,92,1,46,1.5907123
56,256,11,92,2,24,0.66574402
56,256,11,92,4,13,0.15822712
56,256,11,128,1,46,2.1495086
56,256,11,128,2,24,0.71287293
56,256,11,128,4,13,0.19121295
56,256,11,192,1,46,2.9514357
56,256,11,192,2,24,0.95933497
56,256,11,192,4,13,0.2564761
56,256,11,256,1,46,3.885731
56,256,11,256,2,24,1.2362991
56,256,11,256,4,13,0.31659775
112,32,1,32,1,112,3.2714291
112,32,1,32,2,57,0.67996281
112,32,1,32,4,29,0.36032423
112,32,1,64,1,112,11.0996962
112,32,1,64,2,57,1.3097152
112,32,1,64,4,29,0.31799782
112,32,1,92,1,112,16.103969
112,32,1,92,2,57,1.9654994
112,32,1,92,4,29,0.62570586
112,32,1,128,1,112,22.416149
112,32,1,128,2,57,2.8408313
112,32,1,128,4,29,0.65405191
112,32,1,192,1,112,33.43557
112,32,1,192,2,57,6.4838044
112,32,1,192,4,29,1.06243052
112,32,1,256,1,112,45.17514
112,32,1,256,2,57,9.5486469
112,32,1,256,4,29,1.3600567
112,32,3,32,1,110,2.5582974
112,32,3,32,2,56,0.60606194
112,32,3,32,4,29,0.22659325
112,32,3,64,1,110,5.0538798
112,32,3,64,2,56,1.11117759
112,32,3,64,4,29,0.39411801
112,32,3,92,1,110,6.8654732
112,32,3,92,2,56,1.5596712
112,32,3,92,4,29,0.50142959
112,32,3,128,1,110,9.5628623
112,32,3,128,2,56,2.1911265
112,32,3,128,4,29,0.68775981
112,32,3,192,1,110,14.306591
112,32,3,192,2,56,3.2399925
112,32,3,192,4,29,0.99416496
112,32,3,256,1,110,19.249324
112,32,3,256,2,56,4.4022201
112,32,3,256,4,29,1.3132408
112,32,5,32,1,108,2.6342334
112,32,5,32,2,55,0.6297377
112,32,5,32,4,28,0.20174568
112,32,5,64,1,108,4.9617961
112,32,5,64,2,55,1.2110888
112,32,5,64,4,28,0.31941823
112,32,5,92,1,108,6.7886897
112,32,5,92,2,55,1.6289741
112,32,5,92,4,28,0.50002387
112,32,5,128,1,108,9.2039517
112,32,5,128,2,55,2.2202353
112,32,5,128,4,28,0.56292871
112,32,5,192,1,108,13.907927
112,32,5,192,2,55,3.6274921
112,32,5,192,4,28,0.8537489
112,32,5,256,1,108,18.757435
112,32,5,256,2,55,4.7867365
112,32,5,256,4,28,1.05846535
112,32,7,32,1,106,2.336614
112,32,7,32,2,54,0.54747709
112,32,7,32,4,28,0.17110347
112,32,7,64,1,106,4.6759061
112,32,7,64,2,54,1.09272808
112,32,7,64,4,28,0.31900352
112,32,7,92,1,106,6.3693806
112,32,7,92,2,54,1.6094929
112,32,7,92,4,28,0.4756057
112,32,7,128,1,106,8.5536028
112,32,7,128,2,54,2.1610798
112,32,7,128,4,28,0.570311
112,32,7,192,1,106,12.849117
112,32,7,192,2,54,3.0263095
112,32,7,192,4,28,0.79507478
112,32,7,256,1,106,17.449686
112,32,7,256,2,54,4.0851986
112,32,7,256,4,28,1.04951462
112,32,11,32,1,102,2.3993855
112,32,11,32,2,52,0.65027432
112,32,11,32,4,27,0.28493741
112,32,11,64,1,102,4.5237742
112,32,11,64,2,52,0.95586474
112,32,11,64,4,27,0.49989279
112,32,11,92,1,102,5.913629
112,32,11,92,2,52,1.3360668
112,32,11,92,4,27,0.54158075
112,32,11,128,1,102,8.5459866
112,32,11,128,2,52,1.9232374
112,32,11,128,4,27,0.62746414
112,32,11,192,1,102,12.879853
112,32,11,192,2,52,2.7381708
112,32,11,192,4,27,0.98971728
112,32,11,256,1,102,17.1082
112,32,11,256,2,52,3.687529
112,32,11,256,4,27,1.2291349
112,64,1,32,1,112,3.4111649
112,64,1,32,2,57,0.74279194
112,64,1,32,4,29,0.21732951
112,64,1,64,1,112,11.0028213
112,64,1,64,2,57,1.3112859
112,64,1,64,4,29,0.39168286
112,64,1,92,1,112,15.957634
112,64,1,92,2,57,1.9623128
112,64,1,92,4,29,0.48598136
112,64,1,128,1,112,22.199528
112,64,1,128,2,57,2.8053493
112,64,1,128,4,29,0.69850159
112,64,1,192,1,112,33.395568
112,64,1,192,2,57,5.4700814
112,64,1,192,4,29,0.97904217
112,64,1,256,1,112,45.014341
112,64,1,256,2,57,7.9301366
112,64,1,256,4,29,1.3454345
112,64,3,32,1,110,2.5431667
112,64,3,32,2,56,0.58067197
112,64,3,32,4,29,0.23684574
112,64,3,64,1,110,5.140144
112,64,3,64,2,56,1.1491309
112,64,3,64,4,29,0.3886974
112,64,3,92,1,110,6.9993782
112,64,3,92,2,56,1.5601006
112,64,3,92,4,29,0.52879367
112,64,3,128,1,110,9.4485402
112,64,3,128,2,56,2.2979002
112,64,3,128,4,29,0.69789026
112,64,3,192,1,110,14.301167
112,64,3,192,2,56,3.1988266
112,64,3,192,4,29,0.9568162
112,64,3,256,1,110,19.057224
112,64,3,256,2,56,4.4131698
112,64,3,256,4,29,1.282211
112,64,5,32,1,108,2.6461097
112,64,5,32,2,55,0.65037376
112,64,5,32,4,28,0.28954555
112,64,5,64,1,108,4.8310438
112,64,5,64,2,55,1.3396376
112,64,5,64,4,28,0.34126791
112,64,5,92,1,108,6.6964704
112,64,5,92,2,55,1.7623141
112,64,5,92,4,28,0.44902358
112,64,5,128,1,108,9.0772561
112,64,5,128,2,55,2.4097702
112,64,5,128,4,28,0.65071389
112,64,5,192,1,108,14.46061
112,64,5,192,2,55,3.5756929
112,64,5,192,4,28,0.85938986
112,64,5,256,1,108,19.119374
112,64,5,256,2,55,4.6602556
112,64,5,256,4,28,1.06533801
112,64,7,32,1,106,2.4194995
112,64,7,32,2,54,0.62701214
112,64,7,32,4,28,0.22327444
112,64,7,64,1,106,4.7501132
112,64,7,64,2,54,1.08368469
112,64,7,64,4,28,0.32013804
112,64,7,92,1,106,6.2659178
112,64,7,92,2,54,1.4927074
112,64,7,92,4,28,0.4200549
112,64,7,128,1,106,8.5631287
112,64,7,128,2,54,2.1039131
112,64,7,128,4,28,0.541948
112,64,7,192,1,106,12.800301
112,64,7,192,2,54,2.9460682
112,64,7,192,4,28,0.89944723
112,64,7,256,1,106,17.721903
112,64,7,256,2,54,4.1043295
112,64,7,256,4,28,1.1723637
112,64,11,32,1,102,2.3335178
112,64,11,32,2,52,0.53462673
112,64,11,32,4,27,0.33742026
112,64,11,64,1,102,4.4538837
112,64,11,64,2,52,1.04450872
112,64,11,64,4,27,0.46958845
112,64,11,92,1,102,5.9294716
112,64,11,92,2,52,1.4112231
112,64,11,92,4,27,0.55504131
112,64,11,128,1,102,8.6231543
112,64,11,128,2,52,1.9733755
112,64,11,128,4,27,0.73199479
112,64,11,192,1,102,12.979519
112,64,11,192,2,52,2.7577763
112,64,11,192,4,27,1.05936596
112,64,11,256,1,102,17.144812
112,64,11,256,2,52,3.8185299
112,64,11,256,4,27,1.2433051
112,92,1,32,1,112,3.2573606
112,92,1,32,2,57,0.74805548
112,92,1,32,4,29,0.20058517
112,92,1,64,1,112,11.2826432
112,92,1,64,2,57,1.3930188
112,92,1,64,4,29,0.36885799
112,92,1,92,1,112,15.779207
112,92,1,92,2,57,1.9384246
112,92,1,92,4,29,0.50494276
112,92,1,128,1,112,22.057148
112,92,1,128,2,57,2.8953312
112,92,1,128,4,29,0.67222683
112,92,1,192,1,112,32.908764
112,92,1,192,2,57,5.230883
112,92,1,192,4,29,0.97999702
112,92,1,256,1,112,44.684494
112,92,1,256,2,57,7.8674442
112,92,1,256,4,29,1.3212186
112,92,3,32,1,110,2.5908866
112,92,3,32,2,56,0.57844474
112,92,3,32,4,29,0.23524453
112,92,3,64,1,110,5.1645972
112,92,3,64,2,56,1.1589732
112,92,3,64,4,29,0.39042291
112,92,3,92,1,110,6.9412058
112,92,3,92,2,56,1.5815254
112,92,3,92,4,29,0.51035546
112,92,3,128,1,110,9.5178544
112,92,3,128,2,56,2.1950589
112,92,3,128,4,29,0.66675424
112,92,3,192,1,110,14.292466
112,92,3,192,2,56,3.2402072
112,92,3,192,4,29,0.99973586
112,92,3,256,1,110,19.594765
112,92,3,256,2,56,4.5483291
112,92,3,256,4,29,1.3012967
112,92,5,32,1,108,2.6667887
112,92,5,32,2,55,0.65585652
112,92,5,32,4,28,0.28510013
112,92,5,64,1,108,4.698766
112,92,5,64,2,55,1.3349029
112,92,5,64,4,28,0.31935608
112,92,5,92,1,108,6.6904814
112,92,5,92,2,55,1.7541216
112,92,5,92,4,28,0.4555482
112,92,5,128,1,108,9.1184333
112,92,5,128,2,55,2.3490101
112,92,5,128,4,28,0.63063718
112,92,5,192,1,108,13.603392
112,92,5,192,2,55,3.7616796
112,92,5,192,4,28,0.88961849
112,92,5,256,1,108,19.303338
112,92,5,256,2,55,5.4774942
112,92,5,256,4,28,1.06430293
112,92,7,32,1,106,2.4366868
112,92,7,32,2,54,0.5614405
112,92,7,32,4,28,0.19675108
112,92,7,64,1,106,4.7338864
112,92,7,64,2,54,1.11231889
112,92,7,64,4,28,0.31687234
112,92,7,92,1,106,6.3022473
112,92,7,92,2,54,1.5413652
112,92,7,92,4,28,0.47777869
112,92,7,128,1,106,8.4188277
112,92,7,128,2,54,2.0774146
112,92,7,128,4,28,0.55570575
112,92,7,192,1,106,12.638146
112,92,7,192,2,54,3.0919851
112,92,7,192,4,28,0.86032663
112,92,7,256,1,106,17.300187
112,92,7,256,2,54,4.061333
112,92,7,256,4,28,1.1549278
112,92,11,32,1,102,2.2813796
112,92,11,32,2,52,0.53178365
112,92,11,32,4,27,0.38482376
112,92,11,64,1,102,4.4189328
112,92,11,64,2,52,1.02551681
112,92,11,64,4,27,0.56463275
112,92,11,92,1,102,5.8406649
112,92,11,92,2,52,1.4312354
112,92,11,92,4,27,0.56584976
112,92,11,128,1,102,8.3697857
112,92,11,128,2,52,1.9066038
112,92,11,128,4,27,0.7208948
112,92,11,192,1,102,12.832958
112,92,11,192,2,52,2.8048182
112,92,11,192,4,27,1.05706415
112,92,11,256,1,102,17.132043
112,92,11,256,2,52,3.7800195
112,92,11,256,4,27,1.3575594
112,128,1,32,1,112,3.2664797
112,128,1,32,2,57,0.74386318
112,128,1,32,4,29,0.2647364
112,128,1,64,1,112,11.1851242
112,128,1,64,2,57,1.2985056
112,128,1,64,4,29,0.38217391
112,128,1,92,1,112,15.850736
112,128,1,92,2,57,1.9479392
112,128,1,92,4,29,0.50682082
112,128,1,128,1,112,22.2497
112,128,1,128,2,57,2.9595039
112,128,1,128,4,29,0.67539648
112,128,1,192,1,112,33.351272
112,128,1,192,2,57,5.2323407
112,128,1,192,4,29,1.01022226
112,128,1,256,1,112,45.18192
112,128,1,256,2,57,8.1663179
112,128,1,256,4,29,1.3391178
112,128,3,32,1,110,2.546681
112,128,3,32,2,56,0.66812493
112,128,3,32,4,29,0.38050264
112,128,3,64,1,110,5.2170518
112,128,3,64,2,56,1.138927
112,128,3,64,4,29,0.43530877
112,128,3,92,1,110,6.99696
112,128,3,92,2,56,1.5698186
112,128,3,92,4,29,0.51813325
112,128,3,128,1,110,9.2500218
112,128,3,128,2,56,2.267684
112,128,3,128,4,29,0.68217422
112,128,3,192,1,110,14.40072
112,128,3,192,2,56,3.4187585
112,128,3,192,4,29,0.96996488
112,128,3,256,1,110,19.279495
112,128,3,256,2,56,4.5548153
112,128,3,256,4,29,1.3046415
112,128,5,32,1,108,2.6469007
112,128,5,32,2,55,0.79591776
112,128,5,32,4,28,0.26344368
112,128,5,64,1,108,4.7668485
112,128,5,64,2,55,1.3583391
112,128,5,64,4,28,0.3185583
112,128,5,92,1,108,6.6461628
112,128,5,92,2,55,1.7782019
112,128,5,92,4,28,0.48399708
112,128,5,128,1,108,9.2319418
112,128,5,128,2,55,2.3833734
112,128,5,128,4,28,0.55484469
112,128,5,192,1,108,14.405466
112,128,5,192,2,55,3.6155028
112,128,5,192,4,28,0.86810216
112,128,5,256,1,108,18.466573
112,128,5,256,2,55,5.1405621
112,128,5,256,4,28,1.06828957
112,128,7,32,1,106,2.4700444
112,128,7,32,2,54,0.57257552
112,128,7,32,4,28,0.24032614
112,128,7,64,1,106,4.8738595
112,128,7,64,2,54,1.04719134
112,128,7,64,4,28,0.37256552
112,128,7,92,1,106,6.2866533
112,128,7,92,2,54,1.5457609
112,128,7,92,4,28,0.49099969
112,128,7,128,1,106,8.5307994
112,128,7,128,2,54,2.0511647
112,128,7,128,4,28,0.5551803
112,128,7,192,1,106,12.635434
112,128,7,192,2,54,3.0843124
112,128,7,192,4,28,0.80605386
112,128,7,256,1,106,17.278717
112,128,7,256,2,54,4.0660903
112,128,7,256,4,28,1.12694335
112,128,11,32,1,102,2.5407711
112,128,11,32,2,52,0.52826596
112,128,11,32,4,27,0.32193813
112,128,11,64,1,102,4.7581136
112,128,11,64,2,52,0.97220454
112,128,11,64,4,27,0.48012457
112,128,11,92,1,102,6.2148757
112,128,11,92,2,52,1.4471232
112,128,11,92,4,27,0.64470681
112,128,11,128,1,102,8.8241474
112,128,11,128,2,52,1.9386054
112,128,11,128,4,27,0.69368214
112,128,11,192,1,102,12.629332
112,128,11,192,2,52,2.7786926
112,128,11,192,4,27,0.98236098
112,128,11,256,1,102,17.442906
112,128,11,256,2,52,3.8467912
112,128,11,256,4,27,1.3655598
112,192,1,32,1,112,3.2641745
112,192,1,32,2,57,0.71271247
112,192,1,32,4,29,0.21576559
112,192,1,64,1,112,10.9403775
112,192,1,64,2,57,1.2817477
112,192,1,64,4,29,0.3545488
112,192,1,92,1,112,15.893563
112,192,1,92,2,57,2.0364182
112,192,1,92,4,29,0.50166576
112,192,1,128,1,112,22.276933
112,192,1,128,2,57,2.7831448
112,192,1,128,4,29,0.69095771
112,192,1,192,1,112,33.239741
112,192,1,192,2,57,7.0371089
112,192,1,192,4,29,1.01331846
112,192,1,256,1,112,45.144404
112,192,1,256,2,57,10.2641064
112,192,1,256,4,29,1.3950528
112,192,3,32,1,110,2.6360414
112,192,3,32,2,56,0.67762484
112,192,3,32,4,29,0.31370608
112,192,3,64,1,110,5.2159783
112,192,3,64,2,56,1.1715049
112,192,3,64,4,29,0.3947768
112,192,3,92,1,110,7.022837
112,192,3,92,2,56,1.6734735
112,192,3,92,4,29,0.5273484
112,192,3,128,1,110,9.4647557
112,192,3,128,2,56,2.339552
112,192,3,128,4,29,0.69560653
112,192,3,192,1,110,14.347836
112,192,3,192,2,56,3.3780107
112,192,3,192,4,29,1.08647692
112,192,3,256,1,110,19.371703
112,192,3,256,2,56,4.4972644
112,192,3,256,4,29,1.2747982
112,192,5,32,1,108,2.5737784
112,192,5,32,2,55,0.753597
112,192,5,32,4,28,0.24675245
112,192,5,64,1,108,4.7518986
112,192,5,64,2,55,1.3776847
112,192,5,64,4,28,0.321824
112,192,5,92,1,108,6.5451747
112,192,5,92,2,55,1.9132595
112,192,5,92,4,28,0.4713908
112,192,5,128,1,108,9.2547339
112,192,5,128,2,55,2.3820513
112,192,5,128,4,28,0.54819351
112,192,5,192,1,108,14.448858
112,192,5,192,2,55,3.5790038
112,192,5,192,4,28,0.82724588
112,192,5,256,1,108,18.875859
112,192,5,256,2,55,4.7882959
112,192,5,256,4,28,1.06021798
112,192,7,32,1,106,2.4129907
112,192,7,32,2,54,0.55678377
112,192,7,32,4,28,0.22402363
112,192,7,64,1,106,4.7823408
112,192,7,64,2,54,1.03649363
112,192,7,64,4,28,0.345667
112,192,7,92,1,106,6.3436618
112,192,7,92,2,54,1.5253644
112,192,7,92,4,28,0.48154272
112,192,7,128,1,106,8.5239064
112,192,7,128,2,54,2.0737082
112,192,7,128,4,28,0.63484191
112,192,7,192,1,106,12.750016
112,192,7,192,2,54,3.0208968
112,192,7,192,4,28,0.7964014
112,192,7,256,1,106,17.36132
112,192,7,256,2,54,4.086645
112,192,7,256,4,28,1.1603066
112,192,11,32,1,102,2.5207136
112,192,11,32,2,52,0.57440499
112,192,11,32,4,27,0.37437013
112,192,11,64,1,102,4.7163714
112,192,11,64,2,52,0.99472431
112,192,11,64,4,27,0.5810573
112,192,11,92,1,102,6.0456921
112,192,11,92,2,52,1.4357215
112,192,11,92,4,27,0.64222533
112,192,11,128,1,102,8.696141
112,192,11,128,2,52,1.9584256
112,192,11,128,4,27,0.83498977
112,192,11,192,1,102,13.300213
112,192,11,192,2,52,2.8540071
112,192,11,192,4,27,1.08002123
112,192,11,256,1,102,17.298266
112,192,11,256,2,52,3.9679272
112,192,11,256,4,27,1.5052391
112,256,1,32,1,112,3.4884569
112,256,1,32,2,57,0.75288397
112,256,1,32,4,29,0.22992675
112,256,1,64,1,112,11.243952
112,256,1,64,2,57,1.338033
112,256,1,64,4,29,0.37928676
112,256,1,92,1,112,15.912321
112,256,1,92,2,57,2.1308071
112,256,1,92,4,29,0.5089633
112,256,1,128,1,112,21.917819
112,256,1,128,2,57,3.025462
112,256,1,128,4,29,0.71822461
112,256,1,192,1,112,32.756553
112,256,1,192,2,57,5.8481455
112,256,1,192,4,29,1.06906475
112,256,1,256,1,112,44.350579
112,256,1,256,2,57,8.1021565
112,256,1,256,4,29,1.355096
112,256,3,32,1,110,2.6838404
112,256,3,32,2,56,0.67630726
112,256,3,32,4,29,0.39589663
112,256,3,64,1,110,5.2037517
112,256,3,64,2,56,1.3424739
112,256,3,64,4,29,0.51752983
112,256,3,92,1,110,7.1316334
112,256,3,92,2,56,1.910039
112,256,3,92,4,29,0.52459233
112,256,3,128,1,110,9.5651562
112,256,3,128,2,56,2.4031032
112,256,3,128,4,29,0.7258103
112,256,3,192,1,110,14.674067
112,256,3,192,2,56,3.690128
112,256,3,192,4,29,1.03087527
112,256,3,256,1,110,19.525722
112,256,3,256,2,56,4.9099969
112,256,3,256,4,29,1.3598081
112,256,5,32,1,108,2.7137967
112,256,5,32,2,55,0.89498599
112,256,5,32,4,28,0.20200332
112,256,5,64,1,108,4.7511528
112,256,5,64,2,55,1.4333824
112,256,5,64,4,28,0.35947221
112,256,5,92,1,108,6.6010306
112,256,5,92,2,55,1.8952586
112,256,5,92,4,28,0.46887655
112,256,5,128,1,108,9.0970537
112,256,5,128,2,55,2.468372
112,256,5,128,4,28,0.53597143
112,256,5,192,1,108,13.636614
112,256,5,192,2,55,3.845051
112,256,5,192,4,28,0.96136106
112,256,5,256,1,108,18.634717
112,256,5,256,2,55,4.8049747
112,256,5,256,4,28,1.05925635
112,256,7,32,1,106,2.5520146
112,256,7,32,2,54,0.58377382
112,256,7,32,4,28,0.23044881
112,256,7,64,1,106,4.9079742
112,256,7,64,2,54,1.0769126
112,256,7,64,4,28,0.319451
112,256,7,92,1,106,6.3896754
112,256,7,92,2,54,1.6246575
112,256,7,92,4,28,0.49679998
112,256,7,128,1,106,8.6018312
112,256,7,128,2,54,2.164289
112,256,7,128,4,28,0.6551853
112,256,7,192,1,106,13.14642
112,256,7,192,2,54,3.1363715
112,256,7,192,4,28,0.94036905
112,256,7,256,1,106,17.534775
112,256,7,256,2,54,4.2788128
112,256,7,256,4,28,1.03970283
112,256,11,32,1,102,2.4152055
112,256,11,32,2,52,0.7592922
112,256,11,32,4,27,0.66198564
112,256,11,64,1,102,4.5023946
112,256,11,64,2,52,1.05958292
112,256,11,64,4,27,0.77544555
112,256,11,92,1,102,5.9851467
112,256,11,92,2,52,1.3474459
112,256,11,92,4,27,0.89609791
112,256,11,128,1,102,8.8637313
112,256,11,128,2,52,2.1672948
112,256,11,128,4,27,1.04781171
112,256,11,192,1,102,13.034324
112,256,11,192,2,52,2.9605887
112,256,11,192,4,27,1.3122012
112,256,11,256,1,102,17.273971
112,256,11,256,2,52,3.9444458
112,256,11,256,4,27,1.5664512
224,32,1,32,1,224,25.13233
224,32,1,32,2,113,3.2954755
224,32,1,32,4,57,0.74987591
224,32,1,64,1,224,49.130818
224,32,1,64,2,113,11.0087312
224,32,1,64,4,57,1.3848489
224,32,1,92,1,224,71.531147
224,32,1,92,2,113,15.40755
224,32,1,92,4,57,2.0438988
224,32,1,128,1,224,95.04882
224,32,1,128,2,113,22.660003
224,32,1,128,4,57,2.8457016
224,32,1,192,1,224,301.13596
224,32,1,192,2,113,32.126465
224,32,1,192,4,57,6.4975678
224,32,1,256,1,224,670.26967
224,32,1,256,2,113,43.513814
224,32,1,256,4,57,8.1991331
224,32,3,32,1,222,9.9348244
224,32,3,32,2,112,2.1905163
224,32,3,32,4,57,0.72064507
224,32,3,64,1,222,20.393901
224,32,3,64,2,112,4.2641002
224,32,3,64,4,57,1.3771423
224,32,3,92,1,222,27.642625
224,32,3,92,2,112,6.3272881
224,32,3,92,4,57,2.0211406
224,32,3,128,1,222,39.503783
224,32,3,128,2,112,8.7747325
224,32,3,128,4,57,3.1124381
224,32,3,192,1,222,60.920221
224,32,3,192,2,112,13.559322
224,32,3,192,4,57,5.1588229
224,32,3,256,1,222,81.312879
224,32,3,256,2,112,17.688342
224,32,3,256,4,57,8.9658833
224,32,5,32,1,220,10.865515
224,32,5,32,2,111,2.4705981
224,32,5,32,4,56,0.58501682
224,32,5,64,1,220,20.129368
224,32,5,64,2,111,5.141952
224,32,5,64,4,56,1.10346195
224,32,5,92,1,220,28.662111
224,32,5,92,2,111,6.9666421
224,32,5,92,4,56,1.5485972
224,32,5,128,1,220,39.366262
224,32,5,128,2,111,9.3557559
224,32,5,128,4,56,2.1786739
224,32,5,192,1,220,60.259171
224,32,5,192,2,111,13.946121
224,32,5,192,4,56,3.2297547
224,32,5,256,1,220,83.390045
224,32,5,256,2,111,19.318141
224,32,5,256,4,56,4.7476272
224,32,7,32,1,218,9.3855766
224,32,7,32,2,110,2.5401722
224,32,7,32,4,56,0.80637704
224,32,7,64,1,218,18.902188
224,32,7,64,2,110,4.5431311
224,32,7,64,4,56,1.2090096
224,32,7,92,1,218,25.816432
224,32,7,92,2,110,6.1992478
224,32,7,92,4,56,1.7576698
224,32,7,128,1,218,35.435218
224,32,7,128,2,110,8.7532851
224,32,7,128,4,56,2.4490151
224,32,7,192,1,218,55.614419
224,32,7,192,2,110,12.512942
224,32,7,192,4,56,3.3851297
224,32,7,256,1,218,75.229072
224,32,7,256,2,110,16.642414
224,32,7,256,4,56,4.6500517
224,32,11,32,1,214,9.3747286
224,32,11,32,2,108,2.3870233
224,32,11,32,4,55,0.7666824
224,32,11,64,1,214,18.414593
224,32,11,64,2,108,4.3809535
224,32,11,64,4,55,1.747206
224,32,11,92,1,214,24.71536
224,32,11,92,2,108,6.0211711
224,32,11,92,4,55,1.9359273
224,32,11,128,1,214,33.28528
224,32,11,128,2,108,8.1218298
224,32,11,128,4,55,2.5821517
224,32,11,192,1,214,50.737904
224,32,11,192,2,108,11.957886
224,32,11,192,4,55,3.7117788
224,32,11,256,1,214,68.520375
224,32,11,256,2,108,16.60196
224,32,11,256,4,55,4.8713509
224,64,1,32,1,224,24.736039
224,64,1,32,2,113,3.3564955
224,64,1,32,4,57,0.68304319
224,64,1,64,1,224,48.965951
224,64,1,64,2,113,11.2036675
224,64,1,64,4,57,1.3035002
224,64,1,92,1,224,71.212261
224,64,1,92,2,113,15.527556
224,64,1,92,4,57,2.0333672
224,64,1,128,1,224,95.512233
224,64,1,128,2,113,22.176137
224,64,1,128,4,57,2.8904948
224,64,1,192,1,224,309.59288
224,64,1,192,2,113,32.184095
224,64,1,192,4,57,5.684465
224,64,1,256,1,224,627.07316
224,64,1,256,2,113,43.661166
224,64,1,256,4,57,8.0629116
224,64,3,32,1,222,10.1331055
224,64,3,32,2,112,2.20915
224,64,3,32,4,57,0.74353209
224,64,3,64,1,222,20.134905
224,64,3,64,2,112,4.3030061
224,64,3,64,4,57,1.674547
224,64,3,92,1,222,28.157227
224,64,3,92,2,112,6.5717297
224,64,3,92,4,57,2.4967576
224,64,3,128,1,222,39.62458
224,64,3,128,2,112,8.8151413
224,64,3,128,4,57,3.1480105
224,64,3,192,1,222,60.76914
224,64,3,192,2,112,13.272641
224,64,3,192,4,57,5.3844952
224,64,3,256,1,222,81.978901
224,64,3,256,2,112,18.590195
224,64,3,256,4,57,8.2560851
224,64,5,32,1,220,11.0287435
224,64,5,32,2,111,2.7998575
224,64,5,32,4,56,0.71443233
224,64,5,64,1,220,20.400681
224,64,5,64,2,111,5.1746429
224,64,5,64,4,56,1.1557753
224,64,5,92,1,220,29.032525
224,64,5,92,2,111,7.1681889
224,64,5,92,4,56,1.6279232
224,64,5,128,1,220,39.778486
224,64,5,128,2,111,9.4987122
224,64,5,128,4,56,2.4541114
224,64,5,192,1,220,60.291037
224,64,5,192,2,111,14.242407
224,64,5,192,4,56,3.4266572
224,64,5,256,1,220,82.353044
224,64,5,256,2,111,19.36594
224,64,5,256,4,56,4.572884
224,64,7,32,1,218,9.4070918
224,64,7,32,2,110,2.698101
224,64,7,32,4,56,0.75432246
224,64,7,64,1,218,18.827608
224,64,7,64,2,110,4.2665184
224,64,7,64,4,56,1.4777123
224,64,7,92,1,218,25.812364
224,64,7,92,2,110,6.1056612
224,64,7,92,4,56,1.901338
224,64,7,128,1,218,36.062368
224,64,7,128,2,110,8.3488242
224,64,7,128,4,56,2.5586816
224,64,7,192,1,218,55.830701
224,64,7,192,2,110,12.589217
224,64,7,192,4,56,3.6221246
224,64,7,256,1,218,75.222857
224,64,7,256,2,110,17.10029
224,64,7,256,4,56,4.7310727
224,64,11,32,1,214,9.3902209
224,64,11,32,2,108,2.2039181
224,64,11,32,4,55,0.99745891
224,64,11,64,1,214,18.381145
224,64,11,64,2,108,4.2078601
224,64,11,64,4,55,1.5477497
224,64,11,92,1,214,24.647334
224,64,11,92,2,108,5.8550046
224,64,11,92,4,55,1.9046037
224,64,11,128,1,214,33.31466
224,64,11,128,2,108,8.2430788
224,64,11,128,4,55,2.5164309
224,64,11,192,1,214,50.200928
224,64,11,192,2,108,12.124335
224,64,11,192,4,55,3.7340172
224,64,11,256,1,214,68.676993
224,64,11,256,2,108,16.514159
224,64,11,256,4,55,5.7592032
224,92,1,32,1,224,24.736039
224,92,1,32,2,113,3.4607945
224,92,1,32,4,57,0.75824582
224,92,1,64,1,224,48.891032
224,92,1,64,2,113,11.0588919
224,92,1,64,4,57,1.347977
224,92,1,92,1,224,71.226612
224,92,1,92,2,113,15.805536
224,92,1,92,4,57,1.935803
224,92,1,128,1,224,94.107191
224,92,1,128,2,113,21.769676
224,92,1,128,4,57,3.0650911
224,92,1,192,1,224,336.37501
224,92,1,192,2,113,32.312802
224,92,1,192,4,57,5.3697148
224,92,1,256,1,224,683.41383
224,92,1,256,2,113,43.696083
224,92,1,256,4,57,8.0655332
224,92,3,32,1,222,10.0547626
224,92,3,32,2,112,2.3781302
224,92,3,32,4,57,0.95573705
224,92,3,64,1,222,20.251408
224,92,3,64,2,112,4.4894448
224,92,3,64,4,57,1.4150651
224,92,3,92,1,222,28.393284
224,92,3,92,2,112,6.3703863
224,92,3,92,4,57,2.371192
224,92,3,128,1,222,39.825268
224,92,3,128,2,112,8.7441321
224,92,3,128,4,57,2.9743973
224,92,3,192,1,222,61.406686
224,92,3,192,2,112,13.442819
224,92,3,192,4,57,5.3425835
224,92,3,256,1,222,82.217783
224,92,3,256,2,112,18.039433
224,92,3,256,4,57,7.9384082
224,92,5,32,1,220,10.9474513
224,92,5,32,2,111,2.5939263
224,92,5,32,4,56,0.68186573
224,92,5,64,1,220,20.330847
224,92,5,64,2,111,5.2522739
224,92,5,64,4,56,1.1755955
224,92,5,92,1,220,28.905513
224,92,5,92,2,111,7.0572116
224,92,5,92,4,56,2.0088462
224,92,5,128,1,220,39.780407
224,92,5,128,2,111,9.5442964
224,92,5,128,4,56,2.580129
224,92,5,192,1,220,60.264482
224,92,5,192,2,111,14.454847
224,92,5,192,4,56,3.6871222
224,92,5,256,1,220,82.66628
224,92,5,256,2,111,19.352606
224,92,5,256,4,56,4.6722223
224,92,7,32,1,218,9.5414827
224,92,7,32,2,110,2.2629041
224,92,7,32,4,56,0.79650197
224,92,7,64,1,218,19.041856
224,92,7,64,2,110,4.2959436
224,92,7,64,4,56,1.3904763
224,92,7,92,1,218,25.813494
224,92,7,92,2,110,6.0341209
224,92,7,92,4,56,1.9012024
224,92,7,128,1,218,36.077284
224,92,7,128,2,110,8.5946331
224,92,7,128,4,56,2.4378959
224,92,7,192,1,218,55.56323
224,92,7,192,2,110,12.782221
224,92,7,192,4,56,3.6915744
224,92,7,256,1,218,75.145791
224,92,7,256,2,110,16.851464
224,92,7,256,4,56,4.7470961
224,92,11,32,1,214,9.137406
224,92,11,32,2,108,2.0660016
224,92,11,32,4,55,0.93559593
224,92,11,64,1,214,18.439114
224,92,11,64,2,108,4.2200189
224,92,11,64,4,55,1.6055605
224,92,11,92,1,214,25.081593
224,92,11,92,2,108,5.7807184
224,92,11,92,4,55,1.9480974
224,92,11,128,1,214,33.485742
224,92,11,128,2,108,8.0961336
224,92,11,128,4,55,2.5248042
224,92,11,192,1,214,51.689929
224,92,11,192,2,108,12.134505
224,92,11,192,4,55,3.6040107
224,92,11,256,1,214,68.764681
224,92,11,256,2,108,16.186798
224,92,11,256,4,55,5.500049
224,128,1,32,1,224,24.686319
224,128,1,32,2,113,4.2058261
224,128,1,32,4,57,0.69945644
224,128,1,64,1,224,49.975041
224,128,1,64,2,113,11.348816
224,128,1,64,4,57,1.4354729
224,128,1,92,1,224,71.906985
224,128,1,92,2,113,15.619199
224,128,1,92,4,57,2.195025
224,128,1,128,1,224,94.525856
224,128,1,128,2,113,22.093873
224,128,1,128,4,57,2.902066
224,128,1,192,1,224,298.11095
224,128,1,192,2,113,32.728981
224,128,1,192,4,57,5.6171735
224,128,1,256,1,224,650.61219
224,128,1,256,2,113,43.143965
224,128,1,256,4,57,10.0272923
224,128,3,32,1,222,10.1008666
224,128,3,32,2,112,2.6454543
224,128,3,32,4,57,1.059714
224,128,3,64,1,222,20.424863
224,128,3,64,2,112,4.4846084
224,128,3,64,4,57,1.5743612
224,128,3,92,1,222,28.142876
224,128,3,92,2,112,6.4352483
224,128,3,92,4,57,2.2501464
224,128,3,128,1,222,40.213875
224,128,3,128,2,112,9.0223833
224,128,3,128,4,57,3.0721536
224,128,3,192,1,222,61.138085
224,128,3,192,2,112,13.476719
224,128,3,192,4,57,5.2362505
224,128,3,256,1,222,82.284679
224,128,3,256,2,112,17.789138
224,128,3,256,4,57,8.0842347
224,128,5,32,1,220,10.7424467
224,128,5,32,2,111,2.7475385
224,128,5,32,4,56,0.82089415
224,128,5,64,1,220,20.624534
224,128,5,64,2,111,5.1691511
224,128,5,64,4,56,1.4076071
224,128,5,92,1,220,28.745053
224,128,5,92,2,111,7.132221
224,128,5,92,4,56,1.846533
224,128,5,128,1,220,39.612941
224,128,5,128,2,111,9.5886941
224,128,5,128,4,56,2.5826828
224,128,5,192,1,220,59.959834
224,128,5,192,2,111,14.365351
224,128,5,192,4,56,3.7605609
224,128,5,256,1,220,82.607294
224,128,5,256,2,111,19.256669
224,128,5,256,4,56,4.7455254
224,128,7,32,1,218,9.5496526
224,128,7,32,2,110,2.2797072
224,128,7,32,4,56,0.88079545
224,128,7,64,1,218,18.95123
224,128,7,64,2,110,4.2875138
224,128,7,64,4,56,1.3346995
224,128,7,92,1,218,25.836998
224,128,7,92,2,110,6.1766139
224,128,7,92,4,56,2.0615494
224,128,7,128,1,218,36.234467
224,128,7,128,2,110,8.4080023
224,128,7,128,4,56,2.538997
224,128,7,192,1,218,55.96664
224,128,7,192,2,110,12.645378
224,128,7,192,4,56,3.5936712
224,128,7,256,1,218,74.936628
224,128,7,256,2,110,16.692812
224,128,7,256,4,56,5.4797768
224,128,11,32,1,214,9.1904482
224,128,11,32,2,108,2.0808498
224,128,11,32,4,55,0.91290327
224,128,11,64,1,214,18.359675
224,128,11,64,2,108,4.1375628
224,128,11,64,4,55,1.5602362
224,128,11,92,1,214,25.057637
224,128,11,92,2,108,5.9100017
224,128,11,92,4,55,1.9228532
224,128,11,128,1,214,34.760382
224,128,11,128,2,108,8.1075127
224,128,11,128,4,55,2.5218662
224,128,11,192,1,214,51.738406
224,128,11,192,2,108,12.351917
224,128,11,192,4,55,3.6847718
224,128,11,256,1,214,69.404487
224,128,11,256,2,108,16.460371
224,128,11,256,4,55,5.6981267
224,192,1,32,1,224,25.160128
224,192,1,32,2,113,3.5415556
224,192,1,32,4,57,0.84842434
224,192,1,64,1,224,50.020015
224,192,1,64,2,113,11.2769141
224,192,1,64,4,57,1.4669208
224,192,1,92,1,224,72.441814
224,192,1,92,2,113,16.054249
224,192,1,92,4,57,2.1825385
224,192,1,128,1,224,98.129652
224,192,1,128,2,113,22.077488
224,192,1,128,4,57,3.0656222
224,192,1,192,1,224,314.80444
224,192,1,192,2,113,32.873734
224,192,1,192,4,57,5.4768388
224,192,1,256,1,224,585.79313
224,192,1,256,2,113,43.888861
224,192,1,256,4,57,9.863544
224,192,3,32,1,222,10.3402684
224,192,3,32,2,112,2.4622926
224,192,3,32,4,57,1.05199723
224,192,3,64,1,222,20.616285
224,192,3,64,2,112,4.4424255
224,192,3,64,4,57,1.4822888
224,192,3,92,1,222,28.122197
224,192,3,92,2,112,6.6298682
224,192,3,92,4,57,2.0440909
224,192,3,128,1,222,40.056466
224,192,3,128,2,112,9.1285129
224,192,3,128,4,57,2.8342547
224,192,3,192,1,222,61.103507
224,192,3,192,2,112,13.30123
224,192,3,192,4,57,7.541394
224,192,3,256,1,222,81.274346
224,192,3,256,2,112,18.059547
224,192,3,256,4,57,10.0248741
224,192,5,32,1,220,11.165869
224,192,5,32,2,111,2.8696915
224,192,5,32,4,56,0.92866338
224,192,5,64,1,220,20.239091
224,192,5,64,2,111,5.4025413
224,192,5,64,4,56,1.4316761
224,192,5,92,1,220,28.699514
224,192,5,92,2,111,7.1030557
224,192,5,92,4,56,2.09615
224,192,5,128,1,220,39.56243
224,192,5,128,2,111,9.8583799
224,192,5,128,4,56,2.5545006
224,192,5,192,1,220,59.776661
224,192,5,192,2,111,14.57361
224,192,5,192,4,56,3.738266
224,192,5,256,1,220,82.470112
224,192,5,256,2,111,19.374302
224,192,5,256,4,56,4.9163362
224,192,7,32,1,218,9.6384593
224,192,7,32,2,110,2.2077149
224,192,7,32,4,56,0.90047892
224,192,7,64,1,218,19.085813
224,192,7,64,2,110,4.2871183
224,192,7,64,4,56,1.477588
224,192,7,92,1,218,25.646028
224,192,7,92,2,110,6.2017903
224,192,7,92,4,56,2.0087784
224,192,7,128,1,218,35.224247
224,192,7,128,2,110,8.42415
224,192,7,128,4,56,2.7317185
224,192,7,192,1,218,55.18016
224,192,7,192,2,110,12.605037
224,192,7,192,4,56,3.4741963
224,192,7,256,1,218,75.469762
224,192,7,256,2,110,16.846153
224,192,7,256,4,56,4.859904
224,192,11,32,2,108,2.2270718
224,192,11,32,4,55,1.09090652
224,192,11,64,2,108,4.104273
224,192,11,64,4,55,1.6307369
224,192,11,92,2,108,5.9323644
224,192,11,92,4,55,2.1215185
224,192,11,128,2,108,8.3660793
224,192,11,128,4,55,2.6280636
224,192,11,192,2,108,12.321294
224,192,11,192,4,55,3.971724
224,192,11,256,2,108,16.502746
224,192,11,256,4,55,4.9565529
224,256,1,32,1,224,24.831411
224,256,1,32,2,113,3.3194089
224,256,1,32,4,57,0.71985972
224,256,1,64,1,224,49.10867
224,256,1,64,2,113,10.9749894
224,256,1,64,4,57,1.5043238
224,256,1,92,1,224,71.149659
224,256,1,92,2,113,16.064532
224,256,1,92,4,57,2.0981049
224,256,1,128,1,224,95.692581
224,256,1,128,2,113,22.246423
224,256,1,128,4,57,3.1414791
224,256,1,192,1,224,306.85602
224,256,1,192,2,113,33.427547
224,256,1,192,4,57,5.4607476
224,256,1,256,1,224,732.89766
224,256,1,256,2,113,43.666251
224,256,1,256,4,57,8.2514408
224,256,3,32,1,222,10.2603435
224,256,3,32,2,112,2.5281377
224,256,3,32,4,57,1.02275961
224,256,3,64,1,222,20.881722
224,256,3,64,2,112,4.8092009
224,256,3,64,4,57,1.3722042
224,256,3,92,1,222,28.416562
224,256,3,92,2,112,6.3498316
224,256,3,92,4,57,1.8959027
224,256,3,128,1,222,40.494228
224,256,3,128,2,112,8.8696299
224,256,3,128,4,57,2.948848
224,256,3,192,1,222,61.545563
224,256,3,192,2,112,13.455475
224,256,3,192,4,57,5.2744671
224,256,3,256,1,222,82.389091
224,256,3,256,2,112,18.890888
224,256,3,256,4,57,8.0471255
224,256,5,32,1,220,10.966085
224,256,5,32,2,111,2.96964
224,256,5,32,4,56,0.97841615
224,256,5,64,1,220,20.633461
224,256,5,64,2,111,5.5314969
224,256,5,64,4,56,1.4480046
224,256,5,92,1,220,28.982466
224,256,5,92,2,111,7.227141
224,256,5,92,4,56,1.9151127
224,256,5,128,1,220,39.896119
224,256,5,128,2,111,9.9631987
224,256,5,128,4,56,2.5736202
224,256,5,192,1,220,60.443926
224,256,5,192,2,111,14.83238
224,256,5,192,4,56,3.7403904
224,256,5,256,1,220,82.813971
224,256,5,256,2,111,19.630134
224,256,5,256,4,56,4.7863071
224,256,7,32,1,218,9.8353731
224,256,7,32,2,110,2.3024315
224,256,7,32,4,56,1.04926037
224,256,7,64,1,218,19.494421
224,256,7,64,2,110,4.238065
224,256,7,64,4,56,1.3904763
224,256,7,92,1,218,25.789877
224,256,7,92,2,110,6.0393867
224,256,7,92,4,56,2.0963308
224,256,7,128,1,218,35.65941
224,256,7,128,2,110,8.5362912
224,256,7,128,4,56,2.4708015
224,256,7,192,1,218,55.919406
224,256,7,192,2,110,12.511473
224,256,7,192,4,56,3.5704497
224,256,7,256,1,218,75.576434
224,256,7,256,2,110,17.262784
224,256,7,256,4,56,4.7917424
224,256,11,32,2,108,2.1679276
224,256,11,32,4,55,0.95169843
224,256,11,64,2,108,3.9895102
224,256,11,64,4,55,1.682231
224,256,11,92,2,108,5.8983401
224,256,11,92,4,55,2.1128627
224,256,11,128,2,108,8.1040436
224,256,11,128,4,55,2.6068874
224,256,11,192,2,108,12.086932
224,256,11,192,4,55,3.8213662
224,256,11,256,2,108,16.534273
224,256,11,256,4,55,4.9044486
