28,32,1,100,1,28,100,1,25088,1.95037,0.272969,1.6653,0.00503456
28,32,1,100,2,15,100,1,7200,0.659651,0.193514,0.457398,0.00376156
28,32,1,100,4,8,100,1,2048,0.351498,0.244787,0.103412,0.00133067
28,32,1,500,1,28,500,1,25088,6.47788,0.287957,6.17453,0.00850678
28,32,1,500,2,15,500,1,7200,1.89169,0.264809,1.61293,0.006713
28,32,1,500,4,8,500,1,2048,0.72296,0.235933,0.476727,0.00543978
28,32,1,1000,1,28,1000,1,25088,12.7612,0.281187,12.4648,0.00868033
28,32,1,1000,2,15,1000,1,7200,3.24184,0.248606,2.97836,0.00781256
28,32,1,1000,4,8,1000,1,2048,1.10021,0.239637,0.845759,0.00839089
28,32,1,4096,1,28,4096,1,25088,50.877,0.311973,50.5299,0.0220481
28,32,1,4096,2,15,4096,1,7200,12.607,0.262669,12.3245,0.0131363
28,32,1,4096,4,8,4096,1,2048,3.34236,0.247912,3.07546,0.0118053
28,32,3,100,1,26,100,1,21632,1.73729,0.271002,1.45287,0.006308
28,32,3,100,2,14,100,1,6272,0.621458,0.213364,0.399819,0.00335656
28,32,3,100,4,8,100,1,2048,0.360121,0.19745,0.159661,0.00121533
28,32,3,500,1,26,500,1,21632,5.73543,0.272912,5.44828,0.00706011
28,32,3,500,2,14,500,1,6272,1.62312,0.244903,1.36502,0.006713
28,32,3,500,4,8,500,1,2048,0.670705,0.188423,0.471519,0.00532389
28,32,3,1000,1,26,1000,1,21632,11.0654,0.268745,10.7806,0.00856467
28,32,3,1000,2,14,1000,1,6272,2.92147,0.26319,2.64196,0.00908556
28,32,3,1000,4,8,1000,1,2048,1.05143,0.219151,0.818156,0.007118
28,32,3,4096,1,26,4096,1,21632,43.7616,0.307517,43.4193,0.0220486
28,32,3,4096,2,14,4096,1,6272,11.1072,0.262727,10.8251,0.0120948
28,32,3,4096,4,8,4096,1,2048,3.40602,0.260181,3.12454,0.0135413
28,32,5,100,1,24,100,1,18432,1.52451,0.263248,1.24766,0.00601844
28,32,5,100,2,13,100,1,5408,0.565673,0.188538,0.370537,0.00271978
28,32,5,100,4,7,100,1,1568,0.21863,0.1206,0.0950793,0.00109933
28,32,5,500,1,24,500,1,18432,5.0046,0.2765,4.71259,0.00827533
28,32,5,500,2,13,500,1,5408,1.45605,0.243746,1.19842,0.00729156
28,32,5,500,4,7,500,1,1568,0.565268,0.20451,0.352135,0.00416633
28,32,5,1000,1,24,1000,1,18432,9.32252,0.268687,9.03856,0.00850667
28,32,5,1000,2,13,1000,1,5408,2.51176,0.246118,2.25071,0.00798611
28,32,5,1000,4,7,1000,1,1568,0.835691,0.188538,0.63448,0.00659733
28,32,5,4096,1,24,4096,1,18432,37.2742,0.283907,36.9578,0.0205438
28,32,5,4096,2,13,4096,1,5408,9.49579,0.260586,9.21529,0.0122104
28,32,5,4096,4,7,4096,1,1568,2.46848,0.21973,2.22531,0.0164926
28,32,7,100,1,22,100,1,15488,1.24072,0.205147,1.02429,0.00509233
28,32,7,100,2,12,100,1,4608,0.576032,0.226154,0.344149,0.00254622
28,32,7,100,4,7,100,1,1568,0.405028,0.238596,0.163365,0.00115756
28,32,7,500,1,22,500,1,15488,4.2582,0.270886,3.97198,0.00810211
28,32,7,500,2,12,500,1,4608,1.24286,0.213538,1.01595,0.00700222
28,32,7,500,4,7,500,1,1568,0.565731,0.22326,0.334138,0.00358789
28,32,7,1000,1,22,1000,1,15488,7.9766,0.270713,7.69009,0.00787022
28,32,7,1000,2,12,1000,1,4608,2.19475,0.221987,1.95749,0.00769656
28,32,7,1000,4,7,1000,1,1568,0.830426,0.191721,0.62551,0.00700211
28,32,7,4096,1,22,4096,1,15488,31.0201,0.264521,30.7334,0.0146411
28,32,7,4096,2,12,4096,1,4608,7.96052,0.255494,7.68367,0.0140044
28,32,7,4096,4,7,4096,1,1568,2.52027,0.246292,2.25442,0.0122683
28,32,11,100,1,18,100,1,10368,0.928225,0.245077,0.671227,0.00584489
28,32,11,100,2,10,100,1,3200,0.363478,0.216663,0.143053,0.001273
28,32,11,100,4,6,100,1,1152,0.309428,0.220888,0.0855886,0.00109956
28,32,11,500,1,18,500,1,10368,2.95817,0.260702,2.68196,0.00781244
28,32,11,500,2,10,500,1,3200,0.948595,0.215506,0.71949,0.00746511
28,32,11,500,4,6,500,1,1152,0.49461,0.191085,0.297449,0.00300911
28,32,11,1000,1,18,1000,1,10368,5.35136,0.263132,5.07277,0.008102
28,32,11,1000,2,10,1000,1,3200,1.62306,0.241894,1.36641,0.00787022
28,32,11,1000,4,6,1000,1,1152,0.701435,0.233735,0.456879,0.00543967
28,32,11,4096,1,18,4096,1,10368,20.786,0.258155,20.5033,0.0153352
28,32,11,4096,2,10,4096,1,3200,5.41525,0.256304,5.13794,0.0134259
28,32,11,4096,4,6,4096,1,1152,1.87711,0.241605,1.61288,0.0155668
28,64,1,100,1,28,100,1,50176,3.35012,0.278005,3.05886,0.00642344
28,64,1,100,2,15,100,1,14400,1.12874,0.249244,0.867925,0.00567111
28,64,1,100,4,8,100,1,4096,0.535581,0.214464,0.316777,0.00202522
28,64,1,500,1,28,500,1,50176,12.8477,0.31834,12.5134,0.00844911
28,64,1,500,2,15,500,1,14400,3.49989,0.271813,3.21361,0.00706022
28,64,1,500,4,8,500,1,4096,1.06341,0.221004,0.829327,0.00677067
28,64,1,1000,1,28,1000,1,50176,25.4467,0.311627,25.1187,0.00902756
28,64,1,1000,2,15,1000,1,14400,6.43097,0.266373,6.14846,0.00896967
28,64,1,1000,4,8,1000,1,4096,1.78203,0.216374,1.55131,0.00769644
28,64,1,4096,1,28,4096,1,50176,99.9923,0.341083,99.6231,0.0178819
28,64,1,4096,2,15,4096,1,14400,25.2459,0.272565,24.9474,0.0163773
28,64,1,4096,4,8,4096,1,4096,6.47218,0.274591,6.17711,0.0130207
28,64,3,100,1,26,100,1,43264,2.97067,0.289348,2.66865,0.00636556
28,64,3,100,2,14,100,1,12544,0.937891,0.203817,0.722559,0.00509244
28,64,3,100,4,8,100,1,4096,0.274417,0.0888296,0.180958,0.00219889
28,64,3,500,1,26,500,1,43264,11.0578,0.293283,10.7503,0.00659722
28,64,3,500,2,14,500,1,12544,2.95268,0.255668,2.68405,0.00642344
28,64,3,500,4,8,500,1,4096,1.02417,0.190506,0.82059,0.00700222
28,64,3,1000,1,26,1000,1,43264,21.9923,0.303583,21.6723,0.00902756
28,64,3,1000,2,14,1000,1,12544,5.63886,0.262901,5.36045,0.00868033
28,64,3,1000,4,8,1000,1,4096,1.84592,0.218341,1.6123,0.00792778
28,64,3,4096,1,26,4096,1,43264,86.8676,0.341315,86.4924,0.0209489
28,64,3,4096,2,14,4096,1,12544,21.8079,0.270077,21.5164,0.0140622
28,64,3,4096,4,8,4096,1,4096,6.49117,0.248087,6.22289,0.0134258
28,64,5,100,1,24,100,1,36864,2.61831,0.29473,2.31131,0.00567122
28,64,5,100,2,13,100,1,10816,0.888934,0.241779,0.636449,0.004919
28,64,5,100,4,7,100,1,3136,0.327079,0.241142,0.0821171,0.00133122
28,64,5,500,1,24,500,1,36864,9.43858,0.290216,9.13326,0.00804411
28,64,5,500,2,13,500,1,10816,2.52317,0.25561,2.24968,0.00787056
28,64,5,500,4,7,500,1,3136,0.872499,0.237902,0.622676,0.00555544
28,64,5,1000,1,24,1000,1,36864,18.7426,0.302716,18.4237,0.00914344
28,64,5,1000,2,13,1000,1,10816,4.89802,0.271409,4.61128,0.00856467
28,64,5,1000,4,7,1000,1,3136,1.43638,0.242473,1.17898,0.00827556
28,64,5,4096,1,24,4096,1,36864,74.258,0.330898,73.892,0.0225692
28,64,5,4096,2,13,4096,1,10816,18.4033,0.26892,18.1126,0.0140044
28,64,5,4096,4,7,4096,1,3136,4.85734,0.256999,4.5798,0.0131364
28,64,7,100,1,22,100,1,30976,2.33695,0.273145,2.05026,0.006192
28,64,7,100,2,12,100,1,9216,0.559136,0.0821749,0.468165,0.00387756
28,64,7,100,4,7,100,1,3136,0.50445,0.222046,0.278931,0.00156244
28,64,7,500,1,22,500,1,30976,7.95198,0.294499,7.6422,0.00798589
28,64,7,500,2,12,500,1,9216,2.16623,0.242937,1.90599,0.009722
28,64,7,500,4,7,500,1,3136,0.679158,0.0988413,0.568164,0.00619211
28,64,7,1000,1,22,1000,1,30976,15.7236,0.294556,15.4142,0.00763889
28,64,7,1000,2,12,1000,1,9216,4.03484,0.253237,3.76679,0.00769656
28,64,7,1000,4,7,1000,1,3136,1.42782,0.243284,1.16995,0.00821767
28,64,7,4096,1,22,4096,1,30976,61.9869,0.304452,61.6493,0.0208331
28,64,7,4096,2,12,4096,1,9216,15.6249,0.258562,15.346,0.0133099
28,64,7,4096,4,7,4096,1,3136,4.87199,0.27708,4.57176,0.0147567
28,64,11,100,1,18,100,1,20736,1.69292,0.26267,1.41659,0.00642356
28,64,11,100,2,10,100,1,6400,0.622735,0.206479,0.407055,0.00462956
28,64,11,100,4,6,100,1,2304,0.106885,0.0255206,0.0781239,0.00109956
28,64,11,500,1,18,500,1,20736,5.55502,0.263712,5.27603,0.00792833
28,64,11,500,2,10,500,1,6400,1.64049,0.252196,1.37342,0.00804367
28,64,11,500,4,6,500,1,2304,0.74837,0.239638,0.497852,0.00584478
28,64,11,1000,1,18,1000,1,20736,10.5401,0.278353,10.2454,0.00914344
28,64,11,1000,2,10,1000,1,6400,2.82757,0.200518,2.61027,0.00966422
28,64,11,1000,4,6,1000,1,2304,1.09084,0.238191,0.839978,0.00717556
28,64,11,4096,1,18,4096,1,20736,41.9955,0.30017,41.6603,0.02228
28,64,11,4096,2,10,4096,1,6400,10.3977,0.266779,10.1108,0.0121527
28,64,11,4096,4,6,4096,1,2304,3.35349,0.255263,3.07757,0.0135416
28,92,1,100,1,28,100,1,72128,4.96869,0.341142,4.61348,0.00671289
28,92,1,100,2,15,100,1,20700,1.46173,0.246351,1.20294,0.00601844
28,92,1,100,4,8,100,1,5888,0.583269,0.210472,0.365794,0.00271989
28,92,1,500,1,28,500,1,72128,18.3889,0.35532,18.0189,0.00700211
28,92,1,500,2,15,500,1,20700,4.78489,0.277311,4.49288,0.00711811
28,92,1,500,4,8,500,1,5888,1.38783,0.219095,1.15485,0.00671311
28,92,1,1000,1,28,1000,1,72128,36.3831,0.348665,36.0128,0.0123843
28,92,1,1000,2,15,1000,1,20700,9.28779,0.280494,8.99144,0.00833344
28,92,1,1000,4,8,1000,1,5888,2.5024,0.26539,2.22225,0.00821733
28,92,1,4096,1,28,4096,1,72128,143.333,0.377773,142.926,0.0193862
28,92,1,4096,2,15,4096,1,20700,36.7743,0.310471,36.43,0.0219327
28,92,1,4096,4,8,4096,1,5888,9.12976,0.251791,8.85783,0.0125579
28,92,3,100,1,26,100,1,62192,4.22871,0.299591,3.91506,0.00706022
28,92,3,100,2,14,100,1,18032,1.12499,0.143054,0.971169,0.00457189
28,92,3,100,4,8,100,1,5888,0.255553,0.0239001,0.224419,0.00353011
28,92,3,500,1,26,500,1,62192,15.8638,0.328121,15.5207,0.00781256
28,92,3,500,2,14,500,1,18032,4.42842,0.274129,4.13983,0.00787022
28,92,3,500,4,8,500,1,5888,1.24657,0.144674,1.08928,0.00607644
28,92,3,1000,1,26,1000,1,62192,31.5535,0.330031,31.2005,0.0131943
28,92,3,1000,2,14,1000,1,18032,8.03764,0.271525,7.75101,0.00798611
28,92,3,1000,4,8,1000,1,5888,2.42306,0.217243,2.19135,0.008044
28,92,3,4096,1,26,4096,1,62192,123.87,0.358966,123.487,0.0151042
28,92,3,4096,2,14,4096,1,18032,31.5881,0.274129,31.286,0.0176502
28,92,3,4096,4,8,4096,1,5888,9.17201,0.259083,8.89134,0.0141779
28,92,5,100,1,24,100,1,52992,3.63277,0.304163,3.31495,0.00694433
28,92,5,100,2,13,100,1,15548,1.17163,0.258909,0.900974,0.00601844
28,92,5,100,4,7,100,1,4508,0.380956,0.138656,0.237324,0.00225678
28,92,5,500,1,24,500,1,52992,13.6033,0.313422,13.2744,0.00821767
28,92,5,500,2,13,500,1,15548,3.60222,0.282231,3.30442,0.00856467
28,92,5,500,4,7,500,1,4508,1.06862,0.191202,0.865674,0.00601844
28,92,5,1000,1,24,1000,1,52992,26.5502,0.312844,26.2214,0.00879611
28,92,5,1000,2,13,1000,1,15548,6.88089,0.271062,6.59379,0.00810189
28,92,5,1000,4,7,1000,1,4508,1.87619,0.220484,1.64148,0.007523
28,92,5,4096,1,24,4096,1,52992,105.05,0.347913,104.669,0.0205438
28,92,5,4096,2,13,4096,1,15548,26.6005,0.277717,26.2998,0.0145251
28,92,5,4096,4,7,4096,1,4508,6.78731,0.25428,6.5133,0.012442
28,92,7,100,1,22,100,1,44528,3.17294,0.310645,2.84899,0.00625
28,92,7,100,2,12,100,1,13248,0.993855,0.227717,0.753985,0.00590267
28,92,7,100,4,7,100,1,4508,0.526441,0.215565,0.305726,0.00237256
28,92,7,500,1,22,500,1,44528,11.4229,0.306941,11.1011,0.00821744
28,92,7,500,2,12,500,1,13248,3.11183,0.261745,2.8351,0.00787022
28,92,7,500,4,7,500,1,4508,1.1313,0.239118,0.87881,0.00694433
28,92,7,1000,1,22,1000,1,44528,22.4709,0.310761,22.1412,0.0104742
28,92,7,1000,2,12,1000,1,13248,5.7967,0.260067,5.52095,0.00868056
28,92,7,1000,4,7,1000,1,4508,1.85548,0.124941,1.71543,0.00833322
28,92,7,4096,1,22,4096,1,44528,88.6899,0.340679,88.3138,0.0230899
28,92,7,4096,2,12,4096,1,13248,22.3134,0.268053,22.0237,0.0143519
28,92,7,4096,4,7,4096,1,4508,6.69125,0.252428,6.41822,0.0132522
28,92,11,100,1,18,100,1,29808,2.22417,0.252197,1.95768,0.00636578
28,92,11,100,2,10,100,1,9200,0.774992,0.217301,0.547332,0.00503444
28,92,11,100,4,6,100,1,3312,0.214928,0.0953694,0.116145,0.00115756
28,92,11,500,1,18,500,1,29808,7.70281,0.278585,7.40901,0.007986
28,92,11,500,2,10,500,1,9200,2.14436,0.255842,1.8744,0.00723367
28,92,11,500,4,6,500,1,3312,0.874528,0.21516,0.647852,0.00601844
28,92,11,1000,1,18,1000,1,29808,15.1011,0.298897,14.7861,0.00856478
28,92,11,1000,2,10,1000,1,9200,3.94579,0.263365,3.66669,0.00856456
28,92,11,1000,4,6,1000,1,3312,1.47817,0.219732,1.24333,0.008391
28,92,11,4096,1,18,4096,1,29808,60.1323,0.313481,59.7836,0.0222799
28,92,11,4096,2,10,4096,1,9200,14.9842,0.264291,14.6972,0.0148724
28,92,11,4096,4,6,4096,1,3312,4.72623,0.24693,4.45875,0.0129628
28,128,1,100,1,28,100,1,100352,6.62864,0.38605,6.22939,0.00630789
28,128,1,100,2,15,100,1,28800,1.86584,0.271409,1.5821,0.00543944
28,128,1,100,4,8,100,1,8192,0.670364,0.23038,0.431593,0.00347211
28,128,1,500,1,28,500,1,100352,25.4213,0.390332,25.014,0.00896978
28,128,1,500,2,15,500,1,28800,6.6276,0.299765,6.30977,0.00931711
28,128,1,500,4,8,500,1,8192,1.81358,0.233852,1.56613,0.00688667
28,128,1,1000,1,28,1000,1,100352,50.6015,0.392531,50.1868,0.012037
28,128,1,1000,2,15,1000,1,28800,12.6948,0.286571,12.392,0.00891211
28,128,1,1000,4,8,1000,1,8192,3.36658,0.257926,3.09372,0.00810178
28,128,1,4096,2,15,4096,1,28800,50.7826,0.314233,50.4352,0.0208909
28,128,1,4096,4,8,4096,1,8192,12.7525,0.262497,12.4693,0.0131942
28,128,3,100,1,26,100,1,86528,5.76956,0.352832,5.40301,0.00688633
28,128,3,100,2,14,100,1,25088,1.58876,0.157811,1.41492,0.00920122
28,128,3,100,4,8,100,1,8192,0.702018,0.237729,0.455262,0.00370367
28,128,3,500,1,26,500,1,86528,22.0973,0.359371,21.721,0.00833333
28,128,3,500,2,14,500,1,25088,5.68837,0.289928,5.3838,0.00711811
28,128,3,500,4,8,500,1,8192,1.81399,0.219153,1.5806,0.00769656
28,128,3,1000,1,26,1000,1,86528,43.4137,0.368457,43.0268,0.0103588
28,128,3,1000,2,14,1000,1,25088,10.9778,0.281942,10.6802,0.00862233
28,128,3,1000,4,8,1000,1,8192,3.30269,0.248551,3.03979,0.00729178
28,128,3,4096,2,14,4096,1,25088,43.98,0.309141,43.6371,0.0215276
28,128,3,4096,4,8,4096,1,8192,12.7334,0.258562,12.4542,0.0131941
28,128,5,100,1,24,100,1,73728,5.03236,0.336976,4.67814,0.00619211
28,128,5,100,2,13,100,1,21632,1.50936,0.283909,1.21272,0.00653933
28,128,5,100,4,7,100,1,6272,0.638825,0.238655,0.392242,0.00306711
28,128,5,500,1,24,500,1,73728,18.7459,0.346524,18.3842,0.008044
28,128,5,500,2,13,500,1,21632,4.90285,0.289581,4.59828,0.00821767
28,128,5,500,4,7,500,1,6272,1.37557,0.195311,1.16671,0.00688633
28,128,5,1000,1,24,1000,1,73728,37.4218,0.35017,37.0422,0.0166663
28,128,5,1000,2,13,1000,1,21632,9.43845,0.284372,9.13863,0.00804411
28,128,5,1000,4,7,1000,1,6272,2.47411,0.194848,2.26369,0.00827556
28,128,5,4096,1,24,4096,1,73728,145.787,0.355957,145.405,0.0168981
28,128,5,4096,2,13,4096,1,21632,37.5004,0.295136,37.1714,0.0214118
28,128,5,4096,4,7,4096,1,6272,9.28799,0.264986,9.00234,0.0131942
28,128,7,100,1,22,100,1,61952,4.32178,0.33061,3.97745,0.00671289
28,128,7,100,2,12,100,1,18432,1.29721,0.254859,1.03049,0.00474522
28,128,7,100,4,7,100,1,6272,0.326212,0.0709484,0.24722,0.00364578
28,128,7,500,1,22,500,1,61952,15.7189,0.327312,15.3768,0.00815944
28,128,7,500,2,12,500,1,18432,4.11217,0.270599,3.82601,0.00850667
28,128,7,500,4,7,500,1,6272,1.43372,0.197568,1.22169,0.00729156
28,128,7,1000,1,22,1000,1,61952,31.416,0.338828,31.0564,0.0113427
28,128,7,1000,2,12,1000,1,18432,7.95606,0.270194,7.66983,0.00850689
28,128,7,1000,4,7,1000,1,6272,2.55733,0.243863,2.29836,0.00856478
28,128,7,4096,1,22,4096,1,61952,123.57,0.35995,123.179,0.0189813
28,128,7,4096,2,12,4096,1,18432,31.143,0.277081,30.84,0.0166088
28,128,7,4096,4,7,4096,1,6272,9.38168,0.270368,9.08973,0.0139464
28,128,11,100,1,18,100,1,41472,2.97798,0.279453,2.68475,0.00636578
28,128,11,100,2,10,100,1,12800,0.939401,0.22656,0.701845,0.00480322
28,128,11,100,4,6,100,1,4608,0.534139,0.235125,0.293921,0.00167822
28,128,11,500,1,18,500,1,41472,10.6012,0.314175,10.2717,0.00758122
28,128,11,500,2,10,500,1,12800,2.85715,0.265623,2.57781,0.00648122
28,128,11,500,4,6,500,1,4608,1.14264,0.245947,0.884772,0.00648144
28,128,11,1000,1,18,1000,1,41472,21.0739,0.300634,20.7569,0.00908533
28,128,11,1000,2,10,1000,1,12800,5.44277,0.279917,5.14677,0.00868056
28,128,11,1000,4,6,1000,1,4608,1.88991,0.242243,1.63448,0.00694456
28,128,11,4096,1,18,4096,1,41472,82.2301,0.327659,81.8771,0.0161458
28,128,11,4096,2,10,4096,1,12800,20.8113,0.269615,20.5204,0.0141781
28,128,11,4096,4,6,4096,1,4608,6.58634,0.270599,6.29491,0.0135417
28,192,1,100,1,28,100,1,150528,9.94794,0.457577,9.47653,0.00642344
28,192,1,100,2,15,100,1,43200,2.5983,0.260762,2.32504,0.00538178
28,192,1,100,4,8,100,1,12288,0.897098,0.218806,0.66666,0.004977
28,192,1,500,1,28,500,1,150528,37.8792,0.46672,37.3959,0.00868056
28,192,1,500,2,15,500,1,43200,9.73075,0.310761,9.40477,0.00787022
28,192,1,500,4,8,500,1,12288,2.52723,0.259199,2.2538,0.007176
28,192,1,1000,1,28,1000,1,150528,74.8079,0.469209,74.3194,0.0112847
28,192,1,1000,2,15,1000,1,43200,19.1521,0.313944,18.8215,0.00925911
28,192,1,1000,4,8,1000,1,12288,4.84538,0.257289,4.57311,0.00746544
28,192,1,4096,2,15,4096,1,43200,75.2065,0.320425,74.8537,0.0207752
28,192,1,4096,4,8,4096,1,12288,18.8708,0.26325,18.5856,0.0139467
28,192,3,100,1,26,100,1,129792,8.46769,0.420367,8.03309,0.00682867
28,192,3,100,2,14,100,1,37632,2.31746,0.298955,2.00496,0.00677067
28,192,3,100,4,8,100,1,12288,0.735352,0.126966,0.597738,0.00515044
28,192,3,500,1,26,500,1,129792,32.9811,0.434718,32.526,0.011169
28,192,3,500,2,14,500,1,37632,8.39252,0.299303,8.07782,0.00821744
28,192,3,500,4,8,500,1,12288,2.56682,0.256016,2.29604,0.00746522
28,192,3,1000,1,26,1000,1,129792,65.0037,0.424938,64.5602,0.0101269
28,192,3,1000,2,14,1000,1,37632,16.306,0.302312,15.9872,0.00879622
28,192,3,1000,4,8,1000,1,12288,4.90482,0.248956,4.64012,0.00885389
28,192,3,4096,2,14,4096,1,37632,64.3712,0.323087,64.0179,0.0191549
28,192,3,4096,4,8,4096,1,12288,18.762,0.26134,18.48,0.0127893
28,192,5,100,1,24,100,1,110592,7.29669,0.384545,6.89803,0.00723367
28,192,5,100,2,13,100,1,32448,2.11699,0.294616,1.80947,0.00625022
28,192,5,100,4,7,100,1,9408,0.729681,0.211051,0.50885,0.00387722
28,192,5,500,1,24,500,1,110592,27.9227,0.384603,27.5197,0.00978022
28,192,5,500,2,13,500,1,32448,7.26967,0.296583,6.95781,0.00787033
28,192,5,500,4,7,500,1,9408,1.99784,0.222625,1.76115,0.00763889
28,192,5,1000,1,24,1000,1,110592,54.9732,0.403121,54.5411,0.0165507
28,192,5,1000,2,13,1000,1,32448,14.0222,0.290333,13.7159,0.00815967
28,192,5,1000,4,7,1000,1,9408,3.69644,0.256306,3.42543,0.00758111
28,192,5,4096,2,13,4096,1,32448,55.7511,0.32002,55.393,0.0223379
28,192,5,4096,4,7,4096,1,9408,13.9397,0.264118,13.6545,0.0137729
28,192,7,100,1,22,100,1,92928,6.18715,0.378469,5.7941,0.00723378
28,192,7,100,2,12,100,1,27648,1.71931,0.241954,1.46532,0.004861
28,192,7,100,4,7,100,1,9408,0.734773,0.209026,0.516025,0.00410856
28,192,7,500,1,22,500,1,92928,23.7397,0.3787,23.3415,0.010185
28,192,7,500,2,12,500,1,27648,6.13096,0.277775,5.83808,0.00746511
28,192,7,500,4,7,500,1,9408,2.00218,0.252428,1.73517,0.00781244
28,192,7,1000,1,22,1000,1,92928,46.9031,0.377196,46.4999,0.0158564
28,192,7,1000,2,12,1000,1,27648,11.8284,0.281595,11.5298,0.00949078
28,192,7,1000,4,7,1000,1,9408,3.67497,0.258967,3.4009,0.00787033
28,192,7,4096,2,12,4096,1,27648,47.0324,0.296467,46.7011,0.0221062
28,192,7,4096,4,7,4096,1,9408,13.9149,0.265218,13.629,0.0130207
28,192,11,100,1,18,100,1,62208,4.31096,0.328469,3.96871,0.00682856
28,192,11,100,2,10,100,1,19200,1.23234,0.216375,1.00375,0.00520833
28,192,11,100,4,6,100,1,6912,0.51996,0.164061,0.348203,0.00335633
28,192,11,500,1,18,500,1,62208,15.7037,0.333041,15.3555,0.00769644
28,192,11,500,2,10,500,1,19200,4.1918,0.271931,3.90564,0.00729156
28,192,11,500,4,6,500,1,6912,1.51665,0.225461,1.27696,0.00723389
28,192,11,1000,1,18,1000,1,62208,31.2939,0.346872,30.9245,0.012384
28,192,11,1000,2,10,1000,1,19200,8.0615,0.26759,7.77782,0.008912
28,192,11,1000,4,6,1000,1,6912,2.5777,0.207521,2.35467,0.00856478
28,192,11,4096,1,18,4096,1,62208,124.029,0.369209,123.626,0.0212959
28,192,11,4096,2,10,4096,1,19200,31.1678,0.282694,30.8589,0.016782
28,192,11,4096,4,6,4096,1,6912,9.73174,0.259488,9.45125,0.0135996
28,256,1,100,1,28,100,1,200704,13.07,0.555319,12.5003,0.00682867
28,256,1,100,2,15,100,1,57600,3.42092,0.311919,3.09569,0.00607633
28,256,1,100,4,8,100,1,16384,1.08211,0.225172,0.844842,0.00584478
28,256,1,500,1,28,500,1,200704,50.2747,0.560007,49.693,0.0116319
28,256,1,500,2,15,500,1,57600,12.8689,0.335356,12.5172,0.008854
28,256,1,500,4,8,500,1,16384,3.34991,0.256421,3.07844,0.00787033
28,256,1,1000,1,28,1000,1,200704,100.406,0.549879,99.8386,0.009722
28,256,1,1000,2,15,1000,1,57600,25.2425,0.320715,24.9057,0.00850689
28,256,1,1000,4,8,1000,1,16384,6.42818,0.265275,6.14491,0.00862256
28,256,1,4096,4,8,4096,1,16384,24.9447,0.266491,24.6572,0.0137151
28,256,3,100,1,26,100,1,173056,11.3837,0.493804,10.876,0.00694456
28,256,3,100,2,14,100,1,50176,3.02544,0.313134,2.69864,0.006655
28,256,3,100,4,8,100,1,16384,1.1067,0.245252,0.851092,0.00462933
28,256,3,500,1,26,500,1,173056,43.4425,0.488711,42.9364,0.00862233
28,256,3,500,2,14,500,1,50176,11.0083,0.335703,10.6571,0.00833311
28,256,3,500,4,8,500,1,16384,3.33035,0.253875,3.06218,0.00723367
28,256,3,1000,1,26,1000,1,173056,86.3973,0.507287,85.8635,0.0151619
28,256,3,1000,2,14,1000,1,50176,21.7031,0.322625,21.3646,0.00844922
28,256,3,1000,4,8,1000,1,16384,6.86417,0.258447,6.58906,0.00908556
28,256,3,4096,4,8,4096,1,16384,25.055,0.268863,24.7648,0.0140623
28,256,5,100,1,24,100,1,147456,9.67439,0.431015,9.22897,0.00740756
28,256,5,100,2,13,100,1,43264,2.60843,0.303585,2.29211,0.00567111
28,256,5,100,4,7,100,1,12544,0.871636,0.219037,0.640909,0.00520833
28,256,5,500,1,24,500,1,147456,37.1696,0.446698,36.6961,0.015162
28,256,5,500,2,13,500,1,43264,9.45177,0.298724,9.13782,0.007986
28,256,5,500,4,7,500,1,12544,2.67179,0.260646,2.39546,0.00781267
28,256,5,1000,1,24,1000,1,147456,73.0719,0.456709,72.5969,0.00983811
28,256,5,1000,2,13,1000,1,43264,18.4755,0.322277,18.1363,0.009259
28,256,5,1000,4,7,1000,1,12544,4.76142,0.268748,4.47722,0.00862244
28,256,5,4096,4,7,4096,1,12544,18.4749,0.274014,18.1801,0.0135416
28,256,7,100,1,22,100,1,123904,8.06584,0.429336,7.62204,0.00734933
28,256,7,100,2,12,100,1,36864,2.30959,0.272914,2.02365,0.00607611
28,256,7,100,4,7,100,1,12544,0.670191,0.0824646,0.577599,0.00428233
28,256,7,500,1,22,500,1,123904,31.6768,0.439637,31.2118,0.0141203
28,256,7,500,2,12,500,1,36864,7.96399,0.278181,7.67071,0.00787022
28,256,7,500,4,7,500,1,12544,2.481,0.255611,2.21173,0.007465
28,256,7,1000,1,22,1000,1,123904,61.178,0.429741,60.7303,0.00954878
28,256,7,1000,2,12,1000,1,36864,15.8206,0.28472,15.5198,0.00879611
28,256,7,1000,4,7,1000,1,12544,4.78358,0.266259,4.50146,0.008391
28,256,7,4096,2,12,4096,1,36864,61.7262,0.298609,61.3931,0.0219906
28,256,7,4096,4,7,4096,1,12544,18.3014,0.261861,18.0188,0.0131942
28,256,11,100,1,18,100,1,82944,5.58149,0.356884,5.21031,0.007176
28,256,11,100,2,10,100,1,25600,1.62898,0.272393,1.3431,0.00659689
28,256,11,100,4,6,100,1,9216,0.66585,0.237151,0.420251,0.00364578
28,256,11,500,1,18,500,1,82944,21.0672,0.361918,20.6902,0.007234
28,256,11,500,2,10,500,1,25600,5.53895,0.279106,5.24405,0.00833322
28,256,11,500,4,6,500,1,9216,1.91613,0.250692,1.65149,0.00729167
28,256,11,1000,1,18,1000,1,82944,41.6567,0.365795,41.2622,0.0164349
28,256,11,1000,2,10,1000,1,25600,10.5608,0.267706,10.2772,0.00920122
28,256,11,1000,4,6,1000,1,9216,3.39893,0.256537,3.1274,0.00862256
28,256,11,4096,4,6,4096,1,9216,12.884,0.270542,12.5922,0.013773
56,32,1,100,1,56,100,1,100352,6.62673,0.341316,6.27078,0.00746522
56,32,1,100,2,29,100,1,26912,1.90432,0.22303,1.66792,0.00578722
56,32,1,100,4,15,100,1,7200,0.689461,0.219732,0.460991,0.00381967
56,32,1,500,1,56,500,1,100352,25.1793,0.340448,24.823,0.007986
56,32,1,500,2,29,500,1,26912,6.6033,0.278354,6.30943,0.00810178
56,32,1,500,4,15,500,1,7200,1.89836,0.252081,1.63262,0.00653922
56,32,1,1000,1,56,1000,1,100352,50.1328,0.356363,49.7546,0.0122107
56,32,1,1000,2,29,1000,1,26912,12.7093,0.275171,12.4178,0.00914356
56,32,1,1000,4,15,1000,1,7200,3.36438,0.248377,3.10113,0.00821733
56,32,1,4096,4,15,4096,1,7200,12.5398,0.261629,12.2579,0.0128471
56,32,3,100,1,54,100,1,93312,6.14514,0.362497,5.76887,0.00636567
56,32,3,100,2,28,100,1,25088,1.82822,0.271236,1.54362,0.00630789
56,32,3,100,4,15,100,1,7200,0.717007,0.24259,0.465331,0.00428222
56,32,3,500,1,54,500,1,93312,23.7579,0.356478,23.3859,0.007581
56,32,3,500,2,28,500,1,25088,6.07703,0.270252,5.7919,0.00700256
56,32,3,500,4,15,500,1,7200,1.70525,0.129455,1.56133,0.00723389
56,32,3,1000,1,54,1000,1,93312,47.1511,0.359487,46.7673,0.0134257
56,32,3,1000,2,28,1000,1,25088,11.7855,0.268632,11.5017,0.00833322
56,32,3,1000,4,15,1000,1,7200,3.33058,0.249014,3.06612,0.00850689
56,32,3,4096,4,15,4096,1,7200,12.5626,0.256769,12.285,0.013715
56,32,5,100,1,52,100,1,86528,5.69486,0.325055,5.35661,0.00665511
56,32,5,100,2,27,100,1,23328,1.72689,0.261977,1.45178,0.00624989
56,32,5,100,4,14,100,1,6272,0.660584,0.240333,0.411802,0.00416667
56,32,5,500,1,52,500,1,86528,21.7917,0.325286,21.4505,0.00856467
56,32,5,500,2,27,500,1,23328,5.75278,0.267822,5.46974,0.00810156
56,32,5,500,4,14,500,1,6272,1.63453,0.251444,1.36706,0.00972222
56,32,5,1000,1,52,1000,1,86528,42.997,0.332289,42.6478,0.00873822
56,32,5,1000,2,27,1000,1,23328,10.9735,0.275345,10.6814,0.00943278
56,32,5,1000,4,14,1000,1,6272,2.87428,0.244963,2.61491,0.00821756
56,32,5,4096,4,14,4096,1,6272,10.8684,0.261977,10.5857,0.0133677
56,32,7,100,1,50,100,1,80000,5.31072,0.319326,4.97791,0.00607656
56,32,7,100,2,26,100,1,21632,1.59715,0.242764,1.3416,0.00607622
56,32,7,100,4,14,100,1,6272,0.622332,0.213656,0.400344,0.00393511
56,32,7,500,1,50,500,1,80000,20.2869,0.325749,19.9456,0.00769667
56,32,7,500,2,26,500,1,21632,5.20227,0.265738,4.92119,0.00798622
56,32,7,500,4,14,500,1,6272,1.66023,0.260646,1.38633,0.00648122
56,32,7,1000,1,50,1000,1,80000,40.1304,0.32737,39.7856,0.00954867
56,32,7,1000,2,26,1000,1,21632,10.1848,0.274245,9.89476,0.00833311
56,32,7,1000,4,14,1000,1,6272,2.93481,0.245426,2.67388,0.00868056
56,32,7,4096,4,14,4096,1,6272,10.8565,0.268169,10.5688,0.0127894
56,32,11,100,1,46,100,1,67712,4.40158,0.291317,4.09632,0.00694433
56,32,11,100,2,24,100,1,18432,1.37377,0.232868,1.1284,0.00619222
56,32,11,100,4,13,100,1,5408,0.566314,0.230843,0.328816,0.00231478
56,32,11,500,1,46,500,1,67712,17.023,0.330032,16.6776,0.00787067
56,32,11,500,2,24,500,1,18432,4.57259,0.260009,4.29747,0.00763878
56,32,11,500,4,13,500,1,5408,1.41411,0.220137,1.18049,0.00688644
56,32,11,1000,1,46,1000,1,67712,33.9624,0.320367,33.6195,0.0128471
56,32,11,1000,2,24,1000,1,18432,8.64292,0.265854,8.36121,0.00896978
56,32,11,1000,4,13,1000,1,5408,2.52353,0.223262,2.28482,0.00810189
56,32,11,4096,1,46,4096,1,67712,134.206,0.359024,133.813,0.0217591
56,32,11,4096,2,24,4096,1,18432,34.2053,0.298609,33.8734,0.0212383
56,32,11,4096,4,13,4096,1,5408,9.32648,0.260704,9.04459,0.0137731
56,64,1,100,1,56,100,1,200704,12.9023,0.437959,12.4501,0.00700233
56,64,1,100,2,29,100,1,53824,3.27972,0.216491,3.05113,0.00543956
56,64,1,100,4,15,100,1,14400,1.09571,0.232174,0.852249,0.00497656
56,64,1,500,1,56,500,1,200704,49.7562,0.46238,49.2776,0.00850678
56,64,1,500,2,29,500,1,53824,12.7892,0.313886,12.4595,0.00850689
56,64,1,500,4,15,500,1,14400,3.34818,0.259835,3.07306,0.00798589
56,64,1,1000,1,56,1000,1,200704,99.268,0.445135,98.7922,0.0175346
56,64,1,1000,2,29,1000,1,53824,25.0909,0.308851,24.7642,0.0100694
56,64,1,1000,4,15,1000,1,14400,6.4235,0.258736,6.15018,0.00746544
56,64,1,4096,4,15,4096,1,14400,25.0526,0.269558,24.7601,0.0144098
56,64,3,100,1,54,100,1,186624,12.0511,0.476385,11.5589,0.00781256
56,64,3,100,2,28,100,1,50176,3.18672,0.285472,2.88794,0.00653933
56,64,3,100,4,15,100,1,14400,1.11654,0.253759,0.852423,0.00497644
56,64,3,500,1,54,500,1,186624,46.447,0.484139,45.9461,0.00833333
56,64,3,500,2,28,500,1,50176,11.872,0.305148,11.5516,0.00758078
56,64,3,500,4,15,500,1,14400,3.50448,0.263076,3.22578,0.00815978
56,64,3,1000,1,54,1000,1,186624,92.8111,0.481188,92.312,0.00908544
56,64,3,1000,2,28,1000,1,50176,23.4547,0.304337,23.1302,0.0112848
56,64,3,1000,4,15,1000,1,14400,6.4092,0.268748,6.12547,0.00862278
56,64,3,4096,4,15,4096,1,14400,24.9691,0.269442,24.6769,0.0149883
56,64,5,100,1,52,100,1,173056,11.1004,0.415101,10.6715,0.006192
56,64,5,100,2,27,100,1,46656,3.11768,0.307058,2.79726,0.00625
56,64,5,100,4,14,100,1,12544,0.981704,0.230496,0.739808,0.00584511
56,64,5,500,1,52,500,1,173056,43.2197,0.416836,42.7863,0.00868033
56,64,5,500,2,27,500,1,46656,10.9664,0.300345,10.6507,0.00856467
56,64,5,500,4,14,500,1,12544,3.03226,0.235009,2.78209,0.00787033
56,64,5,1000,1,52,1000,1,173056,86.0155,0.438711,85.5472,0.0171873
56,64,5,1000,2,27,1000,1,46656,21.6997,0.299824,21.3808,0.0105321
56,64,5,1000,4,14,1000,1,12544,5.71453,0.281074,5.4176,0.00868044
56,64,5,4096,4,14,4096,1,12544,21.7655,0.267706,21.4771,0.0134839
56,64,7,100,1,50,100,1,160000,10.3369,0.409776,9.91345,0.00613433
56,64,7,100,2,26,100,1,43264,2.87787,0.269847,2.59523,0.00596044
56,64,7,100,4,14,100,1,12544,0.947966,0.204107,0.732459,0.005382
56,64,7,500,1,50,500,1,160000,39.7796,0.415969,39.3476,0.00850711
56,64,7,500,2,26,500,1,43264,10.2512,0.305264,9.92995,0.00844878
56,64,7,500,4,14,500,1,12544,3.05744,0.262093,2.77995,0.00781244
56,64,7,1000,1,50,1000,1,160000,79.8161,0.420309,79.3679,0.0162036
56,64,7,1000,2,26,1000,1,43264,20.1252,0.309083,19.8001,0.00885422
56,64,7,1000,4,14,1000,1,12544,5.55655,0.260993,5.27987,0.00879633
56,64,7,4096,4,14,4096,1,12544,21.655,0.268979,21.3651,0.0130787
56,64,11,100,1,46,100,1,135424,8.86555,0.395425,8.45606,0.00694456
56,64,11,100,2,24,100,1,36864,2.26346,0.168806,2.08239,0.00619189
56,64,11,100,4,13,100,1,10816,0.707517,0.10567,0.590851,0.00515033
56,64,11,500,1,46,500,1,135424,34.3506,0.397624,33.9278,0.0135994
56,64,11,500,2,24,500,1,36864,8.64662,0.285009,8.34587,0.00810167
56,64,11,500,4,13,500,1,10816,2.5049,0.226387,2.26456,0.00734967
56,64,11,1000,1,46,1000,1,135424,67.2501,0.41024,66.8157,0.0134834
56,64,11,1000,2,24,1000,1,36864,17.0537,0.299245,16.7389,0.00844867
56,64,11,1000,4,13,1000,1,10816,4.80274,0.263829,4.52374,0.00775444
56,64,11,4096,4,13,4096,1,10816,18.5546,0.265044,18.2685,0.0140623
56,92,1,100,1,56,100,1,288512,18.41,0.542067,17.8528,0.00700211
56,92,1,100,2,29,100,1,77372,4.83468,0.342126,4.47918,0.00648156
56,92,1,100,4,15,100,1,20700,1.47944,0.250403,1.21596,0.006134
56,92,1,500,1,56,500,1,288512,71.9665,0.545481,71.3986,0.0117477
56,92,1,500,2,29,500,1,77372,18.245,0.352312,17.8756,0.009201
56,92,1,500,4,15,500,1,20700,4.85511,0.266433,4.57085,0.008391
56,92,1,1000,1,56,1000,1,288512,142.63,0.566315,142.044,0.0112846
56,92,1,1000,2,29,1000,1,77372,36.4735,0.353353,36.0927,0.0153934
56,92,1,1000,4,15,1000,1,20700,9.14234,0.271699,8.8549,0.008507
56,92,1,4096,4,15,4096,1,20700,36.5646,0.296294,36.2357,0.0203701
56,92,3,100,1,54,100,1,268272,17.1517,0.587263,16.5489,0.00763878
56,92,3,100,2,28,100,1,72128,4.4499,0.322566,4.1135,0.00706011
56,92,3,100,4,15,100,1,20700,1.4387,0.197568,1.22945,0.00607633
56,92,3,500,1,54,500,1,268272,67.0737,0.588884,66.4678,0.00902789
56,92,3,500,2,28,500,1,72128,16.8873,0.328585,16.5435,0.00833322
56,92,3,500,4,15,500,1,20700,4.76142,0.27413,4.47288,0.00734967
56,92,3,1000,1,54,1000,1,268272,133.567,0.590678,132.946,0.0171876
56,92,3,1000,2,28,1000,1,72128,33.5289,0.335819,33.1755,0.00983811
56,92,3,1000,4,15,1000,1,20700,9.21913,0.269442,8.93377,0.00879622
56,92,3,4096,4,15,4096,1,20700,36.4516,0.292706,36.1234,0.0230898
56,92,5,100,1,52,100,1,248768,15.9261,0.502658,15.4074,0.00746522
56,92,5,100,2,27,100,1,67068,4.30691,0.321872,3.97057,0.00723367
56,92,5,100,4,14,100,1,18032,1.26926,0.240276,1.01816,0.00480344
56,92,5,500,1,52,500,1,248768,61.9795,0.501153,61.4556,0.0119791
56,92,5,500,2,27,500,1,67068,15.7214,0.329048,15.3767,0.00833344
56,92,5,500,4,14,500,1,18032,4.27201,0.270773,3.98648,0.007002
56,92,5,1000,1,52,1000,1,248768,124.037,0.525979,123.482,0.0165506
56,92,5,1000,2,27,1000,1,67068,31.1343,0.308272,30.8092,0.00960633
56,92,5,1000,4,14,1000,1,18032,8.05166,0.274535,7.76185,0.00792833
56,92,5,4096,2,27,4096,1,67068,123.477,0.347566,123.1,0.018692
56,92,5,4096,4,14,4096,1,18032,31.5278,0.289986,31.2062,0.0206594
56,92,7,100,1,50,100,1,230000,14.7751,0.504394,14.2561,0.00665478
56,92,7,100,2,26,100,1,62192,4.03231,0.321004,3.69707,0.00682867
56,92,7,100,4,14,100,1,18032,1.13923,0.140913,0.986334,0.00567133
56,92,7,500,1,50,500,1,230000,57.8721,0.499996,57.3425,0.0166666
56,92,7,500,2,26,500,1,62192,14.583,0.322277,14.2446,0.00844889
56,92,7,500,4,14,500,1,18032,4.24203,0.268169,3.95847,0.00827522
56,92,7,1000,1,50,1000,1,230000,113.943,0.507287,113.417,0.009317
56,92,7,1000,2,26,1000,1,62192,28.8649,0.329974,28.5155,0.0110533
56,92,7,1000,4,14,1000,1,18032,7.99368,0.263076,7.71446,0.00856478
56,92,7,4096,2,26,4096,1,62192,114.245,0.351038,113.863,0.0199071
56,92,7,4096,4,14,4096,1,18032,31.0545,0.286398,30.7411,0.016898
56,92,11,100,1,46,100,1,194672,12.5642,0.474012,12.0752,0.00694422
56,92,11,100,2,24,100,1,52992,3.46577,0.29994,3.15211,0.00653922
56,92,11,100,4,13,100,1,15548,1.12487,0.238424,0.875397,0.00491911
56,92,11,500,1,46,500,1,194672,48.3694,0.497623,47.8534,0.00954856
56,92,11,500,2,24,500,1,52992,12.4281,0.311282,12.0993,0.00810178
56,92,11,500,4,13,500,1,15548,3.54702,0.24722,3.28504,0.00752311
56,92,11,1000,1,46,1000,1,194672,96.0902,0.484255,95.5877,0.0103588
56,92,11,1000,2,24,1000,1,52992,24.5236,0.317937,24.187,0.0105903
56,92,11,1000,4,13,1000,1,15548,6.80341,0.263192,6.52338,0.00902778
56,92,11,4096,2,24,4096,1,52992,97.3034,0.339117,96.9319,0.0203122
56,92,11,4096,4,13,4096,1,15548,26.5552,0.282578,26.2473,0.0160297
56,128,1,100,1,56,100,1,401408,25.52,0.681591,24.8188,0.00972211
56,128,1,100,2,29,100,1,107648,6.54745,0.386802,6.14665,0.00677067
56,128,1,100,4,15,100,1,28800,1.93482,0.244789,1.67695,0.00607644
56,128,1,500,1,56,500,1,401408,99.8926,0.681012,99.1922,0.00972222
56,128,1,500,2,29,500,1,107648,25.124,0.387612,24.7208,0.00815956
56,128,1,500,4,15,500,1,28800,6.54311,0.284893,6.24358,0.00815967
56,128,1,1000,2,29,1000,1,107648,49.8063,0.393399,49.3906,0.0126156
56,128,1,1000,4,15,1000,1,28800,12.7447,0.292474,12.4358,0.00914367
56,128,1,4096,4,15,4096,1,28800,50.6649,0.325981,50.3056,0.0211223
56,128,3,100,1,54,100,1,373248,23.8358,0.726383,23.0941,0.00694422
56,128,3,100,2,28,100,1,100352,6.24711,0.354395,5.87825,0.00729167
56,128,3,100,4,15,100,1,28800,1.92545,0.258505,1.65357,0.00607644
56,128,3,500,1,54,500,1,373248,93.2012,0.751614,92.4202,0.0160879
56,128,3,500,2,28,500,1,100352,23.4674,0.360703,23.0904,0.00879611
56,128,3,500,4,15,500,1,28800,6.57257,0.275518,6.28305,0.00671256
56,128,3,1000,2,28,1000,1,100352,46.3377,0.364464,45.9528,0.0113424
56,128,3,1000,4,15,1000,1,28800,12.7596,0.292359,12.4504,0.009317
56,128,3,4096,4,15,4096,1,28800,50.7481,0.319499,50.3932,0.0219326
56,128,5,100,1,52,100,1,346112,22.0003,0.632344,21.3507,0.00804367
56,128,5,100,2,27,100,1,93312,5.76592,0.361571,5.38988,0.00746522
56,128,5,100,4,14,100,1,25088,1.71804,0.272278,1.43326,0.00549778
56,128,5,500,1,52,500,1,346112,86.6688,0.642356,85.9992,0.0152776
56,128,5,500,2,27,500,1,93312,21.6954,0.365448,21.3143,0.00787033
56,128,5,500,4,14,500,1,25088,5.79364,0.275345,5.50302,0.00815944
56,128,5,1000,2,27,1000,1,93312,43.1088,0.358851,42.7319,0.0101272
56,128,5,1000,4,14,1000,1,25088,10.9247,0.282173,10.6258,0.009317
56,128,5,4096,4,14,4096,1,25088,43.4426,0.296814,43.1077,0.0252891
56,128,7,100,1,50,100,1,320000,20.5469,0.608559,19.9234,0.00677078
56,128,7,100,2,26,100,1,86528,5.27669,0.361108,4.90187,0.00578689
56,128,7,100,4,14,100,1,25088,1.62163,0.225924,1.38378,0.005382
56,128,7,500,1,50,500,1,320000,79.7465,0.603004,79.1249,0.00966422
56,128,7,500,2,26,500,1,86528,20.1846,0.359488,19.8094,0.00844911
56,128,7,500,4,14,500,1,25088,5.67697,0.293632,5.36841,0.00752322
56,128,7,1000,2,26,1000,1,86528,39.8506,0.365911,39.4664,0.010185
56,128,7,1000,4,14,1000,1,25088,10.9484,0.281421,10.6514,0.008507
56,128,7,4096,4,14,4096,1,25088,43.4474,0.29531,43.1183,0.0210068
56,128,11,100,1,46,100,1,270848,17.3267,0.570828,16.7413,0.006655
56,128,11,100,2,24,100,1,73728,4.66014,0.313597,4.33318,0.00682878
56,128,11,100,4,13,100,1,21632,1.4876,0.24369,1.2306,0.00671289
56,128,11,500,1,46,500,1,270848,68.156,0.603235,67.5237,0.0157984
56,128,11,500,2,24,500,1,73728,17.0836,0.34421,16.7235,0.00821767
56,128,11,500,4,13,500,1,21632,4.87727,0.286166,4.57589,0.00746511
56,128,11,1000,1,46,1000,1,270848,134.718,0.584427,134.103,0.0167243
56,128,11,1000,2,24,1000,1,73728,34.0737,0.342937,33.7097,0.0115161
56,128,11,1000,4,13,1000,1,21632,9.38904,0.270079,9.10316,0.00868044
56,128,11,4096,2,24,4096,1,73728,134.585,0.372103,134.179,0.0214122
56,128,11,4096,4,13,4096,1,21632,37.0637,0.282926,36.7489,0.0196758
56,192,1,100,1,56,100,1,602112,38.0489,0.933904,37.0986,0.00763867
56,192,1,100,2,29,100,1,161472,9.80153,0.467068,9.32087,0.00630811
56,192,1,100,4,15,100,1,43200,2.64511,0.288481,2.34419,0.00543978
56,192,1,500,1,56,500,1,602112,150.242,0.952306,149.263,0.014236
56,192,1,500,2,29,500,1,161472,37.978,0.480262,37.471,0.0152776
56,192,1,500,4,15,500,1,43200,9.65333,0.296872,9.34112,0.00763867
56,192,1,1000,2,29,1000,1,161472,74.6668,0.471003,74.1787,0.00937478
56,192,1,1000,4,15,1000,1,43200,19.165,0.308504,18.8385,0.009838
56,192,1,4096,4,15,4096,1,43200,74.9387,0.331942,74.5723,0.0221641
56,192,3,100,1,54,100,1,559872,35.4873,1.02435,34.4455,0.00856478
56,192,3,100,2,28,100,1,150528,9.14627,0.418978,8.71289,0.00677067
56,192,3,100,4,15,100,1,43200,2.68615,0.300865,2.37151,0.00613411
56,192,3,500,1,54,500,1,559872,139.691,1.0096,138.652,0.0156828
56,192,3,500,2,28,500,1,150528,34.9263,0.427542,34.4824,0.008449
56,192,3,500,4,15,500,1,43200,9.58533,0.300113,9.27023,0.00798611
56,192,3,1000,2,28,1000,1,150528,69.4376,0.428874,68.9913,0.00989567
56,192,3,1000,4,15,1000,1,43200,18.8935,0.30781,18.5685,0.00954844
56,192,3,4096,4,15,4096,1,43200,75.4781,0.332983,75.1114,0.020833
56,192,5,100,1,52,100,1,519168,33.0212,0.824472,32.1748,0.0109954
56,192,5,100,2,27,100,1,139968,8.50722,0.429047,8.06382,0.00659711
56,192,5,100,4,14,100,1,37632,2.41566,0.293747,2.10872,0.00607667
56,192,5,500,1,52,500,1,519168,129.871,0.858615,128.98,0.0168979
56,192,5,500,2,27,500,1,139968,32.5341,0.435818,32.0821,0.00862256
56,192,5,500,4,14,500,1,37632,8.3685,0.299939,8.05305,0.00850689
56,192,5,1000,2,27,1000,1,139968,64.5855,0.42517,64.143,0.009317
56,192,5,1000,4,14,1000,1,37632,16.3183,0.295426,16.0071,0.008044
56,192,5,4096,4,14,4096,1,37632,65.0396,0.322566,64.6824,0.0220484
56,192,7,100,1,50,100,1,480000,30.4495,0.800109,29.6312,0.00896989
56,192,7,100,2,26,100,1,129792,7.817,0.417126,7.38622,0.00613433
56,192,7,100,4,14,100,1,37632,2.34963,0.285298,2.05143,0.00601833
56,192,7,500,1,50,500,1,480000,119.458,0.797331,118.634,0.0150462
56,192,7,500,2,26,500,1,129792,30.2973,0.4151,29.8652,0.00908556
56,192,7,500,4,14,500,1,37632,8.32689,0.299419,8.01335,0.00688667
56,192,7,1000,2,26,1000,1,129792,59.6458,0.425054,59.2025,0.00995356
56,192,7,1000,4,14,1000,1,37632,16.3475,0.303991,16.0275,0.00862267
56,192,7,4096,4,14,4096,1,37632,64.8073,0.322046,64.4462,0.0265622
56,192,11,100,1,46,100,1,406272,25.9259,0.74901,25.1591,0.00862267
56,192,11,100,2,24,100,1,110592,6.69421,0.386455,6.29132,0.00630789
56,192,11,100,4,13,100,1,32448,2.05334,0.24259,1.7979,0.00596033
56,192,11,500,1,46,500,1,406272,100.91,0.763882,100.128,0.00821767
56,192,11,500,2,24,500,1,110592,25.6837,0.39583,25.2725,0.00740744
56,192,11,500,4,13,500,1,32448,7.13043,0.30266,6.81308,0.00729144
56,192,11,1000,2,24,1000,1,110592,50.9894,0.393168,50.5697,0.0154512
56,192,11,1000,4,13,1000,1,32448,14.0525,0.292185,13.7438,0.00931711
56,192,11,4096,4,13,4096,1,32448,55.3228,0.298666,54.9902,0.0218748
56,256,1,100,1,56,100,1,802816,50.9372,1.19096,49.7295,0.00781267
56,256,1,100,2,29,100,1,215296,12.9954,0.547217,12.4332,0.00734978
56,256,1,100,4,15,100,1,57600,3.55784,0.321062,3.22312,0.00711789
56,256,1,500,2,29,500,1,215296,50.2591,0.545944,49.6843,0.0161458
56,256,1,500,4,15,500,1,57600,12.8544,0.32355,12.5166,0.00688656
56,256,1,1000,2,29,1000,1,215296,99.6217,0.552946,99.0508,0.00978011
56,256,1,1000,4,15,1000,1,57600,25.2241,0.303238,24.9056,0.00815978
56,256,1,4096,4,15,4096,1,57600,99.5515,0.35399,99.1642,0.0209487
56,256,3,100,1,54,100,1,746496,47.5173,1.28025,46.2206,0.00827522
56,256,3,100,2,28,100,1,200704,12.0674,0.485876,11.5672,0.00740722
56,256,3,100,4,15,100,1,57600,3.55153,0.296062,3.24245,0.005729
56,256,3,500,2,28,500,1,200704,46.7339,0.484602,46.2316,0.00885422
56,256,3,500,4,15,500,1,57600,12.7891,0.326965,12.4469,0.00740733
56,256,3,1000,2,28,1000,1,200704,92.6077,0.49797,92.0917,0.00989567
56,256,3,1000,4,15,1000,1,57600,25.285,0.33171,24.9318,0.011979
56,256,3,4096,4,15,4096,1,57600,98.9032,0.332752,98.5455,0.0157403
56,256,5,100,1,52,100,1,692224,43.839,1.02464,42.7979,0.00758078
56,256,5,100,2,27,100,1,186624,11.301,0.488653,10.7969,0.00787044
56,256,5,100,4,14,100,1,50176,3.13481,0.317821,2.80275,0.00682867
56,256,5,500,2,27,500,1,186624,43.6684,0.489116,43.1532,0.0145256
56,256,5,500,4,14,500,1,50176,10.9861,0.323724,10.6465,0.00804389
56,256,5,1000,2,27,1000,1,186624,86.3712,0.515273,85.8298,0.0144097
56,256,5,1000,4,14,1000,1,50176,21.7677,0.320136,21.4291,0.0103007
56,256,5,4096,4,14,4096,1,50176,85.967,0.33686,85.5959,0.021296
56,256,7,100,1,50,100,1,640000,40.9455,1.00236,39.9143,0.0152198
56,256,7,100,2,26,100,1,173056,10.4158,0.469209,9.9333,0.006308
56,256,7,100,4,14,100,1,50176,3.01027,0.307926,2.68892,0.00648133
56,256,7,500,2,26,500,1,173056,40.041,0.474417,39.542,0.0134257
56,256,7,500,4,14,500,1,50176,11.1094,0.32031,10.7743,0.008044
56,256,7,1000,2,26,1000,1,173056,79.6578,0.493456,79.1366,0.0159722
56,256,7,1000,4,14,1000,1,50176,21.7164,0.315449,21.381,0.0109376
56,256,7,4096,4,14,4096,1,50176,86.4228,0.344615,86.0438,0.0218169
56,256,11,100,1,46,100,1,541696,34.8743,1.01226,33.8378,0.0120947
56,256,11,100,2,24,100,1,147456,8.83053,0.429799,8.38725,0.00561322
56,256,11,100,4,13,100,1,43264,2.62075,0.305379,2.30276,0.00572933
56,256,11,500,1,46,500,1,541696,134.636,0.946924,133.66,0.0154512
56,256,11,500,2,24,500,1,147456,33.9064,0.447855,33.4413,0.00966378
56,256,11,500,4,13,500,1,43264,9.42058,0.31024,9.09616,0.00677089
56,256,11,1000,2,24,1000,1,147456,67.2749,0.445656,66.812,0.00885411
56,256,11,1000,4,13,1000,1,43264,18.5254,0.310877,18.1983,0.00891211
56,256,11,4096,4,13,4096,1,43264,73.235,0.325749,72.8759,0.0212961
112,32,1,100,1,112,100,1,401408,25.3755,0.610932,24.7492,0.00729189
112,32,1,100,2,57,100,1,103968,6.59415,0.341721,6.23849,0.00700233
112,32,1,100,4,29,100,1,26912,1.88922,0.222625,1.65461,0.00572944
112,32,1,500,1,112,500,1,401408,99.6954,0.639346,99.0315,0.0131363
112,32,1,500,2,57,500,1,103968,25.2842,0.344905,24.9237,0.00758122
112,32,1,500,4,29,500,1,26912,6.62332,0.279453,6.32882,0.00833311
112,32,1,1000,2,57,1000,1,103968,50.1789,0.345194,49.8082,0.014236
112,32,1,1000,4,29,1000,1,26912,12.6748,0.281305,12.3774,0.00925911
112,32,1,4096,4,29,4096,1,26912,50.3681,0.301386,50.0324,0.0215277
112,32,3,100,1,110,100,1,387200,24.5726,0.671117,23.8821,0.00937489
112,32,3,100,2,56,100,1,100352,6.51568,0.360934,6.14109,0.00734956
112,32,3,100,4,29,100,1,26912,1.95074,0.269731,1.66775,0.00630789
112,32,3,500,1,110,500,1,387200,96.6623,0.692471,95.9386,0.0172451
112,32,3,500,2,56,500,1,100352,24.2739,0.363437,23.8928,0.00925644
112,32,3,500,4,29,500,1,26912,6.74112,0.277466,6.44659,0.00960356
112,32,3,1000,2,56,1000,1,100352,48.2824,0.371022,47.8945,0.00943044
112,32,3,1000,4,29,1000,1,26912,12.684,0.276604,12.391,0.00925667
112,32,3,4096,4,29,4096,1,26912,50.5364,0.311553,50.1919,0.0208858
112,32,5,100,1,108,100,1,373248,23.9155,0.662509,23.2331,0.00977756
112,32,5,100,2,55,100,1,96800,6.26893,0.346905,5.90791,0.00700067
112,32,5,100,4,28,100,1,25088,1.75026,0.261452,1.47678,0.00607478
112,32,5,500,1,108,500,1,373248,93.188,0.655926,92.504,0.0147536
112,32,5,500,2,55,500,1,96800,23.4058,0.329787,23.0592,0.00896778
112,32,5,500,4,28,500,1,25088,6.09852,0.280666,5.80206,0.008563
112,32,5,1000,2,55,1000,1,96800,46.7938,0.363001,46.4081,0.0126711
112,32,5,1000,4,28,1000,1,25088,11.7957,0.27552,11.5038,0.008968
112,32,5,4096,4,28,4096,1,25088,46.7436,0.305552,46.4023,0.0225069
112,32,7,100,1,106,100,1,359552,22.8842,0.651087,22.2173,0.00752133
112,32,7,100,2,54,100,1,93312,6.06993,0.367925,5.68731,0.00694322
112,32,7,100,4,28,100,1,25088,1.58603,0.129257,1.44404,0.00590167
112,32,7,500,1,106,500,1,359552,89.5609,0.676727,88.8659,0.00977811
112,32,7,500,2,54,500,1,93312,22.5285,0.357517,22.1556,0.008274
112,32,7,500,4,28,500,1,25088,6.00482,0.264709,5.72542,0.00769544
112,32,7,1000,2,54,1000,1,93312,45.4023,0.382863,44.9906,0.0170111
112,32,7,1000,4,28,1000,1,25088,11.8516,0.2661,11.5704,0.00798456
112,32,7,4096,4,28,4096,1,25088,46.6438,0.296422,46.3125,0.0222186
112,32,11,100,1,102,100,1,332928,21.2034,0.607426,20.5781,0.00972067
112,32,11,100,2,52,100,1,86528,5.47199,0.336579,5.12002,0.00763756
112,32,11,100,4,27,100,1,23328,1.67196,0.261822,1.39694,0.006249
112,32,11,500,1,102,500,1,332928,82.7654,0.614028,82.1337,0.009547
112,32,11,500,2,52,500,1,86528,20.8989,0.344046,20.5397,0.00798478
112,32,11,500,4,27,500,1,23328,5.70622,0.278836,5.41246,0.007117
112,32,11,1000,2,52,1000,1,86528,41.5674,0.338899,41.2116,0.00891089
112,32,11,1000,4,27,1000,1,23328,10.9428,0.267497,10.6571,0.0108782
112,32,11,4096,4,27,4096,1,23328,43.2327,0.282138,42.9176,0.0208304
112,64,1,100,1,112,100,1,802816,50.5328,1.01364,49.5014,0.00775367
112,64,1,100,2,57,100,1,207936,12.9377,0.443171,12.4797,0.00717489
112,64,1,100,4,29,100,1,53824,3.37462,0.304011,3.05742,0.00630678
112,64,1,500,2,57,500,1,207936,50.6021,0.445199,50.1304,0.0151022
112,64,1,500,4,29,500,1,53824,12.7612,0.323918,12.4219,0.00833222
112,64,1,1000,2,57,1000,1,207936,99.2251,0.445261,98.7614,0.0100104
112,64,1,1000,4,29,1000,1,53824,25.0488,0.31854,24.715,0.00758011
112,64,1,4096,4,29,4096,1,53824,99.4324,0.32161,99.0888,0.0142926
112,64,3,100,1,110,100,1,774400,48.9807,1.11059,47.8492,0.0101263
112,64,3,100,2,56,100,1,200704,12.5532,0.491963,12.0459,0.00740656
112,64,3,100,4,29,100,1,53824,3.42175,0.301242,3.10726,0.00653867
112,64,3,500,2,56,500,1,200704,48.1148,0.497636,47.6008,0.00856378
112,64,3,500,4,29,500,1,53824,12.7631,0.323637,12.4233,0.00862189
112,64,3,1000,2,56,1000,1,200704,96.1737,0.4911,95.6639,0.0107052
112,64,3,1000,4,29,1000,1,53824,24.9791,0.316522,24.6463,0.00914289
112,64,3,4096,4,29,4096,1,53824,99.9101,0.332089,99.5451,0.0204842
112,64,5,100,1,108,100,1,746496,47.6932,1.12571,46.5371,0.0162603
112,64,5,100,2,55,100,1,193600,12.0698,0.477737,11.577,0.00705978
112,64,5,100,4,28,100,1,50176,3.31685,0.272084,3.03122,0.00653878
112,64,5,500,2,55,500,1,193600,46.623,0.474729,46.132,0.00850622
112,64,5,500,4,28,500,1,50176,11.8666,0.315021,11.5356,0.00798533
112,64,5,1000,2,55,1000,1,193600,92.503,0.48318,92.0018,0.00983744
112,64,5,1000,4,28,1000,1,50176,23.4709,0.304317,23.1507,0.00862189
112,64,5,4096,4,28,4096,1,50176,92.6551,0.328043,92.2945,0.0202531
112,64,7,100,1,106,100,1,719104,45.4403,1.10137,44.3201,0.010358
112,64,7,100,2,54,100,1,186624,11.7528,0.482025,11.2557,0.00752256
112,64,7,100,4,28,100,1,50176,3.3155,0.298879,3.00013,0.00920078
112,64,7,500,2,54,500,1,186624,45.1379,0.488912,44.62,0.0162608
112,64,7,500,4,28,500,1,50176,11.9226,0.305302,11.6023,0.00729111
112,64,7,1000,2,54,1000,1,186624,89.1713,0.481043,88.6732,0.00943211
112,64,7,1000,4,28,1000,1,50176,23.4467,0.303799,23.1265,0.00856411
112,64,7,4096,4,28,4096,1,50176,92.6835,0.326194,92.322,0.0223366
112,64,11,100,1,102,100,1,665856,42.5757,1.01515,41.5312,0.0149293
112,64,11,100,2,52,100,1,173056,10.7429,0.433016,10.2949,0.00700178
112,64,11,100,4,27,100,1,46656,2.97047,0.262772,2.69421,0.006423
112,64,11,500,2,52,500,1,173056,41.686,0.444011,41.2248,0.00902711
112,64,11,500,4,27,500,1,46656,11.054,0.292227,10.7462,0.00827467
112,64,11,1000,2,52,1000,1,173056,82.7821,0.453676,82.2996,0.016492
112,64,11,1000,4,27,1000,1,46656,21.6597,0.302239,21.3411,0.00873789
112,64,11,4096,4,27,4096,1,46656,86.4655,0.329089,86.1018,0.0217001
112,92,1,100,1,112,100,1,1154048,73.191,1.43776,71.7234,0.0157977
112,92,1,100,2,57,100,1,298908,18.3813,0.545975,17.8208,0.00700189
112,92,1,100,4,29,100,1,77372,4.92113,0.34888,4.55795,0.00677033
112,92,1,500,2,57,500,1,298908,71.7898,0.533303,71.2308,0.013483
112,92,1,500,4,29,500,1,77372,18.2299,0.35866,17.8563,0.00723367
112,92,1,1000,2,57,1000,1,298908,143.091,0.551879,142.511,0.015682
112,92,1,1000,4,29,1000,1,77372,36.6189,0.366994,36.2232,0.0166656
112,92,1,4096,4,29,4096,1,77372,142.393,0.374112,141.99,0.0184016
112,92,3,100,1,110,100,1,1113200,70.6654,1.62185,69.0148,0.0146407
112,92,3,100,2,56,100,1,288512,17.858,0.618081,17.2246,0.00717578
112,92,3,100,4,29,100,1,77372,4.86196,0.355479,4.49282,0.006886
112,92,3,500,2,56,500,1,288512,69.1472,0.636773,68.4919,0.00995311
112,92,3,500,4,29,500,1,77372,18.1771,0.35137,17.8096,0.008738
112,92,3,1000,2,56,1000,1,288512,137.732,0.631102,137.076,0.013541
112,92,3,1000,4,29,1000,1,77372,36.2872,0.351776,35.9086,0.0154507
112,92,3,4096,4,29,4096,1,77372,142.49,0.367517,142.091,0.0197328
112,92,5,100,1,108,100,1,1073088,68.1553,1.56393,66.5687,0.0109369
112,92,5,100,2,55,100,1,278300,17.2022,0.579138,16.6078,0.00734933
112,92,5,100,4,28,100,1,72128,4.62501,0.324637,4.28798,0.00543944
112,92,5,500,2,55,500,1,278300,66.9212,0.605873,66.2856,0.0169554
112,92,5,500,4,28,500,1,72128,16.9851,0.325968,16.6412,0.00972167
112,92,5,1000,2,55,1000,1,278300,133.222,0.602347,132.591,0.0163189
112,92,5,1000,4,28,1000,1,72128,33.9886,0.331292,33.6283,0.0167992
112,92,5,4096,4,28,4096,1,72128,132.859,0.354872,132.47,0.0222121
112,92,7,100,1,106,100,1,1033712,65.793,1.55566,64.2101,0.0142322
112,92,7,100,2,54,100,1,268272,16.5694,0.594651,15.9592,0.00682711
112,92,7,100,4,28,100,1,72128,4.64279,0.326082,4.30363,0.00578578
112,92,7,500,2,54,500,1,268272,64.2862,0.595452,63.674,0.00827411
112,92,7,500,4,28,500,1,72128,16.9524,0.333574,16.6047,0.00705911
112,92,7,1000,2,54,1000,1,268272,128.425,0.605375,127.79,0.0163947
112,92,7,1000,4,28,1000,1,72128,33.4818,0.326893,33.1347,0.0125082
112,92,7,4096,4,28,4096,1,72128,133.51,0.352742,133.126,0.0193908
112,92,11,100,1,102,100,1,957168,60.6855,1.40631,59.2611,0.00775456
112,92,11,100,2,52,100,1,248768,15.3573,0.531238,14.8106,0.00769656
112,92,11,100,4,27,100,1,67068,4.2784,0.321638,3.94322,0.00677078
112,92,11,500,2,52,500,1,248768,59.5841,0.523925,59.0433,0.00839156
112,92,11,500,4,27,500,1,67068,15.853,0.32745,15.5092,0.00856511
112,92,11,1000,2,52,1000,1,248768,118.775,0.537678,118.207,0.0168424
112,92,11,1000,4,27,1000,1,67068,31.315,0.335168,30.9484,0.0195048
112,92,11,4096,4,27,4096,1,67068,123.394,0.346808,123.016,0.0197946
112,128,1,100,1,112,100,1,1605632,100.973,2.01492,98.9403,0.00850467
112,128,1,100,2,57,100,1,415872,25.39,0.673452,24.7017,0.00729
112,128,1,100,4,29,100,1,107648,6.62603,0.395627,6.21634,0.00705844
112,128,1,500,2,57,500,1,415872,100.105,0.686898,99.3943,0.0123829
112,128,1,500,4,29,500,1,107648,25.151,0.388562,24.7447,0.00920033
112,128,1,1000,4,29,1000,1,107648,50.2364,0.398765,49.8119,0.0143511
112,128,3,100,1,110,100,1,1548800,98.0028,2.13547,95.8431,0.0122108
112,128,3,100,2,56,100,1,401408,24.7536,0.766729,23.9724,0.00642367
112,128,3,100,4,29,100,1,107648,6.70636,0.384725,6.30723,0.00700244
112,128,3,500,2,56,500,1,401408,96.794,0.780643,95.9896,0.01279
112,128,3,500,4,29,500,1,107648,25.334,0.393883,24.9241,0.00862311
112,128,3,1000,4,29,1000,1,107648,49.9082,0.391342,49.4991,0.009202
112,128,5,100,1,108,100,1,1492992,94.2717,2.05535,92.191,0.0123272
112,128,5,100,2,55,100,1,387200,23.8678,0.721002,23.1315,0.00729189
112,128,5,100,4,28,100,1,100352,6.14623,0.363337,5.76929,0.00625044
112,128,5,500,2,55,500,1,387200,93.5106,0.761116,92.7215,0.0152211
112,128,5,500,4,28,500,1,100352,23.4002,0.362009,23.0229,0.00740789
112,128,5,1000,4,28,1000,1,100352,46.3921,0.365599,46.0096,0.00879711
112,128,7,100,1,106,100,1,1438208,90.7153,2.06564,88.6293,0.00908633
112,128,7,100,2,54,100,1,373248,22.8878,0.732822,22.1401,0.00729222
112,128,7,100,4,28,100,1,100352,6.23802,0.357151,5.8675,0.00607689
112,128,7,500,2,54,500,1,373248,89.4668,0.746225,88.6989,0.0112809
112,128,7,500,4,28,500,1,100352,23.4867,0.357418,23.113,0.00862011
112,128,7,1000,4,28,1000,1,100352,46.2005,0.371099,45.8112,0.0107036
112,128,11,100,1,102,100,1,1331712,84.0961,1.88202,82.1938,0.00977867
112,128,11,100,2,52,100,1,346112,21.1578,0.636431,20.5043,0.00873711
112,128,11,100,4,27,100,1,93312,5.74265,0.363784,5.36481,0.00653844
112,128,11,500,2,52,500,1,346112,82.7438,0.674541,82.0521,0.009027
112,128,11,500,4,27,500,1,93312,21.779,0.357614,21.4036,0.00931644
112,128,11,1000,4,27,1000,1,93312,43.1914,0.367055,42.8042,0.0115156
112,192,1,100,1,112,100,1,2408448,152.458,3.00646,149.421,0.0155671
112,192,1,100,2,57,100,1,623808,38.6552,0.930209,37.6956,0.0157408
112,192,1,100,4,29,100,1,161472,9.84568,0.462964,9.36854,0.00648156
112,192,1,500,2,57,500,1,623808,149.388,0.93758,148.431,0.00978022
112,192,1,500,4,29,500,1,161472,38.0792,0.469515,37.5802,0.0166674
112,192,1,1000,4,29,1000,1,161472,74.9556,0.48497,74.4534,0.00943322
112,192,3,100,1,110,100,1,2323200,147.091,3.09346,143.968,0.0150468
112,192,3,100,2,56,100,1,602112,37.2739,1.11399,36.1334,0.0133106
112,192,3,100,4,29,100,1,161472,9.85693,0.46356,9.37914,0.00746533
112,192,3,500,2,56,500,1,602112,144.67,1.07928,143.561,0.0156249
112,192,3,500,4,29,500,1,161472,37.7716,0.465221,37.2896,0.00908567
112,192,3,1000,4,29,1000,1,161472,74.7287,0.484842,74.2256,0.0103012
112,192,5,100,1,108,100,1,2239488,142.047,2.98101,139.035,0.015683
112,192,5,100,2,55,100,1,580800,35.6521,1.00644,34.6251,0.0100117
112,192,5,100,4,28,100,1,150528,9.17834,0.417311,8.74564,0.00729156
112,192,5,500,2,55,500,1,580800,139.539,1.0094,138.512,0.00937511
112,192,5,500,4,28,500,1,150528,35.1289,0.429756,34.6717,0.0151623
112,192,5,1000,4,28,1000,1,150528,69.715,0.428484,69.269,0.00960678
112,192,7,100,1,106,100,1,2157312,136.661,2.99436,133.639,0.0143521
112,192,7,100,2,54,100,1,559872,34.7982,1.01097,33.761,0.0134264
112,192,7,100,4,28,100,1,150528,9.18066,0.41992,8.74546,0.007755
112,192,7,500,2,54,500,1,559872,135.369,1.0178,134.326,0.013484
112,192,7,500,4,28,500,1,150528,34.9029,0.42079,34.4666,0.00827578
112,192,7,1000,4,28,1000,1,150528,70.0636,0.422758,69.6119,0.0161463
112,192,11,100,1,102,100,1,1997568,125.494,2.74854,122.718,0.0135998
112,192,11,100,2,52,100,1,519168,31.9369,0.87075,31.0399,0.0133688
112,192,11,100,4,27,100,1,139968,8.52861,0.416161,8.09792,0.00682911
112,192,11,500,2,52,500,1,519168,124.451,0.879779,123.543,0.0152783
112,192,11,500,4,27,500,1,139968,32.7102,0.428141,32.258,0.0138316
112,192,11,1000,4,27,1000,1,139968,64.5955,0.436533,64.1313,0.0156258
112,256,1,100,2,57,100,1,831744,51.0776,1.18396,49.8661,0.0140633
112,256,1,100,4,29,100,1,215296,13.002,0.554883,12.4318,0.00787078
112,256,1,500,4,29,500,1,215296,50.1834,0.571145,49.5921,0.0106483
112,256,1,1000,4,29,1000,1,215296,99.6591,0.538332,99.0942,0.0152207
112,256,3,100,2,56,100,1,802816,49.5387,1.37708,48.1362,0.0129057
112,256,3,100,4,29,100,1,215296,12.957,0.544061,12.3989,0.00677111
112,256,3,500,4,29,500,1,215296,49.9392,0.550948,49.3722,0.00787067
112,256,3,1000,4,29,1000,1,215296,99.4464,0.551006,98.8771,0.0103014
112,256,5,100,2,55,100,1,774400,47.0856,1.23732,45.8325,0.00787067
112,256,5,100,4,28,100,1,200704,12.159,0.474499,11.6692,0.00752344
112,256,5,500,4,28,500,1,200704,46.4615,0.483816,45.9586,0.0101276
112,256,5,1000,4,28,1000,1,200704,93.0307,0.485835,92.5272,0.00954667
112,256,7,100,1,106,100,1,2876416,182.506,4.05428,178.424,0.0146968
112,256,7,100,2,54,100,1,746496,45.5271,1.25132,44.2579,0.00815856
112,256,7,100,4,28,100,1,200704,12.068,0.489919,11.5642,0.00630678
112,256,7,500,4,28,500,1,200704,46.3786,0.497565,45.8633,0.00867944
112,256,7,1000,4,28,1000,1,200704,92.7425,0.486988,92.2373,0.0103577
112,256,11,100,1,102,100,1,2663424,168.284,3.67097,164.595,0.00833256
112,256,11,100,2,52,100,1,692224,42.57,1.10473,41.4354,0.0150454
112,256,11,100,4,27,100,1,186624,11.1848,0.495916,10.6745,0.00665467
112,256,11,500,4,27,500,1,186624,43.2705,0.497945,42.7562,0.00896956
112,256,11,1000,4,27,1000,1,186624,86.4327,0.499919,85.9101,0.0124994
224,32,1,100,1,224,100,1,1605632,101.218,1.80826,99.3825,0.0138304
224,32,1,100,2,113,100,1,408608,25.4907,0.634584,24.8398,0.00833311
224,32,1,100,4,57,100,1,103968,6.53044,0.306586,6.20956,0.00717589
224,32,1,500,2,113,500,1,408608,99.6408,0.60444,99.0192,0.00914333
224,32,1,500,4,57,500,1,103968,25.2108,0.340617,24.8533,0.00902767
224,32,1,1000,4,57,1000,1,103968,49.9242,0.341023,49.5664,0.00891178
224,32,3,100,1,222,100,1,1577088,99.3475,1.74482,97.5808,0.0108217
224,32,3,100,2,112,100,1,401408,25.0703,0.64351,24.4115,0.00746522
224,32,3,100,4,57,100,1,103968,6.59257,0.346176,6.23198,0.00729144
224,32,3,500,2,112,500,1,401408,98.1987,0.649416,97.5311,0.00902778
224,32,3,500,4,57,500,1,103968,25.2024,0.345773,24.8393,0.00879622
224,32,3,1000,4,57,1000,1,103968,50.229,0.342591,49.8571,0.0170714
224,32,5,100,1,220,100,1,1548800,97.469,1.74797,95.6984,0.0110532
224,32,5,100,2,111,100,1,394272,24.6869,0.679802,23.9897,0.00775433
224,32,5,100,4,56,100,1,100352,6.36521,0.358391,5.99369,0.00578667
224,32,5,500,2,111,500,1,394272,96.1921,0.667304,95.5074,0.00868067
224,32,5,500,4,56,500,1,100352,24.401,0.368519,24.0151,0.00925933
224,32,5,1000,4,56,1000,1,100352,48.4866,0.367767,48.0911,0.01603
224,32,7,100,1,218,100,1,1520768,95.8654,1.71488,94.1221,0.0145834
224,32,7,100,2,110,100,1,387200,24.1516,0.637677,23.4988,0.007639
224,32,7,100,4,56,100,1,100352,6.40119,0.366495,6.0204,0.00740756
224,32,7,500,2,110,500,1,387200,94.1224,0.652609,93.4515,0.00862278
224,32,7,500,4,56,500,1,100352,24.2708,0.366727,23.8857,0.0109376
224,32,7,1000,4,56,1000,1,100352,48.2472,0.370084,47.8543,0.0128474
224,32,11,100,1,214,100,1,1465472,91.8265,1.60626,90.2028,0.00810178
224,32,11,100,2,108,100,1,373248,23.2502,0.65346,22.5822,0.00717633
224,32,11,100,4,55,100,1,96800,6.20569,0.359863,5.83119,0.00735011
224,32,11,500,2,108,500,1,373248,91.5488,0.675738,90.8457,0.0149894
224,32,11,500,4,55,500,1,96800,23.5487,0.364433,23.1672,0.00873889
224,32,11,1000,4,55,1000,1,96800,47.0192,0.38353,46.6061,0.0170149
224,64,1,100,2,113,100,1,817216,50.8487,1.02847,49.792,0.0150472
224,64,1,100,4,57,100,1,207936,12.9494,0.447132,12.4876,0.00671333
224,64,1,500,4,57,500,1,207936,49.9565,0.43845,49.5014,0.00914389
224,64,1,1000,4,57,1000,1,207936,99.5534,0.452975,99.082,0.0103591
224,64,3,100,2,112,100,1,802816,49.9301,1.10833,48.7926,0.0150471
224,64,3,100,4,57,100,1,207936,12.9338,0.440647,12.4783,0.00706033
224,64,3,500,4,57,500,1,207936,50.386,0.449038,49.9072,0.0166674
224,64,3,1000,4,57,1000,1,207936,99.1995,0.446895,98.7349,0.00937556
224,64,5,100,2,111,100,1,788544,49.0738,1.15034,47.9054,0.008565
224,64,5,100,4,56,100,1,200704,12.5366,0.496434,12.0259,0.006829
224,64,5,500,4,56,500,1,200704,48.4164,0.497011,47.9012,0.00931756
224,64,5,1000,4,56,1000,1,200704,95.8404,0.498573,95.3236,0.00972289
224,64,7,100,2,110,100,1,774400,48.1238,1.11833,46.989,0.00816022
224,64,7,100,4,56,100,1,200704,12.5475,0.494232,12.0391,0.00636578
224,64,7,500,4,56,500,1,200704,48.3871,0.511593,47.8572,0.0100701
224,64,7,1000,4,56,1000,1,200704,96.1359,0.499612,95.6177,0.0103011
224,64,11,100,2,108,100,1,746496,46.3018,1.07035,45.2146,0.00769722
224,64,11,100,4,55,100,1,193600,12.0373,0.469519,11.553,0.00787056
224,64,11,500,4,55,500,1,193600,46.7299,0.480109,46.2323,0.00897022
224,64,11,1000,4,55,1000,1,193600,92.6508,0.477851,92.1489,0.0130213
224,92,1,100,2,113,100,1,1174748,73.0076,1.44304,71.5388,0.0133104
224,92,1,100,4,57,100,1,298908,18.4327,0.548049,17.8694,0.00746544
224,92,1,500,4,57,500,1,298908,71.8803,0.534102,71.3222,0.012732
224,92,1,1000,4,57,1000,1,298908,142.548,0.539425,141.99,0.009433
224,92,3,100,2,112,100,1,1154048,72.0875,1.50884,70.5489,0.0156256
224,92,3,100,4,57,100,1,298908,18.5127,0.535489,17.9623,0.00688667
224,92,3,500,4,57,500,1,298908,71.6613,0.528834,71.1119,0.0110534
224,92,3,1000,4,57,1000,1,298908,142.888,0.547468,142.315,0.0144682
224,92,5,100,2,111,100,1,1133532,70.5388,1.59674,68.9214,0.0108221
224,92,5,100,4,56,100,1,288512,17.8585,0.618708,17.2244,0.00740767
224,92,5,500,4,56,500,1,288512,69.2606,0.616393,68.6264,0.00885411
224,92,5,1000,4,56,1000,1,288512,137.632,0.639888,136.959,0.0147572
224,92,7,100,2,110,100,1,1113200,69.3401,1.53545,67.774,0.0164357
224,92,7,100,4,56,100,1,288512,17.9389,0.625189,17.2962,0.00902811
224,92,7,500,4,56,500,1,288512,69.5181,0.634622,68.8654,0.00972233
224,92,7,1000,4,56,1000,1,288512,138.598,0.63167,137.939,0.0155676
224,92,11,100,2,108,100,1,1073088,66.7451,1.49969,65.2261,0.00954889
224,92,11,100,4,55,100,1,278300,17.2109,0.589076,16.6069,0.00752344
224,92,11,500,4,55,500,1,278300,66.8528,0.582536,66.2523,0.009028
224,92,11,1000,4,55,1000,1,278300,133.705,0.586413,133.087,0.0155096
224,128,1,100,2,113,100,1,1634432,101.321,2.04773,99.2437,0.0153938
224,128,1,100,4,57,100,1,415872,25.5639,0.670616,24.8728,0.0105328
224,128,1,500,4,57,500,1,415872,100.277,0.684274,99.5667,0.0141206
224,128,3,100,2,112,100,1,1605632,99.6529,2.03899,97.585,0.0151622
224,128,3,100,4,57,100,1,415872,25.6474,0.673047,24.9549,0.009433
224,128,3,500,4,57,500,1,415872,99.6962,0.656669,99.0177,0.0109957
224,128,5,100,2,111,100,1,1577088,98.1054,2.12279,95.9574,0.0124423
224,128,5,100,4,56,100,1,401408,24.8012,0.761474,24.0237,0.00723389
224,128,5,500,4,56,500,1,401408,96.6821,0.785259,95.8794,0.00816
224,128,7,100,2,110,100,1,1548800,95.9813,2.08471,93.879,0.00839178
224,128,7,100,4,56,100,1,401408,24.746,0.771717,23.9587,0.007176
224,128,7,500,4,56,500,1,401408,96.6564,0.779877,95.8592,0.00885422
224,128,11,100,2,108,100,1,1492992,92.5513,2.00149,90.5305,0.009954
224,128,11,100,4,55,100,1,387200,23.7318,0.722353,22.994,0.00700233
224,128,11,500,4,55,500,1,387200,92.4151,0.742954,91.654,0.00850689
224,192,1,100,2,113,100,1,2451648,152.711,3.03559,149.645,0.016262
224,192,1,100,4,57,100,1,623808,38.3609,0.932166,37.3987,0.0154502
224,192,1,500,4,57,500,1,623808,149.023,0.937558,148.066,0.00937433
224,192,3,100,2,112,100,1,2408448,149.013,2.95372,146.036,0.0118048
224,192,3,100,4,57,100,1,623808,38.5746,0.967369,37.58,0.0137144
224,192,3,500,4,57,500,1,623808,150.011,0.967204,149.025,0.00977989
224,192,5,100,2,111,100,1,2365632,146.771,3.09971,143.642,0.015393
224,192,5,100,4,56,100,1,602112,37.3585,1.07751,36.2457,0.0148144
224,192,5,500,4,56,500,1,602112,144.617,1.06258,143.524,0.0160876
224,192,7,100,2,110,100,1,2323200,144.219,2.98702,141.201,0.0152194
224,192,7,100,4,56,100,1,602112,37.5432,1.09864,36.4145,0.0157406
224,192,7,500,4,56,500,1,602112,144.395,1.07075,143.297,0.0142359
224,192,11,100,2,108,100,1,2239488,139.422,2.99966,136.393,0.0154511
224,192,11,100,4,55,100,1,580800,35.9192,0.979613,34.9132,0.0133098
224,192,11,500,4,55,500,1,580800,139.797,0.992926,138.774,0.016551
224,256,1,100,4,57,100,1,831744,50.7578,1.21619,49.523,0.008044
224,256,3,100,4,57,100,1,831744,50.7584,1.20624,49.5351,0.00839111
224,256,5,100,4,56,100,1,802816,49.73,1.37539,48.3234,0.0166084
224,256,7,100,4,56,100,1,802816,49.3404,1.39617,47.9271,0.00850678
224,256,11,100,4,55,100,1,774400,47.3646,1.24166,46.1069,0.00740722