28,32,1,32,1,28,0.42551054
28,32,1,32,2,15,0.065476607
28,32,1,32,4,8,0.019757033
28,32,1,64,1,28,0.57316764
28,32,1,64,2,15,0.074880467
28,32,1,64,4,8,0.020046087
28,32,1,92,1,28,0.59168269
28,32,1,92,2,15,0.12638937
28,32,1,92,4,8,0.018711557
28,32,1,128,1,28,0.58327775
28,32,1,128,2,15,0.14819724
28,32,1,128,4,8,0.020412885
28,32,1,192,1,28,0.58112736
28,32,1,192,2,15,0.24442578
28,32,1,192,4,8,0.021569892
28,32,1,256,1,28,0.58731298
28,32,1,256,2,15,0.34423529
28,32,1,256,4,8,0.023471682
28,32,3,32,1,26,1.2989915
28,32,3,32,2,14,0.4379428
28,32,3,32,4,8,0.086789763
28,32,3,64,1,26,1.2898159
28,32,3,64,2,14,0.46888446
28,32,3,64,4,8,0.103388672
28,32,3,92,1,26,1.2916917
28,32,3,92,2,14,0.50699371
28,32,3,92,4,8,0.13196479
28,32,3,128,1,26,1.295545
28,32,3,128,2,14,0.50130868
28,32,3,128,4,8,0.16828073
28,32,3,192,1,26,1.3026979
28,32,3,192,2,14,0.49272294
28,32,3,192,4,8,0.24591625
28,32,3,256,1,26,1.3042686
28,32,3,256,2,14,0.50316753
28,32,3,256,4,8,0.27148137
28,32,5,32,1,24,2.2121332
28,32,5,32,2,13,0.6242911
28,32,5,32,4,7,0.12178801
28,32,5,64,1,24,2.2072064
28,32,5,64,2,13,0.66293936
28,32,5,64,4,7,0.22255463
28,32,5,92,1,24,2.2117377
28,32,5,92,2,13,0.66627399
28,32,5,92,4,7,0.25574951
28,32,5,128,1,24,2.207568
28,32,5,128,2,13,0.66425016
28,32,5,128,4,7,0.27085874
28,32,5,192,1,24,2.2145401
28,32,5,192,2,13,0.66805713
28,32,5,192,4,7,0.27604205
28,32,5,256,1,24,2.2339535
28,32,5,256,2,13,0.66846506
28,32,5,256,4,7,0.27132656
28,32,7,32,1,22,2.8138582
28,32,7,32,2,12,0.80261527
28,32,7,32,4,7,0.30685489
28,32,7,64,1,22,2.8189545
28,32,7,64,2,12,0.794729
28,32,7,64,4,7,0.3472603
28,32,7,92,1,22,2.8249435
28,32,7,92,2,12,0.78722467
28,32,7,92,4,7,0.35376571
28,32,7,128,1,22,2.8523234
28,32,7,128,2,12,0.7903107
28,32,7,128,4,7,0.3503226
28,32,7,192,1,22,2.8154854
28,32,7,192,2,12,0.78978299
28,32,7,192,4,7,0.35327642
28,32,7,256,1,22,2.8566626
28,32,7,256,2,12,0.79168478
28,32,7,256,4,7,0.34830781
28,32,11,32,1,18,4.4642571
28,32,11,32,2,10,1.1644876
28,32,11,32,4,6,0.43553816
28,32,11,64,1,18,4.3912478
28,32,11,64,2,10,1.1625214
28,32,11,64,4,6,0.42913671
28,32,11,92,1,18,4.3766369
28,32,11,92,2,10,1.1802624
28,32,11,92,4,6,0.42439975
28,32,11,128,1,18,4.3982199
28,32,11,128,2,10,1.1636401
28,32,11,128,4,6,0.41458457
28,32,11,192,1,18,4.3982538
28,32,11,192,2,10,1.1932913
28,32,11,192,4,6,0.41652817
28,32,11,256,1,18,4.4513412
28,32,11,256,2,10,1.1804658
28,32,11,256,4,6,0.41786609
28,64,1,32,1,28,1.01646664
28,64,1,32,2,15,0.15558066
28,64,1,32,4,8,0.034050629
28,64,1,64,1,28,1.09217438
28,64,1,64,2,15,0.18410525
28,64,1,64,4,8,0.034739816
28,64,1,92,1,28,1.06672226
28,64,1,92,2,15,0.32222628
28,64,1,92,4,8,0.03319488
28,64,1,128,1,28,1.07860082
28,64,1,128,2,15,0.4174672
28,64,1,128,4,8,0.037277344
28,64,1,192,1,28,1.09664805
28,64,1,192,2,15,0.55652161
28,64,1,192,4,8,0.045276049
28,64,1,256,1,28,1.08226767
28,64,1,256,2,15,0.61534037
28,64,1,256,4,8,0.0472905
28,64,3,32,1,26,2.5241827
28,64,3,32,2,14,0.9431771
28,64,3,32,4,8,0.35258034
28,64,3,64,1,26,2.4728807
28,64,3,64,2,14,0.95657664
28,64,3,64,4,8,0.44482676
28,64,3,92,1,26,2.4695359
28,64,3,92,2,14,0.9777438
28,64,3,92,4,8,0.49033977
28,64,3,128,1,26,2.4771747
28,64,3,128,2,14,0.95093681
28,64,3,128,4,8,0.5177547
28,64,3,192,1,26,2.5170185
28,64,3,192,2,14,0.95031305
28,64,3,192,4,8,0.51867226
28,64,3,256,1,26,2.4901584
28,64,3,256,2,14,0.95433359
28,64,3,256,4,8,0.52219673
28,64,5,32,1,24,4.5210509
28,64,5,32,2,13,1.2649559
28,64,5,32,4,7,0.47483843
28,64,5,64,1,24,4.5097509
28,64,5,64,2,13,1.2565148
28,64,5,64,4,7,0.49347552
28,64,5,92,1,24,4.5154235
28,64,5,92,2,13,1.2559046
28,64,5,92,4,7,0.48362305
28,64,5,128,1,24,4.5180677
28,64,5,128,2,13,1.2555091
28,64,5,128,4,7,0.47925334
28,64,5,192,1,24,4.516497
28,64,5,192,2,13,1.260289
28,64,5,192,4,7,0.48024096
28,64,5,256,1,24,4.5278309
28,64,5,256,2,13,1.257803
28,64,5,256,4,7,0.47378866
28,64,7,32,1,22,6.0872874
28,64,7,32,2,12,1.6478112
28,64,7,32,4,7,0.65223148
28,64,7,64,1,22,6.08166
28,64,7,64,2,12,1.6490429
28,64,7,64,4,7,0.66886621
28,64,7,92,1,22,6.0771174
28,64,7,92,2,12,1.6348614
28,64,7,92,4,7,0.66546491
28,64,7,128,1,22,6.0635348
28,64,7,128,2,12,1.6492124
28,64,7,128,4,7,0.66374392
28,64,7,192,1,22,6.0566531
28,64,7,192,2,12,1.6521956
28,64,7,192,4,7,0.66312355
28,64,7,256,1,22,6.0933668
28,64,7,256,2,12,1.6515063
28,64,7,256,4,7,0.66567509
28,64,11,32,1,18,8.9124004
28,64,11,32,2,10,2.3447952
28,64,11,32,4,6,0.86519919
28,64,11,64,1,18,8.8439224
28,64,11,64,2,10,2.3672031
28,64,11,64,4,6,0.88157628
28,64,11,92,1,18,8.8488944
28,64,11,92,2,10,2.3674517
28,64,11,92,4,6,0.86319231
28,64,11,128,1,18,8.8602057
28,64,11,128,2,10,2.3698586
28,64,11,128,4,6,0.8652523
28,64,11,192,1,18,8.8916536
28,64,11,192,2,10,2.3651126
28,64,11,192,4,6,0.85419073
28,64,11,256,1,18,8.8498436
28,64,11,256,2,10,2.3649544
28,64,11,256,4,6,0.93785028
28,92,1,32,1,28,1.5760675
28,92,1,32,2,15,0.28926079
28,92,1,32,4,8,0.042951074
28,92,1,64,1,28,1.581435
28,92,1,64,2,15,0.3910591
28,92,1,64,4,8,0.056099867
28,92,1,92,1,28,1.5547331
28,92,1,92,2,15,0.57759046
28,92,1,92,4,8,0.043818801
28,92,1,128,1,28,1.5722933
28,92,1,128,2,15,0.708849
28,92,1,128,4,8,0.057092685
28,92,1,192,1,28,1.581887
28,92,1,192,2,15,0.82660517
28,92,1,192,4,8,0.096985301
28,92,1,256,1,28,1.5790281
28,92,1,256,2,15,0.87563587
28,92,1,256,4,8,0.19732399
28,92,3,32,1,26,3.6125648
28,92,3,32,2,14,1.3093875
28,92,3,32,4,8,0.71399954
28,92,3,64,1,26,3.5789586
28,92,3,64,2,14,1.3514122
28,92,3,64,4,8,0.80672508
28,92,3,92,1,26,3.6205087
28,92,3,92,2,14,1.311026
28,92,3,92,4,8,0.75399702
28,92,3,128,1,26,3.5992534
28,92,3,128,2,14,1.3108565
28,92,3,128,4,8,0.74698424
28,92,3,192,1,26,3.6005755
28,92,3,192,2,14,1.3089355
28,92,3,192,4,8,0.74942956
28,92,3,256,1,26,3.6124179
28,92,3,256,2,14,1.3281116
28,92,3,256,4,8,0.74502256
28,92,5,32,1,24,6.7005158
28,92,5,32,2,13,1.8142489
28,92,5,32,4,7,0.70720937
28,92,5,64,1,24,6.6402642
28,92,5,64,2,13,1.8186785
28,92,5,64,4,7,0.69266401
28,92,5,92,1,24,6.735139
28,92,5,92,2,13,1.8236053
28,92,5,92,4,7,0.68885139
28,92,5,128,1,24,6.6391907
28,92,5,128,2,13,1.8060677
28,92,5,128,4,7,0.67713329
28,92,5,192,1,24,6.6349419
28,92,5,192,2,13,1.8211871
28,92,5,192,4,7,0.6891418
28,92,5,256,1,24,6.6329757
28,92,5,256,2,13,1.81704
28,92,5,256,4,7,0.68060804
28,92,7,32,1,22,8.9160729
28,92,7,32,2,12,2.4277598
28,92,7,32,4,7,0.96832525
28,92,7,64,1,22,8.969036
28,92,7,64,2,12,2.4297147
28,92,7,64,4,7,0.94672417
28,92,7,92,1,22,8.9681659
28,92,7,92,2,12,2.4274095
28,92,7,92,4,7,0.95223292
28,92,7,128,1,22,9.0670635
28,92,7,128,2,12,2.4341443
28,92,7,128,4,7,0.94792084
28,92,7,192,1,22,8.9957153
28,92,7,192,2,12,2.4312289
28,92,7,192,4,7,0.95276176
28,92,7,256,1,22,8.9443794
28,92,7,256,2,12,2.4511056
28,92,7,256,4,7,0.95307364
28,92,11,32,1,18,12.780865
28,92,11,32,2,10,3.4074811
28,92,11,32,4,6,1.2500173
28,92,11,64,1,18,12.821093
28,92,11,64,2,10,3.4281601
28,92,11,64,4,6,1.267973
28,92,11,92,1,18,12.83793
28,92,11,92,2,10,3.4368159
28,92,11,92,4,6,1.2516332
28,92,11,128,1,18,12.819624
28,92,11,128,2,10,3.4240469
28,92,11,128,4,6,1.2484353
28,92,11,192,1,18,12.834201
28,92,11,192,2,10,3.4393358
28,92,11,192,4,6,1.2679165
28,92,11,256,1,18,12.827308
28,92,11,256,2,10,3.4940391
28,92,11,256,4,6,1.2500399
28,128,1,32,1,28,2.1680519
28,128,1,32,2,15,0.65373664
28,128,1,32,4,8,0.069940559
28,128,1,64,1,28,2.1553055
28,128,1,64,2,15,0.97434815
28,128,1,64,4,8,0.079731896
28,128,1,92,1,28,2.1405138
28,128,1,92,2,15,0.97867944
28,128,1,92,4,8,0.067337152
28,128,1,128,1,28,2.1488871
28,128,1,128,2,15,1.04820947
28,128,1,128,4,8,0.072693804
28,128,1,192,1,28,2.1373498
28,128,1,192,2,15,1.1331979
28,128,1,192,4,8,0.16580942
28,128,1,256,1,28,2.1378018
28,128,1,256,2,15,1.1796974
28,128,1,256,4,8,0.17555341
28,128,3,32,1,26,5.1322227
28,128,3,32,2,14,1.7145942
28,128,3,32,4,8,1.05721896
28,128,3,64,1,26,5.1297028
28,128,3,64,2,14,1.7108313
28,128,3,64,4,8,0.99964433
28,128,3,92,1,26,5.1482348
28,128,3,92,2,14,1.7046163
28,128,3,92,4,8,1.09462761
28,128,3,128,1,26,5.1087413
28,128,3,128,2,14,1.7149784
28,128,3,128,4,8,1.01162798
28,128,3,192,1,26,5.0870566
28,128,3,192,2,14,1.7237472
28,128,3,192,4,8,1.02270537
28,128,3,256,1,26,5.1050914
28,128,3,256,2,14,1.7246512
28,128,3,256,4,8,1.02248163
28,128,5,32,1,24,9.307697
28,128,5,32,2,13,2.5386015
28,128,5,32,4,7,0.99230272
28,128,5,64,1,24,9.3297094
28,128,5,64,2,13,2.5292112
28,128,5,64,4,7,0.96472281
28,128,5,92,1,24,9.3208502
28,128,5,92,2,13,2.5315842
28,128,5,92,4,7,0.94069788
28,128,5,128,1,24,9.3461735
28,128,5,128,2,13,2.5384094
28,128,5,128,4,7,0.94758297
28,128,5,192,1,24,9.3538688
28,128,5,192,2,13,2.5335617
28,128,5,192,4,7,0.94941922
28,128,5,256,1,24,9.320692
28,128,5,256,2,13,2.5370421
28,128,5,256,4,7,0.95417991
28,128,7,32,1,22,12.531474
28,128,7,32,2,12,3.4207247
28,128,7,32,4,7,1.3857642
28,128,7,64,1,22,12.552266
28,128,7,64,2,12,3.4246797
28,128,7,64,4,7,1.3530168
28,128,7,92,1,22,12.553961
28,128,7,92,2,12,3.4508618
28,128,7,92,4,7,1.3590284
28,128,7,128,1,22,12.596449
28,128,7,128,2,12,3.4397313
28,128,7,128,4,7,1.3695374
28,128,7,192,1,22,12.6108
28,128,7,192,2,12,3.4354034
28,128,7,192,4,7,1.373854
28,128,7,256,1,22,12.553735
28,128,7,256,2,12,3.4407596
28,128,7,256,4,7,1.3744416
28,128,11,32,1,18,17.961915
28,128,11,32,2,10,4.8788428
28,128,11,32,4,6,1.9668328
28,128,11,64,1,18,18.170739
28,128,11,64,2,10,4.8585028
28,128,11,64,4,6,1.8483862
28,128,11,92,1,18,18.157518
28,128,11,92,2,10,4.8702435
28,128,11,92,4,6,1.8296508
28,128,11,128,1,18,18.034461
28,128,11,128,2,10,4.8529884
28,128,11,128,4,6,1.8519683
28,128,11,192,1,18,18.142376
28,128,11,192,2,10,4.9114772
28,128,11,192,4,6,1.86111
28,128,11,256,1,18,18.079774
28,128,11,256,2,10,4.856514
28,128,11,256,4,6,1.8120454
28,192,1,32,1,28,3.1758085
28,192,1,32,2,15,1.447643
28,192,1,32,4,8,0.22826565
28,192,1,64,1,28,3.1779555
28,192,1,64,2,15,1.5555806
28,192,1,64,4,8,0.26813318
28,192,1,92,1,28,3.1587003
28,192,1,92,2,15,1.6884008
28,192,1,92,4,8,0.17801794
28,192,1,128,1,28,3.1488128
28,192,1,128,2,15,1.6720949
28,192,1,128,4,8,0.22648251
28,192,1,192,1,28,3.1334448
28,192,1,192,2,15,1.7366518
28,192,1,192,4,8,0.40029685
28,192,1,256,1,28,3.157559
28,192,1,256,2,15,1.7399853
28,192,1,256,4,8,0.5112007
28,192,3,32,1,26,8.4888538
28,192,3,32,2,14,2.4974808
28,192,3,32,4,8,1.5400657
28,192,3,64,1,26,8.4366365
28,192,3,64,2,14,2.4877628
28,192,3,64,4,8,1.458265
28,192,3,92,1,26,8.4344782
28,192,3,92,2,14,2.4719202
28,192,3,92,4,8,1.5398962
28,192,3,128,1,26,8.4590218
28,192,3,128,2,14,2.4867684
28,192,3,128,4,8,1.4904926
28,192,3,192,1,26,8.4841982
28,192,3,192,2,14,2.4933563
28,192,3,192,4,8,1.5099851
28,192,3,256,1,26,8.4629768
28,192,3,256,2,14,2.4961022
28,192,3,256,4,8,1.4989563
28,192,5,32,1,24,14.006237
28,192,5,32,2,13,3.8190158
28,192,5,32,4,7,1.5362124
28,192,5,64,1,24,14.003299
28,192,5,64,2,13,3.8350957
28,192,5,64,4,7,1.4857127
28,192,5,92,1,24,14.021492
28,192,5,92,2,13,3.8274682
28,192,5,92,4,7,1.4644009
28,192,5,128,1,24,14.053923
28,192,5,128,2,13,3.8237957
28,192,5,128,4,7,1.4607736
28,192,5,192,1,24,14.033696
28,192,5,192,2,13,3.85443
28,192,5,192,4,7,1.4659038
28,192,5,256,1,24,14.069517
28,192,5,256,2,13,3.8284287
28,192,5,256,4,7,1.4929334
28,192,7,32,1,22,18.958688
28,192,7,32,2,12,5.1278948
28,192,7,32,4,7,2.1714532
28,192,7,64,1,22,18.969536
28,192,7,64,2,12,5.1366862
28,192,7,64,4,7,2.1163883
28,192,7,92,1,22,18.972361
28,192,7,92,2,12,5.1851745
28,192,7,92,4,7,2.1573395
28,192,7,128,1,22,18.88795
28,192,7,128,2,12,5.1844965
28,192,7,128,4,7,2.1448869
28,192,7,192,1,22,18.947049
28,192,7,192,2,12,5.2387591
28,192,7,192,4,7,2.1856347
28,192,7,256,1,22,18.919025
28,192,7,256,2,12,5.1875475
28,192,7,256,4,7,2.2059521
28,192,11,32,1,18,30.985843
28,192,11,32,2,10,9.1976576
28,192,11,32,4,6,3.3529021
28,192,11,64,1,18,31.012172
28,192,11,64,2,10,9.0735045
28,192,11,64,4,6,3.4078879
28,192,11,92,1,18,29.12462
28,192,11,92,2,10,8.0709346
28,192,11,92,4,6,3.4912819
28,192,11,128,1,18,29.684761
28,192,11,128,2,10,8.5988141
28,192,11,128,4,6,3.5717492
28,192,11,192,1,18,28.766975
28,192,11,192,2,10,8.202783
28,192,11,192,4,6,3.0504463
28,192,11,256,1,18,29.226772
28,192,11,256,2,10,7.9241815
28,192,11,256,4,6,3.1460895
28,256,1,32,1,28,4.3296741
28,256,1,32,2,15,2.3684574
28,256,1,32,4,8,0.29857199
28,256,1,64,1,28,4.2887455
28,256,1,64,2,15,2.368593
28,256,1,64,4,8,0.87434993
28,256,1,92,1,28,4.2717955
28,256,1,92,2,15,2.357858
28,256,1,92,4,8,0.5462081
28,256,1,128,1,28,4.3333466
28,256,1,128,2,15,2.3392469
28,256,1,128,4,8,1.10050587
28,256,1,192,1,28,4.300102
28,256,1,192,2,15,2.2985669
28,256,1,192,4,8,1.1744316
28,256,1,256,1,28,4.2800897
28,256,1,256,2,15,2.3505582
28,256,1,256,4,8,1.241418
28,256,3,32,1,26,11.563403
28,256,3,32,2,14,3.3651852
28,256,3,32,4,8,2.0392545
28,256,3,64,1,26,11.522949
28,256,3,64,2,14,3.3930849
28,256,3,64,4,8,2.0099762
28,256,3,92,1,26,11.563629
28,256,3,92,2,14,3.367739
28,256,3,92,4,8,1.9678385
28,256,3,128,1,26,11.566454
28,256,3,128,2,14,3.3759654
28,256,3,128,4,8,2.0104056
28,256,3,192,1,26,11.566454
28,256,3,192,2,14,3.371242
28,256,3,192,4,8,2.0004277
28,256,3,256,1,26,11.553911
28,256,3,256,2,14,3.3666655
28,256,3,256,4,8,2.0075354
28,256,5,32,1,24,18.796646
28,256,5,32,2,13,5.0631684
28,256,5,32,4,7,2.0989976
28,256,5,64,1,24,18.788058
28,256,5,64,2,13,5.1321662
28,256,5,64,4,7,2.1085009
28,256,5,92,1,24,18.954055
28,256,5,92,2,13,5.0833841
28,256,5,92,4,7,2.0326553
28,256,5,128,1,24,18.892922
28,256,5,128,2,13,5.1170807
28,256,5,128,4,7,2.0826465
28,256,5,192,1,24,18.922867
28,256,5,192,2,13,5.12116
28,256,5,192,4,7,2.0553231
28,256,5,256,1,24,18.878797
28,256,5,256,2,13,5.1237364
28,256,5,256,4,7,2.0756744
28,256,7,32,1,22,26.032601
28,256,7,32,2,12,7.0693252
28,256,7,32,4,7,3.2366816
28,256,7,64,1,22,25.899261
28,256,7,64,2,12,7.620833
28,256,7,64,4,7,3.2883791
28,256,7,92,1,22,26.091361
28,256,7,92,2,12,7.1747768
28,256,7,92,4,7,3.1689268
28,256,7,128,1,22,26.061529
28,256,7,128,2,12,7.163522
28,256,7,128,4,7,3.1094775
28,256,7,192,1,22,25.767164
28,256,7,192,2,12,7.216632
28,256,7,192,4,7,3.1507112
28,256,7,256,1,22,25.916098
28,256,7,256,2,12,7.2047557
28,256,7,256,4,7,3.114506
28,256,11,32,1,18,56.627803
28,256,11,32,2,10,16.884234
28,256,11,32,4,6,6.0143346
28,256,11,64,1,18,54.748161
28,256,11,64,2,10,16.543652
28,256,11,64,4,6,5.8084825
28,256,11,92,1,18,60.43353
28,256,11,92,2,10,16.240247
28,256,11,92,4,6,6.1733595
28,256,11,128,1,18,54.514816
28,256,11,128,2,10,15.613323
28,256,11,128,4,6,6.1508612
28,256,11,192,1,18,61.179782
28,256,11,192,2,10,17.29691
28,256,11,192,4,6,6.3780816
28,256,11,256,1,18,55.96212
28,256,11,256,2,10,16.035943
28,256,11,256,4,6,5.8685985
56,32,1,32,1,56,2.8529901
56,32,1,32,2,29,1.02126462
56,32,1,32,4,15,0.080869467
56,32,1,64,1,56,2.8517358
56,32,1,64,2,29,1.3407337
56,32,1,64,4,15,0.103609135
56,32,1,92,1,56,2.8319495
56,32,1,92,2,29,1.3289026
56,32,1,92,4,15,0.17531724
56,32,1,128,1,56,2.8286612
56,32,1,128,2,29,1.3136476
56,32,1,128,4,15,0.26381432
56,32,1,192,1,56,2.7854613
56,32,1,192,2,29,1.3445192
56,32,1,192,4,15,0.50836666
56,32,1,256,1,56,2.7964901
56,32,1,256,2,29,1.3269477
56,32,1,256,4,15,0.60054415
56,32,3,32,1,54,5.6676732
56,32,3,32,2,28,2.3337212
56,32,3,32,4,15,1.3923295
56,32,3,64,1,54,5.7077091
56,32,3,64,2,28,2.328139
56,32,3,64,4,15,1.3919227
56,32,3,92,1,54,5.741756
56,32,3,92,2,28,2.3305459
56,32,3,92,4,15,1.3931205
56,32,3,128,1,54,5.6702722
56,32,3,128,2,28,2.3299583
56,32,3,128,4,15,1.3879112
56,32,3,192,1,54,5.6958554
56,32,3,192,2,28,2.3450777
56,32,3,192,4,15,1.3675147
56,32,3,256,1,54,5.6662494
56,32,3,256,2,28,2.3328624
56,32,3,256,4,15,1.3885666
56,32,5,32,1,52,10.6247798
56,32,5,32,2,27,3.3956048
56,32,5,32,4,14,1.5774009
56,32,5,64,1,52,10.6124628
56,32,5,64,2,27,3.3898192
56,32,5,64,4,14,1.5780224
56,32,5,92,1,52,10.6283958
56,32,5,92,2,27,3.3895367
56,32,5,92,4,14,1.5940119
56,32,5,128,1,52,10.5850264
56,32,5,128,2,27,3.3993112
56,32,5,128,4,14,1.5677733
56,32,5,192,1,52,10.6954274
56,32,5,192,2,27,3.3981021
56,32,5,192,4,14,1.5714571
56,32,5,256,1,52,10.5729467
56,32,5,256,2,27,3.3792537
56,32,5,256,4,14,1.5815367
56,32,7,32,1,50,14.683107
56,32,7,32,2,26,4.3924456
56,32,7,32,4,14,1.9598155
56,32,7,64,1,50,14.680056
56,32,7,64,2,26,4.4121528
56,32,7,64,4,14,1.952866
56,32,7,92,1,50,14.679604
56,32,7,92,2,26,4.4347415
56,32,7,92,4,14,1.9785622
56,32,7,128,1,50,14.580955
56,32,7,128,2,26,4.4456686
56,32,7,128,4,14,1.9693979
56,32,7,192,1,50,14.638924
56,32,7,192,2,26,4.428809
56,32,7,192,4,14,1.9777373
56,32,7,256,1,50,14.711922
56,32,7,256,2,26,4.4274643
56,32,7,256,4,14,1.9772062
56,32,11,32,1,46,29.959238
56,32,11,32,2,24,7.9699352
56,32,11,32,4,13,2.80127
56,32,11,64,1,46,29.88511
56,32,11,64,2,24,7.9456741
56,32,11,64,4,13,2.8036204
56,32,11,92,1,46,29.966922
56,32,11,92,2,24,7.9799583
56,32,11,92,4,13,2.8119598
56,32,11,128,1,46,29.976188
56,32,11,128,2,24,7.9154466
56,32,11,128,4,13,2.8187059
56,32,11,192,1,46,29.942062
56,32,11,192,2,24,7.9716415
56,32,11,192,4,13,2.7838115
56,32,11,256,1,46,30.095516
56,32,11,256,2,24,7.9609291
56,32,11,256,4,13,2.8367972
56,64,1,32,1,56,5.4743076
56,64,1,32,2,29,2.5897679
56,64,1,32,4,15,0.2393566
56,64,1,64,1,56,5.5374746
56,64,1,64,2,29,2.6111249
56,64,1,64,4,15,0.47262476
56,64,1,92,1,56,5.478353
56,64,1,92,2,29,2.5870333
56,64,1,92,4,15,0.64200046
56,64,1,128,1,56,5.4635274
56,64,1,128,2,29,2.5749988
56,64,1,128,4,15,0.92147771
56,64,1,192,1,56,5.4172426
56,64,1,192,2,29,2.6141872
56,64,1,192,4,15,1.10211951
56,64,1,256,1,56,5.4815961
56,64,1,256,2,29,2.5863214
56,64,1,256,4,15,1.2075971
56,64,3,32,1,54,11.634819
56,64,3,32,2,28,4.500564
56,64,3,32,4,15,2.766918
56,64,3,64,1,54,11.600467
56,64,3,64,2,28,4.4753989
56,64,3,64,4,15,2.7685791
56,64,3,92,1,54,11.632785
56,64,3,92,2,28,4.4948575
56,64,3,92,4,15,2.7486346
56,64,3,128,1,54,11.595156
56,64,3,128,2,28,4.4916483
56,64,3,128,4,15,2.7566915
56,64,3,192,1,54,11.597981
56,64,3,192,2,28,4.4979537
56,64,3,192,4,15,2.7672344
56,64,3,256,1,54,11.625666
56,64,3,256,2,28,4.4995583
56,64,3,256,4,15,2.769178
56,64,5,32,1,52,21.73329
56,64,5,32,2,27,6.6652033
56,64,5,32,4,14,3.061283
56,64,5,64,1,52,21.713289
56,64,5,64,2,27,6.6682543
56,64,5,64,4,14,3.0523673
56,64,5,92,1,52,21.710803
56,64,5,92,2,27,6.6713731
56,64,5,92,4,14,3.041282
56,64,5,128,1,52,21.584243
56,64,5,128,2,27,6.668356
56,64,5,128,4,14,3.0583224
56,64,5,192,1,52,21.786287
56,64,5,192,2,27,6.6785147
56,64,5,192,4,14,3.0710462
56,64,5,256,1,52,21.66662
56,64,5,256,2,27,6.63649
56,64,5,256,4,14,3.07699
56,64,7,32,1,50,31.88747
56,64,7,32,2,26,9.0229935
56,64,7,32,4,14,3.958051
56,64,7,64,1,50,31.842044
56,64,7,64,2,26,9.0049361
56,64,7,64,4,14,3.9312248
56,64,7,92,1,50,31.870633
56,64,7,92,2,26,9.0245529
56,64,7,92,4,14,3.8838665
56,64,7,128,1,50,31.917754
56,64,7,128,2,26,9.0661256
56,64,7,128,4,14,3.9751931
56,64,7,192,1,50,31.992447
56,64,7,192,2,26,9.0131738
56,64,7,192,4,14,3.9451803
56,64,7,256,1,50,31.966231
56,64,7,256,2,26,9.1005793
56,64,7,256,4,14,3.9471917
56,64,11,32,1,46,73.764479
56,64,11,32,2,24,18.525898
56,64,11,32,4,13,5.9741518
56,64,11,64,1,46,72.219204
56,64,11,64,2,24,18.082825
56,64,11,64,4,13,5.9495517
56,64,11,92,1,46,73.730127
56,64,11,92,2,24,18.447137
56,64,11,92,4,13,5.9549418
56,64,11,128,1,46,73.759168
56,64,11,128,2,24,18.34442
56,64,11,128,4,13,6.0104135
56,64,11,192,1,46,73.65905
56,64,11,192,2,24,18.044857
56,64,11,192,4,13,6.0443135
56,64,11,256,1,46,73.780299
56,64,11,256,2,24,18.087232
56,64,11,256,4,13,6.05228
56,92,1,32,1,56,8.1024955
56,92,1,32,2,29,3.7798048
56,92,1,32,4,15,0.84641407
56,92,1,64,1,56,7.9983208
56,92,1,64,2,29,3.8023031
56,92,1,64,4,15,1.12601336
56,92,1,92,1,56,7.8935472
56,92,1,92,2,29,3.782675
56,92,1,92,4,15,1.4157205
56,92,1,128,1,56,7.9774497
56,92,1,128,2,29,3.7754656
56,92,1,128,4,15,1.6108715
56,92,1,192,1,56,7.9782746
56,92,1,192,2,29,3.7433397
56,92,1,192,4,15,1.6886946
56,92,1,256,1,56,7.9806928
56,92,1,256,2,29,3.7465828
56,92,1,256,4,15,1.7539069
56,92,3,32,1,54,18.391993
56,92,3,32,2,28,6.5957309
56,92,3,32,4,15,4.0344503
56,92,3,64,1,54,18.284869
56,92,3,64,2,28,6.578634
56,92,3,64,4,15,4.0236023
56,92,3,92,1,54,18.183056
56,92,3,92,2,28,6.6103079
56,92,3,92,4,15,4.0350492
56,92,3,128,1,54,18.307469
56,92,3,128,2,28,6.5931884
56,92,3,128,4,15,4.0091948
56,92,3,192,1,54,18.304192
56,92,3,192,2,28,6.5650966
56,92,3,192,4,15,4.0448802
56,92,3,256,1,54,18.323515
56,92,3,256,2,28,6.5787809
56,92,3,256,4,15,4.0808368
56,92,5,32,1,52,32.14398
56,92,5,32,2,27,9.7606123
56,92,5,32,4,14,4.3840836
56,92,5,64,1,52,32.128838
56,92,5,64,2,27,9.7516514
56,92,5,64,4,14,4.4198594
56,92,5,92,1,52,32.02194
56,92,5,92,2,27,9.7944332
56,92,5,92,4,14,4.4185712
56,92,5,128,1,52,32.160704
56,92,5,128,2,27,9.8695104
56,92,5,128,4,14,4.4156106
56,92,5,192,1,52,32.267941
56,92,5,192,2,27,9.7176271
56,92,5,192,4,14,4.4158027
56,92,5,256,1,52,32.245228
56,92,5,256,2,27,9.7139998
56,92,5,256,4,14,4.4485388
56,92,7,32,1,50,50.605242
56,92,7,32,2,26,13.464854
56,92,7,32,4,14,5.7742435
56,92,7,64,1,50,49.945096
56,92,7,64,2,26,13.468809
56,92,7,64,4,14,5.7882442
56,92,7,92,1,50,50.082617
56,92,7,92,2,26,13.612319
56,92,7,92,4,14,5.7535419
56,92,7,128,1,50,49.729831
56,92,7,128,2,26,13.390726
56,92,7,128,4,14,5.782097
56,92,7,192,1,50,49.913456
56,92,7,192,2,26,13.458413
56,92,7,192,4,14,5.8013409
56,92,7,256,1,50,50.258784
56,92,7,256,2,26,13.373098
56,92,7,256,4,14,5.8650955
56,92,11,32,1,46,112.88587
56,92,11,32,2,24,31.445075
56,92,11,32,4,13,10.121862
56,92,11,64,1,46,112.573877
56,92,11,64,2,24,31.899222
56,92,11,64,4,13,10.3268327
56,92,11,92,1,46,112.804623
56,92,11,92,2,24,31.409367
56,92,11,92,4,13,10.0204332
56,92,11,128,1,46,113.03164
56,92,11,128,2,24,31.31569
56,92,11,128,4,13,10.2963114
56,92,11,192,1,46,112.841122
56,92,11,192,2,24,31.871537
56,92,11,192,4,13,10.2395628
56,92,11,256,1,46,112.869711
56,92,11,256,2,24,31.246534
56,92,11,256,4,13,10.0167833
56,128,1,32,1,56,11.381247
56,128,1,32,2,29,5.2847727
56,128,1,32,4,15,2.0062811
56,128,1,64,1,56,11.2910956
56,128,1,64,2,29,5.2856428
56,128,1,64,4,15,2.2256254
56,128,1,92,1,56,11.2439068
56,128,1,92,2,29,5.294502
56,128,1,92,4,15,2.3509989
56,128,1,128,1,56,11.2004018
56,128,1,128,2,29,5.2578222
56,128,1,128,4,15,2.4093408
56,128,1,192,1,56,11.305198
56,128,1,192,2,29,5.2983666
56,128,1,192,4,15,2.4424724
56,128,1,256,1,56,11.45481
56,128,1,256,2,29,5.3101638
56,128,1,256,4,15,2.4675245
56,128,3,32,1,54,27.141131
56,128,3,32,2,28,9.6362558
56,128,3,32,4,15,5.6861713
56,128,3,64,1,54,27.174692
56,128,3,64,2,28,9.6650143
56,128,3,64,4,15,5.6748939
56,128,3,92,1,54,27.13243
56,128,3,92,2,28,9.7066209
56,128,3,92,4,15,5.6687354
56,128,3,128,1,54,27.073331
56,128,3,128,2,28,9.6383124
56,128,3,128,4,15,5.6811089
56,128,3,192,1,54,27.143504
56,128,3,192,2,28,9.6768228
56,128,3,192,4,15,5.7036072
56,128,3,256,1,54,27.138645
56,128,3,256,2,28,9.6620424
56,128,3,256,4,15,5.705596
56,128,5,32,1,52,45.683414
56,128,5,32,2,27,13.853348
56,128,5,32,4,14,6.2464253
56,128,5,64,1,52,45.353228
56,128,5,64,2,27,13.864648
56,128,5,64,4,14,6.2751273
56,128,5,92,1,52,45.362268
56,128,5,92,2,27,13.807922
56,128,5,92,4,14,6.2693756
56,128,5,128,1,52,45.30622
56,128,5,128,2,27,13.729387
56,128,5,128,4,14,6.2819638
56,128,5,192,1,52,45.278874
56,128,5,192,2,27,13.711533
56,128,5,192,4,14,6.2739408
56,128,5,256,1,52,45.272885
56,128,5,256,2,27,13.645767
56,128,5,256,4,14,6.281331
56,128,7,32,1,50,81.344971
56,128,7,32,2,26,20.305535
56,128,7,32,4,14,8.2249084
56,128,7,64,1,50,81.579672
56,128,7,64,2,26,20.446446
56,128,7,64,4,14,8.1729397
56,128,7,92,1,50,81.68318
56,128,7,92,2,26,19.797374
56,128,7,92,4,14,8.4452245
56,128,7,128,1,50,81.276832
56,128,7,128,2,26,20.328022
56,128,7,128,4,14,8.1691655
56,128,7,192,1,50,81.626341
56,128,7,192,2,26,19.842574
56,128,7,192,4,14,8.1894377
56,128,7,256,1,50,81.464073
56,128,7,256,2,26,19.983937
56,128,7,256,4,14,8.3133309
56,128,11,32,1,46,169.06721
56,128,11,32,2,24,50.295735
56,128,11,32,4,13,17.701337
56,128,11,64,1,46,168.19146
56,128,11,64,2,24,51.449013
56,128,11,64,4,13,17.594665
56,128,11,92,1,46,168.49543
56,128,11,92,2,24,50.288616
56,128,11,92,4,13,18.012087
56,128,11,128,1,46,167.49538
56,128,11,128,2,24,50.685133
56,128,11,128,4,13,18.049038
56,128,11,192,1,46,168.19711
56,128,11,192,2,24,50.738017
56,128,11,192,4,13,17.535905
56,128,11,256,1,46,168.64346
56,128,11,256,2,24,50.275395
56,128,11,256,4,13,17.898409
56,192,1,32,1,56,18.846592
56,192,1,32,2,29,8.3136812
56,192,1,32,4,15,3.6867606
56,192,1,64,1,56,18.738677
56,192,1,64,2,29,8.3281904
56,192,1,64,4,15,3.6759578
56,192,1,92,1,56,18.819133
56,192,1,92,2,29,8.3396599
56,192,1,92,4,15,3.6710762
56,192,1,128,1,56,18.696528
56,192,1,128,2,29,8.3253541
56,192,1,128,4,15,3.7168525
56,192,1,192,1,56,18.746587
56,192,1,192,2,29,8.2994997
56,192,1,192,4,15,3.7639735
56,192,1,256,1,56,18.786476
56,192,1,256,2,29,8.288776
56,192,1,256,4,15,3.7690472
56,192,3,32,1,54,42.688123
56,192,3,32,2,28,15.439981
56,192,3,32,4,15,8.7478498
56,192,3,64,1,54,42.855476
56,192,3,64,2,28,15.461451
56,192,3,64,4,15,8.6122385
56,192,3,92,1,54,42.974691
56,192,3,92,2,28,15.321783
56,192,3,92,4,15,8.5946218
56,192,3,128,1,54,42.93548
56,192,3,128,2,28,15.364271
56,192,3,128,4,15,8.7145374
56,192,3,192,1,54,43.105432
56,192,3,192,2,28,15.501227
56,192,3,192,4,15,8.7429004
56,192,3,256,1,54,42.702926
56,192,3,256,2,28,15.315003
56,192,3,256,4,15,8.8254921
56,192,5,32,1,52,79.892017
56,192,5,32,2,27,21.279595
56,192,5,32,4,14,9.7591772
56,192,5,64,1,52,78.007968
56,192,5,64,2,27,21.189421
56,192,5,64,4,14,9.6792975
56,192,5,92,1,52,78.396462
56,192,5,92,2,27,21.085235
56,192,5,92,4,14,9.9946579
56,192,5,128,1,52,77.602411
56,192,5,128,2,27,21.113711
56,192,5,128,4,14,9.7809636
56,192,5,192,1,52,78.191706
56,192,5,192,2,27,21.043086
56,192,5,192,4,14,9.8282428
56,192,5,256,1,52,76.768358
56,192,5,256,2,27,21.102524
56,192,5,256,4,14,9.8045806
56,192,7,32,1,50,135.06777
56,192,7,32,2,26,39.367957
56,192,7,32,4,14,14.508522
56,192,7,64,1,50,134.67905
56,192,7,64,2,26,39.120826
56,192,7,64,4,14,13.775943
56,192,7,92,1,50,135.89493
56,192,7,92,2,26,39.327729
56,192,7,92,4,14,15.263023
56,192,7,128,1,50,135.19998
56,192,7,128,2,26,39.436096
56,192,7,128,4,14,14.984704
56,192,7,192,1,50,135.02822
56,192,7,192,2,26,39.46186
56,192,7,192,4,14,14.14421
56,192,7,256,1,50,134.48808
56,192,7,256,2,26,39.485703
56,192,7,256,4,14,14.284443
56,192,11,32,1,46,281.9576
56,192,11,32,2,24,95.75733
56,192,11,32,4,13,37.904042
56,192,11,64,1,46,279.80947
56,192,11,64,2,24,91.968214
56,192,11,64,4,13,37.63691
56,192,11,92,1,46,280.61516
56,192,11,92,2,24,94.459638
56,192,11,92,4,13,37.135303
56,192,11,128,1,46,280.05016
56,192,11,128,2,24,94.455231
56,192,11,128,4,13,36.523973
56,192,11,192,1,46,281.28525
56,192,11,192,2,24,93.254945
56,192,11,192,4,13,36.209268
56,192,11,256,1,46,281.70109
56,192,11,256,2,24,95.597548
56,192,11,256,4,13,37.993764
56,256,1,32,1,56,26.104469
56,256,1,32,2,29,11.2723263
56,256,1,32,4,15,5.0698919
56,256,1,64,1,56,26.168879
56,256,1,64,2,29,11.411079
56,256,1,64,4,15,5.0525012
56,256,1,92,1,56,26.078366
56,256,1,92,2,29,11.2591844
56,256,1,92,4,15,5.0125105
56,256,1,128,1,56,25.948303
56,256,1,128,2,29,11.435939
56,256,1,128,4,15,4.9873228
56,256,1,192,1,56,26.277472
56,256,1,192,2,29,11.471647
56,256,1,192,4,15,5.0089623
56,256,1,256,1,56,26.340639
56,256,1,256,2,29,11.2865982
56,256,1,256,4,15,5.0938027
56,256,3,32,1,54,58.756045
56,256,3,32,2,28,21.214733
56,256,3,32,4,15,12.046478
56,256,3,64,1,54,58.624965
56,256,3,64,2,28,21.248407
56,256,3,64,4,15,12.107272
56,256,3,92,1,54,58.453092
56,256,3,92,2,28,21.169646
56,256,3,92,4,15,11.906019
56,256,3,128,1,54,58.554792
56,256,3,128,2,28,21.558818
56,256,3,128,4,15,12.072581
56,256,3,192,1,54,58.826444
56,256,3,192,2,28,21.24965
56,256,3,192,4,15,11.962067
56,256,3,256,1,54,58.544057
56,256,3,256,2,28,21.182189
56,256,3,256,4,15,11.903307
56,256,5,32,1,52,126.06845
56,256,5,32,2,27,31.66712
56,256,5,32,4,14,14.1702
56,256,5,64,1,52,124.01185
56,256,5,64,2,27,31.436713
56,256,5,64,4,14,14.328965
56,256,5,92,1,52,125.14185
56,256,5,92,2,27,30.961096
56,256,5,92,4,14,14.348853
56,256,5,128,1,52,126.29784
56,256,5,128,2,27,31.135229
56,256,5,128,4,14,13.699894
56,256,5,192,1,52,126.2888
56,256,5,192,2,27,31.383377
56,256,5,192,4,14,14.369645
56,256,5,256,1,52,126.62441
56,256,5,256,2,27,31.322131
56,256,5,256,4,14,14.21201
56,256,7,32,1,50,192.34295
56,256,7,32,2,26,61.990105
56,256,7,32,4,14,24.625186
56,256,7,64,1,50,192.0774
56,256,7,64,2,26,61.486238
56,256,7,64,4,14,23.693049
56,256,7,92,1,50,191.4559
56,256,7,92,2,26,61.084975
56,256,7,92,4,14,23.714406
56,256,7,128,1,50,191.0265
56,256,7,128,2,26,62.085477
56,256,7,128,4,14,24.184147
56,256,7,192,1,50,190.15866
56,256,7,192,2,26,61.483074
56,256,7,192,4,14,23.721412
56,256,7,256,1,50,191.94406
56,256,7,256,2,26,60.602691
56,256,7,256,4,14,23.808422
56,256,11,32,1,46,511.099
56,256,11,32,2,24,177.6473
56,256,11,32,4,13,66.927414
56,256,11,64,1,46,513.78388
56,256,11,64,2,24,181.3198
56,256,11,64,4,13,68.913502
56,256,11,92,1,46,513.69913
56,256,11,92,2,24,183.41934
56,256,11,92,4,13,67.720674
56,256,11,128,1,46,513.84603
56,256,11,128,2,24,180.55705
56,256,11,128,4,13,67.044821
56,256,11,192,1,46,509.53282
56,256,11,192,2,24,179.37055
56,256,11,192,4,13,68.363757
56,256,11,256,1,46,510.75435
56,256,11,256,2,24,179.58751
56,256,11,256,4,13,66.658248
112,32,1,32,1,112,9.8778611
112,32,1,32,2,57,4.0188563
112,32,1,32,4,29,1.6620492
112,32,1,64,1,112,10.2208613
112,32,1,64,2,57,4.3762414
112,32,1,64,4,29,1.7467088
112,32,1,92,1,112,9.9408699
112,32,1,92,2,57,4.3082832
112,32,1,92,4,29,1.7563929
112,32,1,128,1,112,10.1354559
112,32,1,128,2,57,4.2393532
112,32,1,128,4,29,1.7572743
112,32,1,192,1,112,9.9928047
112,32,1,192,2,57,4.232754
112,32,1,192,4,29,1.9724941
112,32,1,256,1,112,10.1253424
112,32,1,256,2,57,4.3422284
112,32,1,256,4,29,1.9518377
112,32,3,32,1,110,24.870961
112,32,3,32,2,56,10.2422635
112,32,3,32,4,29,5.4804774
112,32,3,64,1,110,24.913788
112,32,3,64,2,56,10.1148899
112,32,3,64,4,29,5.4821046
112,32,3,92,1,110,26.459515
112,32,3,92,2,56,10.0753851
112,32,3,92,4,29,5.4726013
112,32,3,128,1,110,26.959201
112,32,3,128,2,56,10.0997027
112,32,3,128,4,29,5.5279713
112,32,3,192,1,110,26.885977
112,32,3,192,2,56,10.024682
112,32,3,192,4,29,5.4597645
112,32,3,256,1,110,26.228769
112,32,3,256,2,56,10.0733963
112,32,3,256,4,29,5.4835736
112,32,5,32,1,108,49.442698
112,32,5,32,2,55,15.976731
112,32,5,32,4,28,7.7305334
112,32,5,64,1,108,49.094432
112,32,5,64,2,55,15.898648
112,32,5,64,4,28,7.6940683
112,32,5,92,1,108,50.559251
112,32,5,92,2,55,16.013908
112,32,5,92,4,28,7.6370711
112,32,5,128,1,108,50.517667
112,32,5,128,2,55,15.9895
112,32,5,128,4,28,7.6509249
112,32,5,192,1,108,50.693269
112,32,5,192,2,55,15.973906
112,32,5,192,4,28,7.6256355
112,32,5,256,1,108,50.667957
112,32,5,256,2,55,16.042045
112,32,5,256,4,28,7.6556709
112,32,7,32,1,106,71.015754
112,32,7,32,2,54,21.879173
112,32,7,32,4,28,9.3454051
112,32,7,64,1,106,70.976543
112,32,7,64,2,54,21.491357
112,32,7,64,4,28,9.3814747
112,32,7,92,1,106,73.39237
112,32,7,92,2,54,21.50955
112,32,7,92,4,28,9.4278838
112,32,7,128,1,106,75.005897
112,32,7,128,2,54,21.482769
112,32,7,128,4,28,9.3477555
112,32,7,192,1,106,72.474019
112,32,7,192,2,54,21.366266
112,32,7,192,4,28,9.3055161
112,32,7,256,1,106,71.327521
112,32,7,256,2,54,21.382538
112,32,7,256,4,28,9.2990186
112,32,11,32,1,102,195.66402
112,32,11,32,2,52,55.607865
112,32,11,32,4,27,15.233869
112,32,11,64,1,102,195.74312
112,32,11,64,2,52,55.298358
112,32,11,64,4,27,14.824583
112,32,11,92,1,102,194.54758
112,32,11,92,2,52,55.926525
112,32,11,92,4,27,15.558744
112,32,11,128,1,102,197.7387
112,32,11,128,2,52,55.500628
112,32,11,128,4,27,14.864472
112,32,11,192,1,102,195.84369
112,32,11,192,2,52,55.350903
112,32,11,192,4,27,15.19737
112,32,11,256,1,102,197.61892
112,32,11,256,2,52,55.495543
112,32,11,256,4,27,15.353988
112,64,1,32,1,112,22.546212
112,64,1,32,2,57,9.1081051
112,64,1,32,4,29,3.8633118
112,64,1,64,1,112,22.740346
112,64,1,64,2,57,9.214472
112,64,1,64,4,29,3.8597749
112,64,1,92,1,112,22.669947
112,64,1,92,2,57,9.1027941
112,64,1,92,4,29,3.9125459
112,64,1,128,1,112,22.605763
112,64,1,128,2,57,9.0633006
112,64,1,128,4,29,3.9178682
112,64,1,192,1,112,22.749273
112,64,1,192,2,57,9.1166027
112,64,1,192,4,29,3.9533841
112,64,1,256,1,112,22.866115
112,64,1,256,2,57,9.056272
112,64,1,256,4,29,3.9084553
112,64,3,32,1,110,59.753383
112,64,3,32,2,56,22.215574
112,64,3,32,4,29,11.2520202
112,64,3,64,1,110,59.945935
112,64,3,64,2,56,22.232298
112,64,3,64,4,29,11.2621789
112,64,3,92,1,110,59.70807
112,64,3,92,2,56,22.276029
112,64,3,92,4,29,11.1226691
112,64,3,128,1,110,59.613263
112,64,3,128,2,56,22.216365
112,64,3,128,4,29,11.1177762
112,64,3,192,1,110,60.014865
112,64,3,192,2,56,22.137943
112,64,3,192,4,29,11.1918929
112,64,3,256,1,110,59.569984
112,64,3,256,2,56,22.184951
112,64,3,256,4,29,11.1284999
112,64,5,32,1,108,107.587187
112,64,5,32,2,55,33.648349
112,64,5,32,4,28,15.462355
112,64,5,64,1,108,108.33988
112,64,5,64,2,55,33.975936
112,64,5,64,4,28,15.540212
112,64,5,92,1,108,110.921365
112,64,5,92,2,55,33.697843
112,64,5,92,4,28,15.431167
112,64,5,128,1,108,108.711424
112,64,5,128,2,55,33.657841
112,64,5,128,4,28,15.601232
112,64,5,192,1,108,109.425923
112,64,5,192,2,55,33.582809
112,64,5,192,4,28,15.651291
112,64,5,256,1,108,107.582215
112,64,5,256,2,55,33.563938
112,64,5,256,4,28,15.652421
112,64,7,32,1,106,211.34729
112,64,7,32,2,54,52.722636
112,64,7,32,4,28,18.9049
112,64,7,64,1,106,210.73144
112,64,7,64,2,54,53.100508
112,64,7,64,4,28,19.089316
112,64,7,92,1,106,210.93936
112,64,7,92,2,54,51.909375
112,64,7,92,4,28,19.397806
112,64,7,128,1,106,209.15848
112,64,7,128,2,54,51.643825
112,64,7,128,4,28,18.977446
112,64,7,192,1,106,210.17548
112,64,7,192,2,54,51.608117
112,64,7,192,4,28,19.713867
112,64,7,256,1,106,210.6433
112,64,7,256,2,54,51.708009
112,64,7,256,4,28,18.995413
112,64,11,32,1,102,409.30295
112,64,11,32,2,52,127.89227
112,64,11,32,4,27,45.212882
112,64,11,64,1,102,410.80811
112,64,11,64,2,52,127.13065
112,64,11,64,4,27,45.877096
112,64,11,92,1,102,412.98336
112,64,11,92,2,52,126.48768
112,64,11,92,4,27,46.097333
112,64,11,128,1,102,409.31538
112,64,11,128,2,52,127.57248
112,64,11,128,4,27,44.895578
112,64,11,192,1,102,410.08491
112,64,11,192,2,52,127.73746
112,64,11,192,4,27,45.93902
112,64,11,256,1,102,409.75043
112,64,11,256,2,52,127.26399
112,64,11,256,4,27,45.529508
112,92,1,32,1,112,33.394099
112,92,1,32,2,57,13.346995
112,92,1,32,4,29,5.507846
112,92,1,64,1,112,33.739992
112,92,1,64,2,57,13.559661
112,92,1,64,4,29,5.6713344
112,92,1,92,1,112,33.635467
112,92,1,92,2,57,13.450955
112,92,1,92,4,29,5.6579213
112,92,1,128,1,112,33.31127
112,92,1,128,2,57,13.420106
112,92,1,128,4,29,5.5709678
112,92,1,192,1,112,33.446644
112,92,1,192,2,57,13.306315
112,92,1,192,4,29,5.5529782
112,92,1,256,1,112,33.821352
112,92,1,256,2,57,13.393438
112,92,1,256,4,29,5.6620345
112,92,3,32,1,110,88.373571
112,92,3,32,2,56,32.7022
112,92,3,32,4,29,16.226687
112,92,3,64,1,110,88.592904
112,92,3,64,2,56,32.738925
112,92,3,64,4,29,16.480033
112,92,3,92,1,110,88.285318
112,92,3,92,2,56,32.71463
112,92,3,92,4,29,16.408278
112,92,3,128,1,110,89.118467
112,92,3,128,2,56,32.558577
112,92,3,128,4,29,16.505797
112,92,3,192,1,110,88.387357
112,92,3,192,2,56,32.579821
112,92,3,192,4,29,16.475965
112,92,3,256,1,110,88.657766
112,92,3,256,2,56,32.761864
112,92,3,256,4,29,16.326692
112,92,5,32,1,108,194.30915
112,92,5,32,2,55,50.858136
112,92,5,32,4,28,22.898659
112,92,5,64,1,108,194.37469
112,92,5,64,2,55,51.000516
112,92,5,64,4,28,22.893235
112,92,5,92,1,108,194.40746
112,92,5,92,2,55,50.656657
112,92,5,92,4,28,23.03844
112,92,5,128,1,108,194.51142
112,92,5,128,2,55,50.654623
112,92,5,128,4,28,23.080815
112,92,5,192,1,108,194.98715
112,92,5,192,2,55,50.922207
112,92,5,192,4,28,22.52994
112,92,5,256,1,108,195.20072
112,92,5,256,2,55,50.727282
112,92,5,256,4,28,22.880918
112,92,7,32,1,106,310.24376
112,92,7,32,2,54,101.040758
112,92,7,32,4,28,31.707122
112,92,7,64,1,106,310.35337
112,92,7,64,2,54,101.856957
112,92,7,64,4,28,31.802494
112,92,7,92,1,106,308.88211
112,92,7,92,2,54,101.433433
112,92,7,92,4,28,30.949344
112,92,7,128,1,106,309.35671
112,92,7,128,2,54,101.099857
112,92,7,128,4,28,30.626051
112,92,7,192,1,106,309.84035
112,92,7,192,2,54,102.012671
112,92,7,192,4,28,31.105058
112,92,7,256,1,106,309.16913
112,92,7,256,2,54,102.176295
112,92,7,256,4,28,31.221787
112,92,11,32,1,102,597.4762
112,92,11,32,2,52,189.29647
112,92,11,32,4,27,69.469688
112,92,11,64,1,102,594.45006
112,92,11,64,2,52,189.93266
112,92,11,64,4,27,68.440936
112,92,11,92,1,102,599.7814
112,92,11,92,2,52,189.96769
112,92,11,92,4,27,68.158888
112,92,11,128,1,102,601.18486
112,92,11,128,2,52,189.44789
112,92,11,128,4,27,68.431896
112,92,11,192,1,102,599.81643
112,92,11,192,2,52,189.59027
112,92,11,192,4,27,68.902541
112,92,11,256,1,102,600.42098
112,92,11,256,2,52,189.10098
112,92,11,256,4,27,68.218891
112,128,1,32,1,112,47.228124
112,128,1,32,2,57,19.273845
112,128,1,32,4,29,7.9521151
112,128,1,64,1,112,47.357961
112,128,1,64,2,57,19.256104
112,128,1,64,4,29,8.0013153
112,128,1,92,1,112,47.436157
112,128,1,92,2,57,19.102537
112,128,1,92,4,29,7.8478161
112,128,1,128,1,112,47.310953
112,128,1,128,2,57,19.041178
112,128,1,128,4,29,7.967856
112,128,1,192,1,112,46.957376
112,128,1,192,2,57,19.168303
112,128,1,192,4,29,7.9734495
112,128,1,256,1,112,47.263719
112,128,1,256,2,57,19.087282
112,128,1,256,4,29,7.9473804
112,128,3,32,1,110,125.05145
112,128,3,32,2,56,46.189202
112,128,3,32,4,29,23.281955
112,128,3,64,1,110,124.38249
112,128,3,64,2,56,46.091118
112,128,3,64,4,29,23.288622
112,128,3,92,1,110,124.91246
112,128,3,92,2,56,46.03959
112,128,3,92,4,29,23.215059
112,128,3,128,1,110,124.93958
112,128,3,128,2,56,45.886023
112,128,3,128,4,29,22.881596
112,128,3,192,1,110,125.08761
112,128,3,192,2,56,46.029646
112,128,3,192,4,29,23.092115
112,128,3,256,1,110,124.9441
112,128,3,256,2,56,46.189767
112,128,3,256,4,29,23.045107
112,128,5,32,1,108,298.96975
112,128,5,32,2,55,84.047027
112,128,5,32,4,28,32.785368
112,128,5,64,1,108,300.08506
112,128,5,64,2,55,84.154038
112,128,5,64,4,28,32.791696
112,128,5,92,1,108,298.81042
112,128,5,92,2,55,83.689269
112,128,5,92,4,28,32.799267
112,128,5,128,1,108,299.41836
112,128,5,128,2,55,83.04596
112,128,5,128,4,28,32.890345
112,128,5,192,1,108,298.31096
112,128,5,192,2,55,82.903693
112,128,5,192,4,28,32.779944
112,128,5,256,1,108,299.90991
112,128,5,256,2,55,82.924598
112,128,5,256,4,28,32.80842
112,128,7,32,1,106,435.36979
112,128,7,32,2,54,143.53599
112,128,7,32,4,28,54.513799
112,128,7,64,1,106,435.03079
112,128,7,64,2,54,143.61848
112,128,7,64,4,28,54.805565
112,128,7,92,1,106,436.14158
112,128,7,92,2,54,143.25575
112,128,7,92,4,28,54.764433
112,128,7,128,1,106,437.84675
112,128,7,128,2,54,142.59583
112,128,7,128,4,28,54.41628
112,128,7,192,1,106,434.82174
112,128,7,192,2,54,143.89081
112,128,7,192,4,28,54.371193
112,128,7,256,1,106,437.43317
112,128,7,256,2,54,143.27722
112,128,7,256,4,28,54.707029
112,128,11,32,1,102,841.2059
112,128,11,32,2,52,277.85796
112,128,11,32,4,27,102.828305
112,128,11,64,1,102,840.48496
112,128,11,64,2,52,278.16306
112,128,11,64,4,27,102.157311
112,128,11,92,1,102,839.54593
112,128,11,92,2,52,279.25916
112,128,11,92,4,27,103.466529
112,128,11,128,1,102,842.84101
112,128,11,128,2,52,280.62307
112,128,11,128,4,27,102.282063
112,128,11,192,1,102,840.21715
112,128,11,192,2,52,277.43195
112,128,11,192,4,27,103.337596
112,128,11,256,1,102,843.0817
112,128,11,256,2,52,279.47499
112,128,11,256,4,27,102.709655
112,192,1,32,1,112,73.367623
112,192,1,32,2,57,29.68284
112,192,1,32,4,29,12.5543
112,192,1,64,1,112,74.619663
112,192,1,64,2,57,29.683631
112,192,1,64,4,29,12.513168
112,192,1,92,1,112,73.993756
112,192,1,92,2,57,29.442376
112,192,1,92,4,29,12.651932
112,192,1,128,1,112,74.692322
112,192,1,128,2,57,29.614588
112,192,1,128,4,29,12.565261
112,192,1,192,1,112,73.991496
112,192,1,192,2,57,29.681258
112,192,1,192,4,29,12.554413
112,192,1,256,1,112,73.585713
112,192,1,256,2,57,29.69866
112,192,1,256,4,29,12.646056
112,192,3,32,1,110,212.3722
112,192,3,32,2,56,71.410689
112,192,3,32,4,29,36.401707
112,192,3,64,1,110,210.55403
112,192,3,64,2,56,71.978514
112,192,3,64,4,29,36.708841
112,192,3,92,1,110,210.87382
112,192,3,92,2,56,71.145704
112,192,3,92,4,29,36.58827
112,192,3,128,1,110,211.22073
112,192,3,128,2,56,71.563917
112,192,3,128,4,29,36.550076
112,192,3,192,1,110,210.61505
112,192,3,192,2,56,71.353285
112,192,3,192,4,29,36.546686
112,192,3,256,1,110,208.76524
112,192,3,256,2,56,71.267405
112,192,3,256,4,29,36.408035
112,192,5,32,1,108,464.67408
112,192,5,32,2,55,155.21454
112,192,5,32,4,28,54.880936
112,192,5,64,1,108,462.77907
112,192,5,64,2,55,155.70383
112,192,5,64,4,28,55.495995
112,192,5,92,1,108,461.5598
112,192,5,92,2,55,155.4428
112,192,5,92,4,28,54.792118
112,192,5,128,1,108,463.14632
112,192,5,128,2,55,152.98392
112,192,5,128,4,28,55.577694
112,192,5,192,1,108,460.8931
112,192,5,192,2,55,155.27895
112,192,5,192,4,28,55.647867
112,192,5,256,1,108,463.89664
112,192,5,256,2,55,154.05742
112,192,5,256,4,28,54.824323
112,192,7,32,1,106,661.39917
112,192,7,32,2,54,233.52467
112,192,7,32,4,28,89.547189
112,192,7,64,1,106,663.81737
112,192,7,64,2,54,234.62868
112,192,7,64,4,28,88.651438
112,192,7,92,1,106,662.99247
112,192,7,92,2,54,233.18906
112,192,7,92,4,28,88.918683
112,192,7,128,1,106,663.89873
112,192,7,128,2,54,233.47043
112,192,7,128,4,28,90.001336
112,192,7,192,1,106,661.90202
112,192,7,192,2,54,233.53936
112,192,7,192,4,28,89.2022
112,192,7,256,1,106,661.88507
112,192,7,256,2,54,234.33488
112,192,7,256,4,28,89.277571
112,192,11,32,1,102,1391.7871
112,192,11,32,2,52,462.13045
112,192,11,32,4,27,177.62131
112,192,11,64,1,102,1398.7818
112,192,11,64,2,52,463.42769
112,192,11,64,4,27,178.10608
112,192,11,92,1,102,1396.793
112,192,11,92,2,52,460.56427
112,192,11,92,4,27,177.74335
112,192,11,128,1,102,1388.9282
112,192,11,128,2,52,461.00497
112,192,11,128,4,27,179.78526
112,192,11,192,1,102,1390.6684
112,192,11,192,2,52,457.18783
112,192,11,192,4,27,175.5907
112,192,11,256,1,102,1428.1166
112,192,11,256,2,52,455.77985
112,192,11,256,4,27,176.09129
112,256,1,32,1,112,102.486028
112,256,1,32,2,57,45.114007
112,256,1,32,4,29,18.082034
112,256,1,64,1,112,104.018534
112,256,1,64,2,57,45.364528
112,256,1,64,4,29,18.064745
112,256,1,92,1,112,101.62994
112,256,1,92,2,57,45.356053
112,256,1,92,4,29,17.995024
112,256,1,128,1,112,101.990297
112,256,1,128,2,57,44.693647
112,256,1,128,4,29,18.145653
112,256,1,192,1,112,101.156696
112,256,1,192,2,57,45.439899
112,256,1,192,4,29,17.193402
112,256,1,256,1,112,101.789609
112,256,1,256,2,57,44.708902
112,256,1,256,4,29,17.525622
112,256,3,32,1,110,340.67466
112,256,3,32,2,56,99.716511
112,256,3,32,4,29,53.471713
112,256,3,64,1,110,340.51081
112,256,3,64,2,56,101.438857
112,256,3,64,4,29,53.9123
112,256,3,92,1,110,339.92547
112,256,3,92,2,56,99.090717
112,256,3,92,4,29,53.797379
112,256,3,128,1,110,338.72654
112,256,3,128,2,56,99.957427
112,256,3,128,4,29,53.62641
112,256,3,192,1,110,341.13231
112,256,3,192,2,56,100.36321
112,256,3,192,4,29,53.766982
112,256,3,256,1,110,340.64415
112,256,3,256,2,56,100.348633
112,256,3,256,4,29,53.735342
112,256,5,32,1,108,608.3468
112,256,5,32,2,55,220.53193
112,256,5,32,4,28,87.221197
112,256,5,64,1,108,612.80126
112,256,5,64,2,55,224.50388
112,256,5,64,4,28,87.467311
112,256,5,92,1,108,611.34582
112,256,5,92,2,55,220.63589
112,256,5,92,4,28,88.523748
112,256,5,128,1,108,608.69145
112,256,5,128,2,55,221.78849
112,256,5,128,4,28,87.869026
112,256,5,192,1,108,616.10538
112,256,5,192,2,55,221.17603
112,256,5,192,4,28,87.740093
112,256,5,256,1,108,613.67023
112,256,5,256,2,55,222.67554
112,256,5,256,4,28,87.552287
112,256,7,32,1,106,877.51167
112,256,7,32,2,54,304.25476
112,256,7,32,4,28,127.46965
112,256,7,64,1,106,875.59067
112,256,7,64,2,54,303.9587
112,256,7,64,4,28,125.5317
112,256,7,92,1,106,870.99383
112,256,7,92,2,54,303.30443
112,256,7,92,4,28,126.51254
112,256,7,128,1,106,882.82606
112,256,7,128,2,54,300.13591
112,256,7,128,4,28,126.77244
112,256,7,192,1,106,875.0946
112,256,7,192,2,54,301.60491
112,256,7,192,4,28,126.03342
112,256,7,256,1,106,874.91154
112,256,7,256,2,54,301.44671
112,256,7,256,4,28,127.25382
112,256,11,32,1,102,3237.5743
112,256,11,32,2,52,949.29379
112,256,11,32,4,27,297.47363
112,256,11,64,1,102,3271.1579
112,256,11,64,2,52,954.47371
112,256,11,64,4,27,294.06442
112,256,11,92,1,102,3255.6317
112,256,11,92,2,52,949.73901
112,256,11,92,4,27,297.68494
112,256,11,128,1,102,3281.181
112,256,11,128,2,52,949.10056
112,256,11,128,4,27,295.73795
112,256,11,192,1,102,3277.7232
112,256,11,192,2,52,948.75704
112,256,11,192,4,27,301.67045
112,256,11,256,1,102,3269.0222
112,256,11,256,2,52,947.0643
112,256,11,256,4,27,296.42386
224,32,1,32,1,224,50.622079
224,32,1,32,2,113,19.241301
224,32,1,32,4,57,7.9786927
224,32,1,64,1,224,51.032834
224,32,1,64,2,113,18.962191
224,32,1,64,4,57,7.9130962
224,32,1,92,1,224,50.494389
224,32,1,92,2,113,19.117792
224,32,1,92,4,57,7.8528672
224,32,1,128,1,224,50.083521
224,32,1,128,2,113,19.079824
224,32,1,128,4,57,7.7747842
224,32,1,192,1,224,51.416243
224,32,1,192,2,113,19.013945
224,32,1,192,4,57,7.5912948
224,32,1,256,1,224,50.427719
224,32,1,256,2,113,19.020612
224,32,1,256,4,57,7.6356925
224,32,3,32,1,222,149.89789
224,32,3,32,2,112,54.829747
224,32,3,32,4,57,24.316809
224,32,3,64,1,222,149.19842
224,32,3,64,2,112,54.325089
224,32,3,64,4,57,24.044705
224,32,3,92,1,222,149.34645
224,32,3,92,2,112,54.688384
224,32,3,92,4,57,23.925942
224,32,3,128,1,222,151.21773
224,32,3,128,2,112,53.27385
224,32,3,128,4,57,24.021879
224,32,3,192,1,222,151.15784
224,32,3,192,2,112,53.628218
224,32,3,192,4,57,23.85656
224,32,3,256,1,222,150.99851
224,32,3,256,2,112,54.442609
224,32,3,256,4,57,24.464274
224,32,5,32,1,220,261.05147
224,32,5,32,2,111,82.744815
224,32,5,32,4,56,37.727988
224,32,5,64,1,220,261.11362
224,32,5,64,2,111,82.900529
224,32,5,64,4,56,37.453737
224,32,5,92,1,220,260.81756
224,32,5,92,2,111,83.677743
224,32,5,92,4,56,38.715156
224,32,5,128,1,220,264.36124
224,32,5,128,2,111,82.767528
224,32,5,128,4,56,38.036026
224,32,5,192,1,220,263.24141
224,32,5,192,2,111,83.522029
224,32,5,192,4,56,37.053943
224,32,5,256,1,220,262.19164
224,32,5,256,2,111,83.960469
224,32,5,256,4,56,38.83584
224,32,7,32,1,218,544.28258
224,32,7,32,2,110,141.0127
224,32,7,32,4,56,48.48039
224,32,7,64,1,218,542.66668
224,32,7,64,2,110,138.67586
224,32,7,64,4,56,47.283946
224,32,7,92,1,218,542.50961
224,32,7,92,2,110,138.21708
224,32,7,92,4,56,48.545365
224,32,7,128,1,218,545.10409
224,32,7,128,2,110,138.01368
224,32,7,128,4,56,48.365017
224,32,7,192,1,218,545.92447
224,32,7,192,2,110,138.37076
224,32,7,192,4,56,47.504296
224,32,7,256,1,218,539.24504
224,32,7,256,2,110,141.14604
224,32,7,256,4,56,47.63967
224,32,11,32,1,214,1013.8473
224,32,11,32,2,108,313.59534
224,32,11,32,4,55,108.709729
224,32,11,64,1,214,1020.3674
224,32,11,64,2,108,311.56812
224,32,11,64,4,55,108.628708
224,32,11,92,1,214,1022.97205
224,32,11,92,2,108,312.63032
224,32,11,92,4,55,108.594921
224,32,11,128,1,214,1015.88469
224,32,11,128,2,108,313.914
224,32,11,128,4,55,110.230822
224,32,11,192,1,214,1015.1016
224,32,11,192,2,108,311.77152
224,32,11,192,4,55,108.929175
224,32,11,256,1,214,1020.24536
224,32,11,256,2,108,313.1908
224,32,11,256,4,55,110.190368
224,64,1,32,1,224,107.562892
224,64,1,32,2,113,41.694062
224,64,1,32,4,57,17.662239
224,64,1,64,1,224,108.335247
224,64,1,64,2,113,42.867228
224,64,1,64,4,57,16.695863
224,64,1,92,1,224,108.437625
224,64,1,92,2,113,42.295222
224,64,1,92,4,57,17.47206
224,64,1,128,1,224,108.547574
224,64,1,128,2,113,42.389916
224,64,1,128,4,57,17.373976
224,64,1,192,1,224,109.64955
224,64,1,192,2,113,42.316692
224,64,1,192,4,57,17.601332
224,64,1,256,1,224,110.034541
224,64,1,256,2,113,41.99532
224,64,1,256,4,57,17.403582
224,64,3,32,1,222,316.2305
224,64,3,32,2,112,110.718982
224,64,3,32,4,57,56.759222
224,64,3,64,1,222,315.97286
224,64,3,64,2,112,110.638074
224,64,3,64,4,57,56.526442
224,64,3,92,1,222,315.18073
224,64,3,92,2,112,111.163411
224,64,3,92,4,57,56.513447
224,64,3,128,1,222,314.65076
224,64,3,128,2,112,110.878651
224,64,3,128,4,57,56.684303
224,64,3,192,1,222,312.75801
224,64,3,192,2,112,111.288841
224,64,3,192,4,57,56.726113
224,64,3,256,1,222,315.92088
224,64,3,256,2,112,110.504056
224,64,3,256,4,57,56.88533
224,64,5,32,1,220,721.21233
224,64,5,32,2,111,184.59567
224,64,5,32,4,56,84.752938
224,64,5,64,1,220,719.32297
224,64,5,64,2,111,185.85901
224,64,5,64,4,56,84.729434
224,64,5,92,1,220,719.80548
224,64,5,92,2,111,186.32457
224,64,5,92,4,56,85.622134
224,64,5,128,1,220,721.89711
224,64,5,128,2,111,183.09051
224,64,5,128,4,56,85.645751
224,64,5,192,1,220,722.14345
224,64,5,192,2,111,185.70081
224,64,5,192,4,56,84.695082
224,64,5,256,1,220,720.49704
224,64,5,256,2,111,184.82167
224,64,5,256,4,56,84.671465
224,64,7,32,1,218,1112.00701
224,64,7,32,2,110,354.97707
224,64,7,32,4,56,135.88589
224,64,7,64,1,218,1106.60674
224,64,7,64,2,110,354.53637
224,64,7,64,4,56,134.15812
224,64,7,92,1,218,1110.09166
224,64,7,92,2,110,353.55666
224,64,7,92,4,56,134.67453
224,64,7,128,1,218,1110.21483
224,64,7,128,2,110,355.34319
224,64,7,128,4,56,137.04753
224,64,7,192,1,218,1118.64011
224,64,7,192,2,110,353.27303
224,64,7,192,4,56,136.32094
224,64,7,256,1,218,1118.68305
224,64,7,256,2,110,357.6224
224,64,7,256,4,56,136.1989
224,64,11,32,1,214,2091.4605
224,64,11,32,2,108,681.85782
224,64,11,32,4,55,236.80958
224,64,11,64,1,214,2136.6379
224,64,11,64,2,108,678.50963
224,64,11,64,4,55,238.03789
224,64,11,92,1,214,2047.3566
224,64,11,92,2,108,681.90076
224,64,11,92,4,55,236.58245
224,64,11,128,1,214,2067.8661
224,64,11,128,2,108,684.93368
224,64,11,128,4,55,234.24674
224,64,11,192,1,214,2104.9188
224,64,11,192,2,108,677.37624
224,64,11,192,4,55,235.8762
224,64,11,256,1,214,2104.6815
224,64,11,256,2,108,682.27366
224,64,11,256,4,55,235.74625
224,92,1,32,1,224,142.95178
224,92,1,32,2,113,60.969602
224,92,1,32,4,57,28.833419
224,92,1,64,1,224,143.28287
224,92,1,64,2,113,60.795356
224,92,1,64,4,57,27.865348
224,92,1,92,1,224,142.48283
224,92,1,92,2,113,60.374883
224,92,1,92,4,57,27.70986
224,92,1,128,1,224,140.37764
224,92,1,128,2,113,62.166837
224,92,1,128,4,57,27.512336
224,92,1,192,1,224,142.97664
224,92,1,192,2,113,61.20758
224,92,1,192,4,57,28.784038
224,92,1,256,1,224,144.18461
224,92,1,256,2,113,61.38725
224,92,1,256,4,57,28.64324
224,92,3,32,1,222,581.32963
224,92,3,32,2,112,177.11507
224,92,3,32,4,57,78.733202
224,92,3,64,1,222,582.86304
224,92,3,64,2,112,177.67555
224,92,3,64,4,57,78.041981
224,92,3,92,1,222,583.0461
224,92,3,92,2,112,175.02909
224,92,3,92,4,57,78.509349
224,92,3,128,1,222,580.34653
224,92,3,128,2,112,174.71947
224,92,3,128,4,57,77.737446
224,92,3,192,1,222,581.48105
224,92,3,192,2,112,177.31508
224,92,3,192,4,57,77.893273
224,92,3,256,1,222,584.45973
224,92,3,256,2,112,176.70827
224,92,3,256,4,57,77.697218
224,92,5,32,1,220,1063.33226
224,92,5,32,2,111,360.25643
224,92,5,32,4,56,121.55184
224,92,5,64,1,220,1062.03728
224,92,5,64,2,111,357.02124
224,92,5,64,4,56,121.58348
224,92,5,92,1,220,1057.6122
224,92,5,92,2,111,358.31396
224,92,5,92,4,56,122.379
224,92,5,128,1,220,1062.32204
224,92,5,128,2,111,360.94347
224,92,5,128,4,56,123.70223
224,92,5,192,1,220,1059.90384
224,92,5,192,2,111,360.19202
224,92,5,192,4,56,121.47613
224,92,5,256,1,220,1064.26225
224,92,5,256,2,111,359.94907
224,92,5,256,4,56,125.42209
224,92,7,32,1,218,1672.8068
224,92,7,32,2,110,561.24501
224,92,7,32,4,56,200.26877
224,92,7,64,1,218,1674.5583
224,92,7,64,2,110,565.36951
224,92,7,64,4,56,201.17616
224,92,7,92,1,218,1678.276
224,92,7,92,2,110,561.80323
224,92,7,92,4,56,199.3885
224,92,7,128,1,218,1670.7841
224,92,7,128,2,110,562.49931
224,92,7,128,4,56,204.61701
224,92,7,192,1,218,1683.5192
224,92,7,192,2,110,563.27675
224,92,7,192,4,56,200.02243
224,92,7,256,1,218,1694.3107
224,92,7,256,2,110,558.89009
224,92,7,256,4,56,202.15135
224,92,11,32,1,214,3186.4305
224,92,11,32,2,108,1025.80722
224,92,11,32,4,55,381.20776
224,92,11,64,1,214,3205.0642
224,92,11,64,2,108,1038.57961
224,92,11,64,4,55,376.64256
224,92,11,92,1,214,3185.1423
224,92,11,92,2,108,1033.41325
224,92,11,92,4,55,375.87981
224,92,11,128,1,214,3174.6559
224,92,11,128,2,108,1037.24734
224,92,11,128,4,55,377.57707
224,92,11,192,1,214,3215.5054
224,92,11,192,2,108,1036.08344
224,92,11,192,4,55,376.10807
224,92,11,256,1,214,3213.381
224,92,11,256,2,108,1031.95668
224,92,11,256,4,55,378.22795
224,128,1,32,1,224,260.46387
224,128,1,32,2,113,104.318436
224,128,1,32,4,57,40.684746
224,128,1,64,1,224,254.6568
224,128,1,64,2,113,98.206944
224,128,1,64,4,57,39.572148
224,128,1,92,1,224,264.79177
224,128,1,92,2,113,96.027061
224,128,1,92,4,57,39.922335
224,128,1,128,1,224,268.56936
224,128,1,128,2,113,92.268681
224,128,1,128,4,57,39.352137
224,128,1,192,1,224,261.07746
224,128,1,192,2,113,98.02298
224,128,1,192,4,57,40.662485
224,128,1,256,1,224,276.96865
224,128,1,256,2,113,100.850014
224,128,1,256,4,57,39.576555
224,128,3,32,1,222,1045.34379
224,128,3,32,2,112,356.63252
224,128,3,32,4,57,129.55111
224,128,3,64,1,222,1036.71737
224,128,3,64,2,112,347.53602
224,128,3,64,4,57,129.28556
224,128,3,92,1,222,1092.73599
224,128,3,92,2,112,342.11428
224,128,3,92,4,57,127.60073
224,128,3,128,1,222,1109.60011
224,128,3,128,2,112,357.8371
224,128,3,128,4,57,128.20754
224,128,3,192,1,222,1097.96563
224,128,3,192,2,112,335.44163
224,128,3,192,4,57,128.2098
224,128,3,256,1,222,1064.84307
224,128,3,256,2,112,348.52703
224,128,3,256,4,57,129.14544
224,128,5,32,1,220,2191.9627
224,128,5,32,2,111,695.53647
224,128,5,32,4,56,242.10589
224,128,5,64,1,220,2106.3313
224,128,5,64,2,111,670.17023
224,128,5,64,4,56,242.046
224,128,5,92,1,220,2136.1181
224,128,5,92,2,111,685.04442
224,128,5,92,4,56,240.38603
224,128,5,128,1,220,2170.504
224,128,5,128,2,111,685.48851
224,128,5,128,4,56,241.91605
224,128,5,192,1,220,2117.1341
224,128,5,192,2,111,676.08465
224,128,5,192,4,56,241.72395
224,128,5,256,1,220,2172.6623
224,128,5,256,2,111,672.43249
224,128,5,256,4,56,239.08427
224,128,7,32,1,218,3786.8673
224,128,7,32,2,110,1201.9358
224,128,7,32,4,56,384.82489
224,128,7,64,1,218,3819.8181
224,128,7,64,2,110,1180.3641
224,128,7,64,4,56,385.41362
224,128,7,92,1,218,3848.0568
224,128,7,92,2,110,1185.7429
224,128,7,92,4,56,382.11628
224,128,7,128,1,218,3802.0884
224,128,7,128,2,110,1172.2846
224,128,7,128,4,56,386.95042
224,128,7,192,1,218,3775.8837
224,128,7,192,2,110,1179.6522
224,128,7,192,4,56,380.78401
224,128,7,256,1,218,3827.5586
224,128,7,256,2,110,1176.6125
224,128,7,256,4,56,384.28023
224,128,11,32,1,214,8193.6978
224,128,11,32,2,108,2457.1737
224,128,11,32,4,55,766.30046
224,128,11,64,1,214,8160.4758
224,128,11,64,2,108,2439.1276
224,128,11,64,4,55,768.09377
224,128,11,92,1,214,8147.978
224,128,11,92,2,108,2439.557
224,128,11,92,4,55,759.38147
224,128,11,128,1,214,8191.8898
224,128,11,128,2,108,2436.0992
224,128,11,128,4,55,755.7214
224,128,11,192,1,214,8152.1364
224,128,11,192,2,108,2421.2397
224,128,11,192,4,55,759.27977
224,128,11,256,1,214,9148.2766
224,128,11,256,2,108,2419.0362
224,128,11,256,4,55,766.41685
224,192,1,32,1,224,1503.804
224,192,1,32,2,113,410.36967
224,192,1,32,4,57,112.702923
224,192,1,64,1,224,1497.7359
224,192,1,64,2,113,410.02389
224,192,1,64,4,57,113.32996
224,192,1,92,1,224,1502.2898
224,192,1,92,2,113,408.79897
224,192,1,92,4,57,112.760666
224,192,1,128,1,224,1495.7358
224,192,1,128,2,113,411.89291
224,192,1,128,4,57,113.98875
224,192,1,192,1,224,1501.9847
224,192,1,192,2,113,410.99117
224,192,1,192,4,57,113.49042
224,192,1,256,1,224,1502.7983
224,192,1,256,2,113,408.48822
224,192,1,256,4,57,113.28589
224,192,3,32,1,222,5175.9198
224,192,3,32,2,112,1395.1997
224,192,3,32,4,57,347.25804
224,192,3,64,1,222,5170.541
224,192,3,64,2,112,1388.77
224,192,3,64,4,57,346.42523
224,192,3,92,1,222,5185.1067
224,192,3,92,2,112,1391.0752
224,192,3,92,4,57,345.3958
224,192,3,128,1,222,5181.7167
224,192,3,128,2,112,1388.4536
224,192,3,128,4,57,344.62288
224,192,3,192,1,222,5167.8742
224,192,3,192,2,112,1393.7646
224,192,3,192,4,57,344.78447
224,192,3,256,1,222,5172.2586
224,192,3,256,2,112,1391.9227
224,192,3,256,4,57,347.06481
224,192,5,32,1,220,9534.8948
224,192,5,32,2,111,2532.9967
224,192,5,32,4,56,685.86028
224,192,5,64,1,220,9523.527
224,192,5,64,2,111,2548.15
224,192,5,64,4,56,686.4637
224,192,5,92,1,220,9613.0908
224,192,5,92,2,111,2546.5454
224,192,5,92,4,56,682.49175
224,192,5,128,1,220,9545.562
224,192,5,128,2,111,2554.252
224,192,5,128,4,56,686.79366
224,192,5,192,1,220,9545.0874
224,192,5,192,2,111,2542.2627
224,192,5,192,4,56,684.21613
224,192,5,256,1,220,9512.0575
224,192,5,256,2,111,2556.9753
224,192,5,256,4,56,688.67059
224,192,7,32,1,218,15303.251
224,192,7,32,2,110,3999.4203
224,192,7,32,4,56,1001.60601
224,192,7,64,1,218,15300.652
224,192,7,64,2,110,4011.6695
224,192,7,64,4,56,1009.09
224,192,7,92,1,218,15364.61
224,192,7,92,2,110,4015.6697
224,192,7,92,4,56,1003.55074
224,192,7,128,1,218,15253.757
224,192,7,128,2,110,4011.387
224,192,7,128,4,56,999.33471
224,192,7,192,1,218,15326.19
224,192,7,192,2,110,3993.7138
224,192,7,192,4,56,1005.68079
224,192,7,256,1,218,15334.1
224,192,7,256,2,110,4030.6761
224,192,7,256,4,56,1002.89308
224,192,11,32,2,108,8058.0526
224,192,11,32,4,55,2005.7952
224,192,11,64,2,108,8073.9404
224,192,11,64,4,55,2007.6371
224,192,11,92,2,108,8034.3339
224,192,11,92,4,55,1998.4728
224,192,11,128,2,108,8041.3851
224,192,11,128,4,55,2013.9651
224,192,11,192,2,108,8045.6565
224,192,11,192,4,55,2007.2642
224,192,11,256,2,108,8022.4011
224,192,11,256,4,55,1999.1734
224,256,1,32,1,224,2654.9576
224,256,1,32,2,113,674.01901
224,256,1,32,4,57,170.0989
224,256,1,64,1,224,2659.1838
224,256,1,64,2,113,672.57035
224,256,1,64,4,57,169.92488
224,256,1,92,1,224,2658.2572
224,256,1,92,2,113,672.17033
224,256,1,92,4,57,170.0424
224,256,1,128,1,224,2652.3586
224,256,1,128,2,113,672.34096
224,256,1,128,4,57,169.93166
224,256,1,192,1,224,2654.8107
224,256,1,192,2,113,672.67657
224,256,1,192,4,57,170.03562
224,256,1,256,1,224,2642.5163
224,256,1,256,2,113,676.29596
224,256,1,256,4,57,169.8277
224,256,3,32,1,222,9043.9098
224,256,3,32,2,112,2326.7717
224,256,3,32,4,57,541.6542
224,256,3,64,1,222,9126.3885
224,256,3,64,2,112,2324.4891
224,256,3,64,4,57,541.20785
224,256,3,92,1,222,9075.7419
224,256,3,92,2,112,2312.0026
224,256,3,92,4,57,532.56448
224,256,3,128,1,222,9042.4182
224,256,3,128,2,112,2286.555
224,256,3,128,4,57,544.71537
224,256,3,192,1,222,9124.9195
224,256,3,192,2,112,2278.9727
224,256,3,192,4,57,536.36015
224,256,3,256,1,222,9250.7676
224,256,3,256,2,112,2287.9788
224,256,3,256,4,57,534.15665
224,256,5,32,1,220,16102.726
224,256,5,32,2,111,4074.5314
224,256,5,32,4,56,1047.3857
224,256,5,64,1,220,16089.618
224,256,5,64,2,111,4107.0867
224,256,5,64,4,56,1044.61833
224,256,5,92,1,220,15988.483
224,256,5,92,2,111,4124.387
224,256,5,92,4,56,1045.12457
224,256,5,128,1,220,16128.716
224,256,5,128,2,111,4095.3686
224,256,5,128,4,56,1046.3235
224,256,5,192,1,220,16135.948
224,256,5,192,2,111,4092.9278
224,256,5,192,4,56,1041.5775
224,256,5,256,1,220,16101.596
224,256,5,256,2,111,4121.2569
224,256,5,256,4,56,1036.78291
224,256,7,32,1,218,23890.573
224,256,7,32,2,110,6166.3422
224,256,7,32,4,56,1453.0896
224,256,7,64,1,218,23948.542
224,256,7,64,2,110,6178.3993
224,256,7,64,4,56,1449.5979
224,256,7,92,1,218,23922.1
224,256,7,92,2,110,6169.4497
224,256,7,92,4,56,1444.3095
224,256,7,128,1,218,23960.294
224,256,7,128,2,110,6165.28
224,256,7,128,4,56,1452.4907
224,256,7,192,1,218,23954.305
224,256,7,192,2,110,6143.132
224,256,7,192,4,56,1446.8181
224,256,7,256,1,218,24074.763
224,256,7,256,2,110,6127.99
224,256,7,256,4,56,1446.4113
224,256,11,32,2,108,12692.612
224,256,11,32,4,55,2933.1184
224,256,11,64,2,108,12650.35
224,256,11,64,4,55,2974.9171
224,256,11,92,2,108,12711.031
224,256,11,92,4,55,2991.9914
224,256,11,128,2,108,12739.62
224,256,11,128,4,55,2986.3753
224,256,11,192,2,108,12725.156
224,256,11,192,4,55,2973.6176
224,256,11,256,2,108,12739.394
224,256,11,256,4,55,3014.3767
