28,32,1,100,1,28,100,1,25088,3.63911,0.323257,3.29056,0.0124419
28,32,1,100,2,15,100,1,7200,1.08279,0.274531,0.784186,0.0114582
28,32,1,100,4,8,100,1,2048,0.579213,0.227253,0.332227,0.00787022
28,32,1,500,1,28,500,1,25088,9.47742,0.328003,9.11492,0.0205436
28,32,1,500,2,15,500,1,7200,2.49654,0.270596,2.20158,0.0138884
28,32,1,500,4,8,500,1,2048,0.990548,0.248375,0.717578,0.0130207
28,32,1,1000,1,28,1000,1,25088,19.8221,0.37968,19.4098,0.0183447
28,32,1,1000,2,15,1000,1,7200,4.94215,0.328523,4.57503,0.0245367
28,32,1,1000,4,8,1000,1,2048,1.41328,0.258849,1.12747,0.0156824
28,32,1,4096,1,28,4096,1,25088,71.112,0.387203,70.6693,0.0401033
28,32,1,4096,2,15,4096,1,7200,17.0038,0.318339,16.6311,0.0395248
28,32,1,4096,4,8,4096,1,2048,4.02573,0.265099,3.71602,0.0336223
28,32,3,100,1,26,100,1,21632,3.16661,0.319033,2.8224,0.013194
28,32,3,100,2,14,100,1,6272,0.954612,0.267182,0.66405,0.011516
28,32,3,100,4,8,100,1,2048,0.56492,0.208677,0.339172,0.00706
28,32,3,500,1,26,500,1,21632,8.23173,0.32048,7.88521,0.0140622
28,32,3,500,2,14,500,1,6272,2.2091,0.266893,1.91825,0.0132519
28,32,3,500,4,8,500,1,2048,0.992921,0.253815,0.713065,0.0135413
28,32,3,1000,1,26,1000,1,21632,15.7806,0.320943,15.4303,0.0178814
28,32,3,1000,2,14,1000,1,6272,4.28071,0.296696,3.94981,0.0200807
28,32,3,1000,4,8,1000,1,2048,1.41155,0.262032,1.12255,0.0160299
28,32,3,4096,1,26,4096,1,21632,58.1439,0.389171,57.7003,0.0388881
28,32,3,4096,2,14,4096,1,6272,14.5155,0.301441,14.1632,0.0383673
28,32,3,4096,4,8,4096,1,2048,4.00861,0.268224,3.69316,0.0344321
28,32,5,100,1,24,100,1,18432,2.67304,0.314693,2.33503,0.0123841
28,32,5,100,2,13,100,1,5408,0.863758,0.264521,0.5769,0.0109952
28,32,5,100,4,7,100,1,1568,0.551611,0.232403,0.306592,0.00491889
28,32,5,500,1,24,500,1,18432,7.16775,0.313131,6.82812,0.0148724
28,32,5,500,2,13,500,1,5408,1.86496,0.264636,1.57596,0.0124998
28,32,5,500,4,7,500,1,1568,0.835228,0.228121,0.582108,0.0129047
28,32,5,1000,1,24,1000,1,18432,14.0888,0.306997,13.7529,0.0174764
28,32,5,1000,2,13,1000,1,5408,3.72644,0.2765,3.42228,0.0165506
28,32,5,1000,4,7,1000,1,1568,1.16804,0.253757,0.888815,0.0150459
28,32,5,4096,1,24,4096,1,18432,51.8799,0.365618,51.4507,0.0488418
28,32,5,4096,2,13,4096,1,5408,13.046,0.313825,12.6784,0.0387144
28,32,5,4096,4,7,4096,1,1568,3.11453,0.25775,2.81349,0.0324068
28,32,7,100,1,22,100,1,15488,2.34035,0.309717,2.00454,0.0131363
28,32,7,100,2,12,100,1,4608,0.776954,0.234776,0.519088,0.011053
28,32,7,100,4,7,100,1,1568,0.557977,0.235413,0.308733,0.00567133
28,32,7,500,1,22,500,1,15488,5.7418,0.30908,5.40101,0.0198489
28,32,7,500,2,12,500,1,4608,1.62109,0.267704,1.32966,0.0126736
28,32,7,500,4,7,500,1,1568,0.908434,0.254278,0.628751,0.0133677
28,32,7,1000,1,22,1000,1,15488,11.7513,0.310932,11.4102,0.0178817
28,32,7,1000,2,12,1000,1,4608,2.77605,0.273954,2.47293,0.0178816
28,32,7,1000,4,7,1000,1,1568,1.14633,0.243861,0.874522,0.0149881
28,32,7,4096,1,22,4096,1,15488,41.6207,0.372737,41.1924,0.039409
28,32,7,4096,2,12,4096,1,4608,9.69006,0.287842,9.34539,0.0445594
28,32,7,4096,4,7,4096,1,1568,3.07489,0.255841,2.7665,0.0401611
28,32,11,100,1,18,100,1,10368,1.69511,0.298953,1.36607,0.0117476
28,32,11,100,2,10,100,1,3200,0.672905,0.235818,0.414808,0.0104164
28,32,11,100,4,6,100,1,1152,0.460872,0.202774,0.249243,0.00289356
28,32,11,500,1,18,500,1,10368,4.22458,0.324995,3.87042,0.0153352
28,32,11,500,2,10,500,1,3200,1.29396,0.270018,0.997437,0.0138887
28,32,11,500,4,6,500,1,1152,0.750393,0.220309,0.506299,0.0123841
28,32,11,1000,1,18,1000,1,10368,8.30605,0.304798,7.97047,0.0188652
28,32,11,1000,2,10,1000,1,3200,1.97636,0.257403,1.69274,0.0162036
28,32,11,1000,4,6,1000,1,1152,0.955887,0.225228,0.702592,0.0157983
28,32,11,4096,1,18,4096,1,10368,28.3513,0.334022,27.9648,0.038541
28,32,11,4096,2,10,4096,1,3200,6.40898,0.275921,6.08526,0.036342
28,32,11,4096,4,6,4096,1,1152,2.34904,0.260875,2.04568,0.0323488
28,64,1,100,1,28,100,1,50176,6.98964,0.369438,6.5922,0.0135414
28,64,1,100,2,15,100,1,14400,1.9583,0.304856,1.62943,0.0118053
28,64,1,100,4,8,100,1,4096,0.681875,0.206478,0.452597,0.011169
28,64,1,500,1,28,500,1,50176,19.354,0.388998,18.9351,0.0149881
28,64,1,500,2,15,500,1,14400,5.07006,0.306303,4.73864,0.0135412
28,64,1,500,4,8,500,1,4096,1.40397,0.265621,1.11347,0.012847
28,64,1,1000,1,28,1000,1,50176,39.0122,0.408906,38.5672,0.0201963
28,64,1,1000,2,15,1000,1,14400,10.0584,0.322448,9.70355,0.0178236
28,64,1,1000,4,8,1000,1,4096,2.28636,0.272854,1.98475,0.0178817
28,64,1,4096,1,28,4096,1,50176,143.653,0.39386,143.199,0.0464691
28,64,1,4096,2,15,4096,1,14400,35.0636,0.363131,34.6458,0.0394089
28,64,1,4096,4,8,4096,1,4096,7.69844,0.279857,7.36812,0.0376731
28,64,3,100,1,26,100,1,43264,6.04297,0.368629,5.64968,0.0125579
28,64,3,100,2,14,100,1,12544,1.72931,0.292935,1.41231,0.0117474
28,64,3,100,4,8,100,1,4096,0.682744,0.207694,0.452944,0.010995
28,64,3,500,1,26,500,1,43264,16.7456,0.417529,16.2981,0.015567
28,64,3,500,2,14,500,1,12544,4.47453,0.298433,4.15133,0.0133678
28,64,3,500,4,8,500,1,4096,1.41798,0.258793,1.13598,0.0127891
28,64,3,1000,1,26,1000,1,43264,33.5707,0.37239,33.1638,0.0203702
28,64,3,1000,2,14,1000,1,12544,8.4361,0.318861,8.08304,0.0202541
28,64,3,1000,4,8,1000,1,4096,2.33006,0.309255,1.98892,0.0193862
28,64,3,4096,1,26,4096,1,43264,120.619,0.380897,120.173,0.0396407
28,64,3,4096,2,14,4096,1,12544,29.4667,0.31429,29.0985,0.0394093
28,64,3,4096,4,8,4096,1,4096,7.80504,0.290216,7.46268,0.0376732
28,64,5,100,1,24,100,1,36864,5.21573,0.343687,4.84681,0.0133101
28,64,5,100,2,13,100,1,10816,1.49581,0.290737,1.18042,0.0124999
28,64,5,100,4,7,100,1,3136,0.634829,0.223377,0.391487,0.00931733
28,64,5,500,1,24,500,1,36864,14.5042,0.342414,14.1346,0.0148727
28,64,5,500,2,13,500,1,10816,3.72981,0.301616,3.40071,0.0145831
28,64,5,500,4,7,500,1,3136,1.18656,0.26024,0.900566,0.0136572
28,64,5,1000,1,24,1000,1,36864,29.0786,0.392414,28.6525,0.0187499
28,64,5,1000,2,13,1000,1,10816,7.2609,0.303063,6.92826,0.0179974
28,64,5,1000,4,7,1000,1,3136,1.79199,0.27245,1.48939,0.0171293
28,64,5,4096,1,24,4096,1,36864,108.497,0.358502,108.086,0.0383676
28,64,5,4096,2,13,4096,1,10816,25.6855,0.311223,25.321,0.0399299
28,64,5,4096,4,7,4096,1,3136,5.94431,0.278179,5.61896,0.0357632
28,64,7,100,1,22,100,1,30976,4.37014,0.330725,4.01494,0.0131364
28,64,7,100,2,12,100,1,9216,1.21885,0.273723,0.92111,0.0118054
28,64,7,100,4,7,100,1,3136,0.639864,0.22303,0.395365,0.0101854
28,64,7,500,1,22,500,1,30976,12.1516,0.333445,11.7918,0.0143514
28,64,7,500,2,12,500,1,9216,3.2113,0.288249,2.89794,0.0135414
28,64,7,500,4,7,500,1,3136,1.24015,0.259082,0.955369,0.013715
28,64,7,1000,1,22,1000,1,30976,23.7762,0.395944,23.3469,0.0186342
28,64,7,1000,2,12,1000,1,9216,5.9667,0.291547,5.64535,0.0178236
28,64,7,1000,4,7,1000,1,3136,1.78962,0.279395,1.48077,0.0166666
28,64,7,4096,1,22,4096,1,30976,85.1737,0.407055,84.713,0.038252
28,64,7,4096,2,12,4096,1,9216,21.6288,0.362495,21.2112,0.0403929
28,64,7,4096,4,7,4096,1,3136,6.06555,0.277311,5.74183,0.0333909
28,64,11,100,1,18,100,1,20736,3.04319,0.323723,2.69516,0.0125577
28,64,11,100,2,10,100,1,6400,0.926204,0.270309,0.632515,0.0109377
28,64,11,100,4,6,100,1,2304,0.473316,0.159547,0.297739,0.00653922
28,64,11,500,1,18,500,1,20736,8.61482,0.352484,8.2334,0.0149302
28,64,11,500,2,10,500,1,6400,2.13342,0.281767,1.82625,0.012847
28,64,11,500,4,6,500,1,2304,1.01758,0.252196,0.740442,0.0130208
28,64,11,1000,1,18,1000,1,20736,16.2092,0.328642,15.8475,0.019097
28,64,11,1000,2,10,1000,1,6400,4.13166,0.328294,3.77258,0.0170136
28,64,11,1000,4,6,1000,1,2304,1.46104,0.262439,1.16868,0.0171293
28,64,11,4096,1,18,4096,1,20736,58.2997,0.399185,57.847,0.038136
28,64,11,4096,2,10,4096,1,6400,13.9534,0.306709,13.5945,0.0370367
28,64,11,4096,4,6,4096,1,2304,4.88055,0.26186,4.57413,0.0332751
28,92,1,100,1,28,100,1,72128,9.75572,0.423259,9.30585,0.0137731
28,92,1,100,2,15,100,1,20700,2.68046,0.316663,2.33845,0.0130207
28,92,1,100,4,8,100,1,5888,0.854966,0.277774,0.553813,0.0117478
28,92,1,500,1,28,500,1,72128,27.0981,0.430492,26.6383,0.0162612
28,92,1,500,2,15,500,1,20700,7.00981,0.312149,6.67133,0.0149881
28,92,1,500,4,8,500,1,5888,1.87579,0.270193,1.58239,0.0127312
28,92,1,1000,1,28,1000,1,72128,54.7306,0.436106,54.2606,0.020833
28,92,1,1000,2,15,1000,1,20700,14.0005,0.314753,13.6556,0.0184027
28,92,1,1000,4,8,1000,1,5888,3.40002,0.285066,3.08127,0.022569
28,92,1,4096,1,28,4096,1,72128,202.106,0.444265,201.606,0.0401036
28,92,1,4096,2,15,4096,1,20700,49.8414,0.378526,49.4048,0.0416083
28,92,1,4096,4,8,4096,1,5888,11.779,0.286571,11.4411,0.0377889
28,92,3,100,1,26,100,1,62192,8.6205,0.432113,8.16015,0.0135991
28,92,3,100,2,14,100,1,18032,2.34083,0.317068,1.9994,0.0123261
28,92,3,100,4,8,100,1,5888,0.860985,0.267705,0.570016,0.0111109
28,92,3,500,1,26,500,1,62192,23.2321,0.43981,22.7587,0.0178818
28,92,3,500,2,14,500,1,18032,6.22296,0.346987,5.84663,0.0150461
28,92,3,500,4,8,500,1,5888,1.88968,0.279337,1.58563,0.0125578
28,92,3,1000,1,26,1000,1,62192,46.2344,0.495191,45.7016,0.0206594
28,92,3,1000,2,14,1000,1,18032,12.1347,0.331536,11.771,0.0181711
28,92,3,1000,4,8,1000,1,5888,3.39088,0.286686,3.06953,0.017361
28,92,3,4096,1,26,4096,1,62192,173.589,0.466777,173.066,0.0397568
28,92,3,4096,2,14,4096,1,18032,41.7499,0.364869,41.3319,0.0380203
28,92,3,4096,4,8,4096,1,5888,12.0297,0.298145,11.6794,0.0377311
28,92,5,100,1,24,100,1,52992,7.4869,0.37517,7.07839,0.0192128
28,92,5,100,2,13,100,1,15548,2.02475,0.298839,1.70154,0.0124999
28,92,5,100,4,7,100,1,4508,0.684078,0.203701,0.458213,0.0103008
28,92,5,500,1,24,500,1,52992,20.7541,0.400343,20.3232,0.01603
28,92,5,500,2,13,500,1,15548,5.23438,0.292937,4.91534,0.0146411
28,92,5,500,4,7,500,1,4508,1.45502,0.235009,1.19478,0.0131366
28,92,5,1000,1,24,1000,1,52992,40.4128,0.365505,40.0128,0.0215856
28,92,5,1000,2,13,1000,1,15548,10.0958,0.304684,9.76153,0.0171873
28,92,5,1000,4,7,1000,1,4508,2.40721,0.278759,2.09865,0.0177082
28,92,5,4096,1,24,4096,1,52992,151.486,0.411859,151.022,0.0373838
28,92,5,4096,2,13,4096,1,15548,36.2036,0.345077,35.8019,0.0409139
28,92,5,4096,4,7,4096,1,4508,8.41721,0.293747,8.07237,0.0369788
28,92,7,100,1,22,100,1,44528,6.11168,0.362786,5.72344,0.0138309
28,92,7,100,2,12,100,1,13248,1.72828,0.2934,1.41029,0.0119212
28,92,7,100,4,7,100,1,4508,0.73159,0.234546,0.473838,0.0105901
28,92,7,500,1,22,500,1,44528,17.3183,0.363827,16.9281,0.0143519
28,92,7,500,2,12,500,1,13248,4.52895,0.304395,4.19533,0.0153934
28,92,7,500,4,7,500,1,4508,1.44894,0.261224,1.16226,0.013426
28,92,7,1000,1,22,1000,1,44528,32.7416,0.41238,32.2928,0.020833
28,92,7,1000,2,12,1000,1,13248,8.55298,0.303816,8.21982,0.0175922
28,92,7,1000,4,7,1000,1,4508,2.438,0.276791,2.13383,0.0163196
28,92,7,4096,1,22,4096,1,44528,123.098,0.391605,122.65,0.0402773
28,92,7,4096,2,12,4096,1,13248,30.4734,0.372681,30.0486,0.0371523
28,92,7,4096,4,7,4096,1,4508,8.18418,0.294441,7.84205,0.0357634
28,92,11,100,1,18,100,1,29808,4.16934,0.351906,3.79076,0.0130209
28,92,11,100,2,10,100,1,9200,1.20948,0.293573,0.892352,0.0109952
28,92,11,100,4,6,100,1,3312,0.648952,0.246525,0.381593,0.0100693
28,92,11,500,1,18,500,1,29808,11.5486,0.350575,11.1714,0.0146989
28,92,11,500,2,10,500,1,9200,2.99713,0.281942,2.6895,0.0146988
28,92,11,500,4,6,500,1,3312,1.18118,0.25972,0.897329,0.0132521
28,92,11,1000,1,18,1000,1,29808,22.8892,0.361744,22.4933,0.0193288
28,92,11,1000,2,10,1000,1,9200,5.85017,0.356073,5.46262,0.0173609
28,92,11,1000,4,6,1000,1,3312,1.78245,0.270368,1.48563,0.0162036
28,92,11,4096,1,18,4096,1,29808,83.1464,0.406535,82.6861,0.0381939
28,92,11,4096,2,10,4096,1,9200,19.9383,0.316606,19.568,0.0387729
28,92,11,4096,4,6,4096,1,3312,5.95677,0.272914,5.63756,0.0347219
28,128,1,100,1,28,100,1,100352,13.9983,0.501731,13.4619,0.0188654
28,128,1,100,2,15,100,1,28800,3.66987,0.328411,3.3164,0.0133679
28,128,1,100,4,8,100,1,8192,1.04183,0.283967,0.733963,0.0116898
28,128,1,500,1,28,500,1,100352,38.5953,0.576094,37.9836,0.0175924
28,128,1,500,2,15,500,1,28800,9.79469,0.336455,9.42896,0.0153354
28,128,1,500,4,8,500,1,8192,2.46757,0.290159,2.15333,0.01331
28,128,1,1000,1,28,1000,1,100352,76.5941,0.569612,75.9858,0.0210646
28,128,1,1000,2,15,1000,1,28800,19.3648,0.332983,19.0018,0.017824
28,128,1,1000,4,8,1000,1,8192,4.83143,0.301617,4.5003,0.0171294
28,128,1,4096,2,15,4096,1,28800,69.4754,0.395829,69.0233,0.0400458
28,128,1,4096,4,8,4096,1,8192,17.0678,0.300692,16.7173,0.0374416
28,128,3,100,1,26,100,1,86528,11.9259,0.479567,11.4198,0.0136572
28,128,3,100,2,14,100,1,25088,3.1329,0.323318,2.78383,0.0128471
28,128,3,100,4,8,100,1,8192,1.01446,0.255784,0.73512,0.0112269
28,128,3,500,1,26,500,1,86528,34.3858,0.521986,33.8336,0.0152196
28,128,3,500,2,14,500,1,25088,8.75819,0.339059,8.39002,0.0148144
28,128,3,500,4,8,500,1,8192,2.54066,0.284025,2.23262,0.0136572
28,128,3,1000,1,26,1000,1,86528,64.6815,0.52077,64.1234,0.0210644
28,128,3,1000,2,14,1000,1,25088,17.3259,0.327775,16.9663,0.0198493
28,128,3,1000,4,8,1000,1,8192,5.21216,0.308967,4.87333,0.0175926
28,128,3,4096,2,14,4096,1,25088,57.3734,0.372566,56.9473,0.0384257
28,128,3,4096,4,8,4096,1,8192,16.8412,0.311803,16.4763,0.038657
28,128,5,100,1,24,100,1,73728,10.2051,0.410934,9.76431,0.0140623
28,128,5,100,2,13,100,1,21632,2.75304,0.311282,2.41751,0.0129049
28,128,5,100,4,7,100,1,6272,0.87042,0.269963,0.576673,0.0116318
28,128,5,500,1,24,500,1,73728,29.0502,0.417878,28.6045,0.015162
28,128,5,500,2,13,500,1,21632,7.55716,0.316259,7.2126,0.0140623
28,128,5,500,4,7,500,1,6272,1.91746,0.286803,1.60456,0.013657
28,128,5,1000,1,24,1000,1,73728,56.6089,0.424417,56.1448,0.0264466
28,128,5,1000,2,13,1000,1,21632,14.3113,0.316721,13.9638,0.0182289
28,128,5,1000,4,7,1000,1,6272,3.54667,0.281884,3.23481,0.0187499
28,128,5,4096,1,24,4096,1,73728,203.05,0.432577,202.554,0.0406822
28,128,5,4096,2,13,4096,1,21632,51.1642,0.384487,50.7254,0.0384254
28,128,5,4096,4,7,4096,1,6272,12.7674,0.296004,12.421,0.0376733
28,128,7,100,1,22,100,1,61952,8.60854,0.414753,8.16705,0.0137728
28,128,7,100,2,12,100,1,18432,2.33626,0.311918,1.99882,0.0124997
28,128,7,100,4,7,100,1,6272,0.857226,0.272278,0.562553,0.0109373
28,128,7,500,1,22,500,1,61952,24.5706,0.465852,24.0727,0.0156828
28,128,7,500,2,12,500,1,18432,6.30688,0.314754,5.96383,0.0148148
28,128,7,500,4,7,500,1,6272,1.97087,0.281016,1.66584,0.0120947
28,128,7,1000,1,22,1000,1,61952,47.1439,0.446466,46.6603,0.021296
28,128,7,1000,2,12,1000,1,18432,12.2481,0.353237,11.8632,0.0179396
28,128,7,1000,4,7,1000,1,6272,3.65986,0.29936,3.33133,0.0174766
28,128,7,4096,1,22,4096,1,61952,180.776,0.442473,180.282,0.0371524
28,128,7,4096,2,12,4096,1,18432,41.3266,0.373781,40.8852,0.0378469
28,128,7,4096,4,7,4096,1,6272,12.9275,0.298608,12.5759,0.0397566
28,128,11,100,1,18,100,1,41472,5.88582,0.366142,5.4948,0.0130207
28,128,11,100,2,10,100,1,12800,1.66069,0.299939,1.33593,0.0124999
28,128,11,100,4,6,100,1,4608,0.714345,0.226676,0.458965,0.0164932
28,128,11,500,1,18,500,1,41472,16.7776,0.381015,16.368,0.014757
28,128,11,500,2,10,500,1,12800,4.06686,0.299534,3.7425,0.0140046
28,128,11,500,4,6,500,1,4608,1.4251,0.261051,1.13986,0.0131941
28,128,11,1000,1,18,1000,1,41472,32.1752,0.394325,31.7402,0.0268517
28,128,11,1000,2,10,1000,1,12800,8.52683,0.30561,8.19124,0.0184602
28,128,11,1000,4,6,1000,1,4608,2.34309,0.276502,2.03829,0.0169556
28,128,11,4096,1,18,4096,1,41472,120.938,0.436107,120.442,0.0453121
28,128,11,4096,2,10,4096,1,12800,27.9678,0.329627,27.584,0.0388307
28,128,11,4096,4,6,4096,1,4608,7.83558,0.296583,7.4876,0.0368632
28,192,1,100,1,28,100,1,150528,20.7293,0.603698,20.0985,0.0141781
28,192,1,100,2,15,100,1,43200,5.36986,0.362844,4.98317,0.0125576
28,192,1,100,4,8,100,1,12288,1.53708,0.29693,1.21654,0.0120371
28,192,1,500,1,28,500,1,150528,59.1012,0.610122,58.4612,0.0162614
28,192,1,500,2,15,500,1,43200,15.0434,0.375923,14.6379,0.0157987
28,192,1,500,4,8,500,1,12288,3.83092,0.305321,3.49707,0.0152776
28,192,1,1000,1,28,1000,1,150528,117.884,0.701556,117.143,0.0210648
28,192,1,1000,2,15,1000,1,43200,29.2129,0.399823,28.7791,0.0192706
28,192,1,1000,4,8,1000,1,12288,7.11238,0.319615,6.76105,0.0181711
28,192,1,4096,2,15,4096,1,43200,103.325,0.416721,102.852,0.0412614
28,192,1,4096,4,8,4096,1,12288,27.1654,0.351617,26.7613,0.0379048
28,192,3,100,1,26,100,1,129792,18.0654,0.588363,17.45,0.0140623
28,192,3,100,2,14,100,1,37632,4.66876,0.388075,4.25256,0.0138306
28,192,3,100,4,8,100,1,12288,1.47956,0.299071,1.15647,0.0119211
28,192,3,500,1,26,500,1,129792,48.161,0.660584,47.4648,0.0173609
28,192,3,500,2,14,500,1,37632,13.0765,0.352254,12.6939,0.0159142
28,192,3,500,4,8,500,1,12288,3.73382,0.301502,3.4039,0.0153356
28,192,3,1000,1,26,1000,1,129792,100.583,0.666603,99.8695,0.0204859
28,192,3,1000,2,14,1000,1,37632,26.1055,0.353353,25.7176,0.0197916
28,192,3,1000,4,8,1000,1,12288,7.80722,0.37164,7.40427,0.0171873
28,192,3,4096,2,14,4096,1,37632,90.2572,0.397392,89.8044,0.0402197
28,192,3,4096,4,8,4096,1,12288,24.5289,0.317184,24.1596,0.0391779
28,192,5,100,1,24,100,1,110592,15.2597,0.517935,14.7153,0.0137151
28,192,5,100,2,13,100,1,32448,4.01605,0.329626,3.6587,0.0129049
28,192,5,100,4,7,100,1,9408,1.15873,0.291259,0.843627,0.0120372
28,192,5,500,1,24,500,1,110592,42.6033,0.513884,42.0592,0.016956
28,192,5,500,2,13,500,1,32448,10.5604,0.321988,10.2121,0.015104
28,192,5,500,4,7,500,1,9408,2.79916,0.273377,2.50206,0.0127892
28,192,5,1000,1,24,1000,1,110592,88.3865,0.583965,87.7666,0.0192708
28,192,5,1000,2,13,1000,1,32448,21.6076,0.332867,21.2453,0.0175344
28,192,5,1000,4,7,1000,1,9408,5.36859,0.307868,5.03109,0.0174188
28,192,5,4096,2,13,4096,1,32448,76.0259,0.392821,75.5752,0.0417821
28,192,5,4096,4,7,4096,1,9408,19.3407,0.30127,18.991,0.0366316
28,192,7,100,1,22,100,1,92928,12.8747,0.5129,12.3347,0.0144096
28,192,7,100,2,12,100,1,27648,3.31125,0.324361,2.96068,0.0130209
28,192,7,100,4,7,100,1,9408,1.13101,0.288018,0.819611,0.0116319
28,192,7,500,1,22,500,1,92928,36.4625,0.579219,35.8494,0.016898
28,192,7,500,2,12,500,1,27648,9.38313,0.324592,9.03151,0.0150461
28,192,7,500,4,7,500,1,9408,2.81143,0.291664,2.49089,0.0178818
28,192,7,1000,1,22,1000,1,92928,73.5095,0.591546,72.8838,0.0189814
28,192,7,1000,2,12,1000,1,27648,18.6168,0.321062,18.2649,0.019097
28,192,7,1000,4,7,1000,1,9408,5.53913,0.306247,5.20319,0.017824
28,192,7,4096,2,12,4096,1,27648,64.1955,0.341895,63.7994,0.0387147
28,192,7,4096,4,7,4096,1,9408,19.3421,0.348666,18.9395,0.0388884
28,192,11,100,1,18,100,1,62208,8.66601,0.449128,8.19171,0.0133679
28,192,11,100,2,10,100,1,19200,2.37023,0.308041,2.0376,0.0133101
28,192,11,100,4,6,100,1,6912,0.853233,0.247914,0.582807,0.0108217
28,192,11,500,1,18,500,1,62208,24.3118,0.458445,23.8231,0.0157407
28,192,11,500,2,10,500,1,19200,6.25909,0.358909,5.87234,0.0146988
28,192,11,500,4,6,500,1,6912,1.90126,0.151619,1.72498,0.0126737
28,192,11,1000,1,18,1000,1,62208,49.4653,0.500922,48.9301,0.0190391
28,192,11,1000,2,10,1000,1,19200,11.9498,0.372624,11.5453,0.0178239
28,192,11,1000,4,6,1000,1,6912,4.03879,0.290796,3.71767,0.0185184
28,192,11,4096,1,18,4096,1,62208,177.987,0.492588,177.443,0.0362266
28,192,11,4096,2,10,4096,1,19200,43.5812,0.342184,43.1865,0.0376731
28,192,11,4096,4,6,4096,1,6912,13.5089,0.293747,13.1662,0.0353584
28,256,1,100,1,28,100,1,200704,27.9372,0.776035,27.1327,0.0149303
28,256,1,100,2,15,100,1,57600,7.15341,0.410413,6.71389,0.0145252
28,256,1,100,4,8,100,1,16384,1.92626,0.311629,1.59038,0.0116896
28,256,1,500,1,28,500,1,200704,81.7416,0.831648,80.8767,0.0157408
28,256,1,500,2,15,500,1,57600,19.472,0.410239,19.0343,0.0148148
28,256,1,500,4,8,500,1,16384,5.09208,0.310414,4.75545,0.0148724
28,256,1,1000,1,28,1000,1,200704,156.595,0.785352,155.774,0.018692
28,256,1,1000,2,15,1000,1,57600,38.2992,0.463248,37.7994,0.0203121
28,256,1,1000,4,8,1000,1,16384,10.2912,0.371814,9.88747,0.0178239
28,256,1,4096,4,8,4096,1,16384,35.2841,0.322798,34.909,0.0392358
28,256,3,100,1,26,100,1,173056,23.9416,0.6971,23.217,0.014236
28,256,3,100,2,14,100,1,50176,6.11638,0.38524,5.70221,0.014294
28,256,3,100,4,8,100,1,16384,1.95143,0.309488,1.61619,0.0123262
28,256,3,500,1,26,500,1,173056,68.3105,0.69982,67.5783,0.0158563
28,256,3,500,2,14,500,1,50176,17.064,0.38333,16.6515,0.0152196
28,256,3,500,4,8,500,1,16384,5.1231,0.311282,4.78497,0.0148148
28,256,3,1000,1,26,1000,1,173056,135.898,0.778581,135.073,0.0279513
28,256,3,1000,2,14,1000,1,50176,34.8118,0.432693,34.3382,0.018634
28,256,3,1000,4,8,1000,1,16384,10.3228,0.316664,9.97063,0.0211226
28,256,3,4096,4,8,4096,1,16384,36.3775,0.364522,35.9592,0.0380206
28,256,5,100,1,24,100,1,147456,20.765,0.607807,20.1298,0.0138311
28,256,5,100,2,13,100,1,43264,5.25505,0.343226,4.88694,0.0130788
28,256,5,100,4,7,100,1,12544,1.48164,0.299245,1.15855,0.0125574
28,256,5,500,1,24,500,1,147456,56.6855,0.62835,56.0181,0.0239003
28,256,5,500,2,13,500,1,43264,14.8949,0.340043,14.5215,0.0157983
28,256,5,500,4,7,500,1,12544,3.77954,0.306768,3.44383,0.0154511
28,256,5,1000,1,24,1000,1,147456,115.793,0.650052,115.108,0.0192128
28,256,5,1000,2,13,1000,1,43264,29.429,0.350807,29.0443,0.0194442
28,256,5,1000,4,7,1000,1,12544,7.61926,0.321236,7.26463,0.0188079
28,256,5,4096,4,7,4096,1,12544,26.6668,0.353643,26.2611,0.037268
28,256,7,100,1,22,100,1,123904,17.6122,0.599184,16.9852,0.0142361
28,256,7,100,2,12,100,1,36864,4.33567,0.338191,3.97282,0.0129629
28,256,7,100,4,7,100,1,12544,1.49269,0.299997,1.16851,0.0120948
28,256,7,500,1,22,500,1,123904,48.5396,0.695422,47.8097,0.0160299
28,256,7,500,2,12,500,1,36864,12.565,0.393573,12.1414,0.0157408
28,256,7,500,4,7,500,1,12544,3.80703,0.302312,3.47914,0.013831
28,256,7,1000,1,22,1000,1,123904,95.4888,0.624589,94.8294,0.0200807
28,256,7,1000,2,12,1000,1,36864,25.5493,0.368862,25.1486,0.0182872
28,256,7,1000,4,7,1000,1,12544,7.58118,0.314986,7.23599,0.0183447
28,256,7,4096,2,12,4096,1,36864,86.8176,0.392531,86.3716,0.0390043
28,256,7,4096,4,7,4096,1,12544,27.1008,0.320773,26.7287,0.0368632
28,256,11,100,1,18,100,1,82944,11.647,0.518514,11.102,0.0136573
28,256,11,100,2,10,100,1,25600,3.05246,0.331305,2.69488,0.0126158
28,256,11,100,4,6,100,1,9216,1.07568,0.284199,0.766718,0.0121526
28,256,11,500,1,18,500,1,82944,32.6424,0.551268,32.059,0.0163193
28,256,11,500,2,10,500,1,25600,8.46566,0.347567,8.0883,0.0155669
28,256,11,500,4,6,500,1,9216,2.76907,0.285588,2.45218,0.014236
28,256,11,1000,1,18,1000,1,82944,63.304,0.544961,62.7236,0.0207171
28,256,11,1000,2,10,1000,1,25600,17.0501,0.334546,16.6847,0.0176504
28,256,11,1000,4,6,1000,1,9216,5.19781,0.290796,4.8775,0.017766
28,256,11,4096,4,6,4096,1,9216,18.4857,0.349997,18.0848,0.035995
56,32,1,100,1,56,100,1,100352,13.9005,0.441373,13.4318,0.0141203
56,32,1,100,2,29,100,1,26912,3.64783,0.321409,3.30136,0.0122107
56,32,1,100,4,15,100,1,7200,1.05537,0.266491,0.764866,0.012037
56,32,1,500,1,56,500,1,100352,38.9652,0.445193,38.4868,0.0174767
56,32,1,500,2,29,500,1,26912,10.2194,0.320367,9.87231,0.0153934
56,32,1,500,4,15,500,1,7200,2.48476,0.277833,2.17938,0.0129051
56,32,1,1000,1,56,1000,1,100352,80.0923,0.456072,79.6026,0.0179396
56,32,1,1000,2,29,1000,1,26912,20.0621,0.329627,19.6999,0.0185763
56,32,1,1000,4,15,1000,1,7200,4.95395,0.290101,4.63416,0.0180556
56,32,1,4096,4,15,4096,1,7200,17.4515,0.30156,17.1003,0.0355903
56,32,3,100,1,54,100,1,93312,12.6719,0.444961,12.2,0.0141783
56,32,3,100,2,28,100,1,25088,3.41201,0.319731,3.06635,0.0126737
56,32,3,100,4,15,100,1,7200,1.08685,0.272799,0.789692,0.0121528
56,32,3,500,1,54,500,1,93312,37.3029,0.491894,36.7796,0.0154513
56,32,3,500,2,28,500,1,25088,9.43059,0.365159,9.03626,0.0148726
56,32,3,500,4,15,500,1,7200,2.4674,0.27818,2.16589,0.0125578
56,32,3,1000,1,54,1000,1,93312,72.7169,0.500401,72.1801,0.0193286
56,32,3,1000,2,28,1000,1,25088,18.6395,0.328296,18.2815,0.0184606
56,32,3,1000,4,15,1000,1,7200,4.84434,0.297914,4.51055,0.0241316
56,32,3,4096,4,15,4096,1,7200,16.82,0.298435,16.4689,0.0406827
56,32,5,100,1,52,100,1,86528,12.0363,0.407519,11.6023,0.0138888
56,32,5,100,2,27,100,1,23328,3.17856,0.317242,2.83655,0.013252
56,32,5,100,4,14,100,1,6272,0.947214,0.267185,0.656302,0.0119211
56,32,5,500,1,52,500,1,86528,32.998,0.489174,32.4748,0.0168978
56,32,5,500,2,27,500,1,23328,8.4185,0.315507,8.07574,0.0154513
56,32,5,500,4,14,500,1,6272,2.22382,0.279107,1.92076,0.0130784
56,32,5,1000,1,52,1000,1,86528,67.4822,0.477658,66.9667,0.020428
56,32,5,1000,2,27,1000,1,23328,16.824,0.323319,16.4691,0.0192131
56,32,5,1000,4,14,1000,1,6272,4.13052,0.293574,3.80737,0.0177661
56,32,5,4096,4,14,4096,1,6272,14.9707,0.307983,14.6101,0.037789
56,32,7,100,1,50,100,1,80000,10.9576,0.400517,10.5326,0.0125579
56,32,7,100,2,26,100,1,21632,2.95414,0.321757,2.60767,0.0123262
56,32,7,100,4,14,100,1,6272,0.958151,0.282,0.653177,0.0111691
56,32,7,500,1,50,500,1,80000,31.9361,0.456651,31.4486,0.0159142
56,32,7,500,2,26,500,1,21632,8.14559,0.378237,7.73784,0.0153933
56,32,7,500,4,14,500,1,6272,2.22047,0.279048,1.91775,0.0130783
56,32,7,1000,1,50,1000,1,80000,62.5305,0.413538,62.0799,0.0210646
56,32,7,1000,2,26,1000,1,21632,15.7141,0.322335,15.3618,0.017766
56,32,7,1000,4,14,1000,1,6272,4.19244,0.291201,3.87201,0.0179398
56,32,7,4096,4,14,4096,1,6272,15.0302,0.35017,14.629,0.0366319
56,32,11,100,1,46,100,1,67712,9.13366,0.382578,8.72469,0.0141783
56,32,11,100,2,24,100,1,18432,2.5428,0.313365,2.20299,0.0130786
56,32,11,100,4,13,100,1,5408,0.847099,0.261456,0.562148,0.0111109
56,32,11,500,1,46,500,1,67712,25.6423,0.391432,25.2196,0.0170717
56,32,11,500,2,24,500,1,18432,6.46522,0.309025,6.12934,0.015104
56,32,11,500,4,13,500,1,5408,1.92903,0.264639,1.64003,0.0131943
56,32,11,1000,1,46,1000,1,67712,50.9312,0.462785,50.432,0.0200808
56,32,11,1000,2,24,1000,1,18432,13.078,0.319789,12.7281,0.01875
56,32,11,1000,4,13,1000,1,5408,3.78787,0.307463,3.44881,0.0181132
56,32,11,4096,1,46,4096,1,67712,182.263,0.415043,181.791,0.041782
56,32,11,4096,2,24,4096,1,18432,47.5329,0.372508,47.1057,0.039525
56,32,11,4096,4,13,4096,1,5408,12.7034,0.318747,12.324,0.0461224
56,64,1,100,1,56,100,1,200704,27.5171,0.6732,26.8122,0.0148147
56,64,1,100,2,29,100,1,53824,7.06018,0.380437,6.65139,0.0140044
56,64,1,100,4,15,100,1,14400,2.01364,0.296872,1.69113,0.0128472
56,64,1,500,1,56,500,1,200704,79.1094,0.648548,78.4278,0.0154513
56,64,1,500,2,29,500,1,53824,19.1949,0.380437,18.7846,0.01603
56,64,1,500,4,15,500,1,14400,5.03138,0.30046,4.70418,0.0149882
56,64,1,1000,1,56,1000,1,200704,156.004,0.642124,155.324,0.0206017
56,64,1,1000,2,29,1000,1,53824,38.7795,0.42517,38.3177,0.0204862
56,64,1,1000,4,15,1000,1,14400,10.1059,0.321467,9.75124,0.0189234
56,64,1,4096,4,15,4096,1,14400,36.3328,0.333562,35.9493,0.0359373
56,64,3,100,1,54,100,1,186624,25.3012,0.600921,24.6727,0.0141202
56,64,3,100,2,28,100,1,50176,6.40573,0.365737,6.01441,0.0140624
56,64,3,100,4,15,100,1,14400,1.98679,0.31134,1.65068,0.0120947
56,64,3,500,1,54,500,1,186624,70.0279,0.606418,69.3868,0.0172451
56,64,3,500,2,28,500,1,50176,18.4254,0.367126,18.0301,0.0152778
56,64,3,500,4,15,500,1,14400,5.15968,0.314349,4.81651,0.0149882
56,64,3,1000,1,54,1000,1,186624,145.797,0.640619,145.121,0.0200811
56,64,3,1000,2,28,1000,1,50176,35.6236,0.427658,35.1602,0.0197337
56,64,3,1000,4,15,1000,1,14400,10.0495,0.349129,9.66901,0.0176502
56,64,3,4096,4,15,4096,1,14400,36.4119,0.364291,35.9951,0.0379624
56,64,5,100,1,52,100,1,173056,23.6835,0.547159,23.1097,0.0138312
56,64,5,100,2,27,100,1,46656,6.12211,0.369557,5.72703,0.0135416
56,64,5,100,4,14,100,1,12544,1.72608,0.289697,1.41133,0.0124421
56,64,5,500,1,52,500,1,173056,67.3864,0.621522,66.7299,0.0164351
56,64,5,500,2,27,500,1,46656,17.2189,0.359487,16.8317,0.0149886
56,64,5,500,4,14,500,1,12544,4.25355,0.291259,3.93602,0.0148149
56,64,5,1000,1,52,1000,1,173056,136.823,0.595828,136.189,0.0210068
56,64,5,1000,2,27,1000,1,46656,33.945,0.406767,33.5034,0.0198496
56,64,5,1000,4,14,1000,1,12544,8.83019,0.303528,8.49761,0.0174766
56,64,5,4096,4,14,4096,1,12544,30.235,0.396987,29.7855,0.0376734
56,64,7,100,1,50,100,1,160000,21.5578,0.546581,20.9805,0.0141199
56,64,7,100,2,26,100,1,43264,5.61563,0.374939,5.21321,0.0135996
56,64,7,100,4,14,100,1,12544,1.74831,0.29068,1.43222,0.012037
56,64,7,500,1,50,500,1,160000,59.7787,0.513074,59.2335,0.0182291
56,64,7,500,2,26,500,1,43264,15.6751,0.376848,15.2691,0.0152197
56,64,7,500,4,14,500,1,12544,4.34198,0.299419,4.01669,0.0145251
56,64,7,1000,1,50,1000,1,160000,123.292,0.562205,122.692,0.0205438
56,64,7,1000,2,26,1000,1,43264,31.7236,0.413827,31.2765,0.0189237
56,64,7,1000,4,14,1000,1,12544,8.61943,0.343342,8.24321,0.0186921
56,64,7,4096,4,14,4096,1,12544,31.2326,0.306884,30.877,0.0365159
56,64,11,100,1,46,100,1,135424,18.3207,0.515621,17.7787,0.0133099
56,64,11,100,2,24,100,1,36864,4.78132,0.338076,4.41304,0.019155
56,64,11,100,4,13,100,1,10816,1.4589,0.290275,1.13871,0.0116318
56,64,11,500,1,46,500,1,135424,51.5108,0.508965,50.972,0.0162034
56,64,11,500,2,24,500,1,36864,13.0943,0.399823,12.6639,0.0159721
56,64,11,500,4,13,500,1,10816,3.81629,0.299361,3.48996,0.0151042
56,64,11,1000,1,46,1000,1,135424,105.481,0.563479,104.88,0.0200809
56,64,11,1000,2,24,1000,1,36864,27.4325,0.382635,27.0146,0.0200229
56,64,11,1000,4,13,1000,1,10816,7.51266,0.3059,7.17823,0.0168983
56,64,11,4096,4,13,4096,1,10816,26.9502,0.353469,26.5476,0.0354163
56,92,1,100,1,56,100,1,288512,39.6039,0.746637,38.8303,0.0141204
56,92,1,100,2,29,100,1,77372,9.591,0.429452,9.1347,0.0135417
56,92,1,100,4,15,100,1,20700,2.67428,0.32384,2.32428,0.0137151
56,92,1,500,1,56,500,1,288512,109.431,0.722331,108.674,0.0175927
56,92,1,500,2,29,500,1,77372,29.371,0.482808,28.8571,0.016088
56,92,1,500,4,15,500,1,20700,6.71354,0.350055,6.33542,0.0142938
56,92,1,1000,1,56,1000,1,288512,224.865,0.792065,224.036,0.0198496
56,92,1,1000,2,29,1000,1,77372,57.3036,0.4651,56.8042,0.0184604
56,92,1,1000,4,15,1000,1,20700,13.9306,0.372392,13.5234,0.0199072
56,92,1,4096,4,15,4096,1,20700,50.8415,0.360356,50.4276,0.0384256
56,92,3,100,1,54,100,1,268272,36.5284,0.750341,35.749,0.0153932
56,92,3,100,2,28,100,1,72128,9.33736,0.420135,8.88985,0.0143517
56,92,3,100,4,15,100,1,20700,2.61028,0.315854,2.26931,0.0124999
56,92,3,500,1,54,500,1,268272,101.998,0.803581,101.154,0.0189814
56,92,3,500,2,28,500,1,72128,26.1967,0.448665,25.7163,0.016493
56,92,3,500,4,15,500,1,20700,7.31105,0.314233,6.97008,0.0148727
56,92,3,1000,1,54,1000,1,268272,201.764,0.796173,200.931,0.0198492
56,92,3,1000,2,28,1000,1,72128,53.1697,0.455667,52.6807,0.0188077
56,92,3,1000,4,15,1000,1,20700,14.2652,0.324939,13.9088,0.0174767
56,92,3,4096,4,15,4096,1,20700,50.0049,0.377716,49.5724,0.0396409
56,92,5,100,1,52,100,1,248768,34.0725,0.6607,33.383,0.0152198
56,92,5,100,2,27,100,1,67068,8.44246,0.409198,8.00786,0.0135417
56,92,5,100,4,14,100,1,18032,2.25392,0.26244,1.96833,0.0120371
56,92,5,500,1,52,500,1,248768,94.0739,0.710642,93.3268,0.0180553
56,92,5,500,2,27,500,1,67068,24.5564,0.416721,24.1103,0.0149307
56,92,5,500,4,14,500,1,18032,6.13629,0.312844,5.79677,0.0149303
56,92,5,1000,1,52,1000,1,248768,187.278,0.716949,186.524,0.0194441
56,92,5,1000,2,27,1000,1,67068,49.2493,0.467067,48.7483,0.0184604
56,92,5,1000,4,14,1000,1,18032,12.441,0.367532,12.0417,0.017766
56,92,5,4096,2,27,4096,1,67068,167.17,0.480667,166.632,0.0412033
56,92,5,4096,4,14,4096,1,18032,43.5618,0.368805,43.1388,0.0391779
56,92,7,100,1,50,100,1,230000,30.9434,0.669496,30.2433,0.0144097
56,92,7,100,2,26,100,1,62192,7.76781,0.407809,7.33552,0.0133101
56,92,7,100,4,14,100,1,18032,2.34894,0.308215,2.01566,0.0124419
56,92,7,500,1,50,500,1,230000,86.4683,0.686684,85.7456,0.0174187
56,92,7,500,2,26,500,1,62192,22.7716,0.414985,22.3263,0.0152776
56,92,7,500,4,14,500,1,18032,6.24219,0.311976,5.90452,0.0141783
56,92,7,1000,1,50,1000,1,230000,172.585,0.655781,171.892,0.0201387
56,92,7,1000,2,26,1000,1,62192,45.4273,0.475516,44.9168,0.019155
56,92,7,1000,4,14,1000,1,18032,12.3371,0.314754,11.9921,0.0184604
56,92,7,4096,2,26,4096,1,62192,157.672,0.478526,157.137,0.0395828
56,92,7,4096,4,14,4096,1,18032,42.9761,0.362034,42.5585,0.0397563
56,92,11,100,1,46,100,1,194672,26.7028,0.693975,25.976,0.0148147
56,92,11,100,2,24,100,1,52992,6.69311,0.372045,6.29352,0.0147568
56,92,11,100,4,13,100,1,15548,2.02712,0.29803,1.70444,0.0131364
56,92,11,500,1,46,500,1,194672,72.9967,0.709484,72.2502,0.017882
56,92,11,500,2,24,500,1,52992,18.7325,0.369904,18.3291,0.0208909
56,92,11,500,4,13,500,1,15548,5.17738,0.303296,4.84851,0.0138887
56,92,11,1000,1,46,1000,1,194672,149.093,0.667934,148.385,0.0223378
56,92,11,1000,2,24,1000,1,52992,36.8058,0.43576,36.3321,0.0213541
56,92,11,1000,4,13,1000,1,15548,10.6795,0.320136,10.3275,0.0179394
56,92,11,4096,2,24,4096,1,52992,133.122,0.438422,132.628,0.0398721
56,92,11,4096,4,13,4096,1,15548,35.8677,0.323608,35.4804,0.048437
56,128,1,100,1,56,100,1,401408,54.9971,0.936334,54.0297,0.015104
56,128,1,100,2,29,100,1,107648,13.725,0.513074,13.1826,0.0138308
56,128,1,100,4,15,100,1,28800,3.60118,0.32627,3.25038,0.0127894
56,128,1,500,1,56,500,1,401408,156.721,0.859657,155.831,0.0166084
56,128,1,500,2,29,500,1,107648,40.0939,0.554972,39.5064,0.016493
56,128,1,500,4,15,500,1,28800,10.2883,0.358041,9.90171,0.0149303
56,128,1,1000,2,29,1000,1,107648,80.3345,0.511975,79.7881,0.0188077
56,128,1,1000,4,15,1000,1,28800,20.2135,0.339754,19.8395,0.0195602
56,128,1,4096,4,15,4096,1,28800,69.4497,0.404568,68.991,0.0387728
56,128,3,100,1,54,100,1,373248,51.7097,0.969031,50.7093,0.0152777
56,128,3,100,2,28,100,1,100352,12.5407,0.498664,12.0146,0.014236
56,128,3,100,4,15,100,1,28800,3.56027,0.333851,3.20061,0.0125578
56,128,3,500,1,54,500,1,373248,142.258,0.93483,141.29,0.0176503
56,128,3,500,2,28,500,1,100352,36.8598,0.562669,36.2655,0.0157406
56,128,3,500,4,15,500,1,28800,10.097,0.332289,9.73637,0.014236
56,128,3,1000,2,28,1000,1,100352,72.6239,0.562553,72.0157,0.0204857
56,128,3,1000,4,15,1000,1,28800,19.7676,0.327949,19.4086,0.0186919
56,128,3,4096,4,15,4096,1,28800,69.6831,0.402774,69.2228,0.0416084
56,128,5,100,1,52,100,1,346112,46.7867,0.753002,46.0055,0.0148727
56,128,5,100,2,27,100,1,93312,12.0473,0.482403,11.5388,0.013773
56,128,5,100,4,14,100,1,25088,3.19661,0.375981,2.79517,0.0126734
56,128,5,500,1,52,500,1,346112,138.323,0.798893,137.494,0.0163194
56,128,5,500,2,27,500,1,93312,34.479,0.529567,33.9165,0.0167244
56,128,5,500,4,14,500,1,25088,8.46092,0.325576,8.1089,0.0149302
56,128,5,1000,2,27,1000,1,93312,69.5176,0.536454,68.9461,0.0192128
56,128,5,1000,4,14,1000,1,25088,16.738,0.328354,16.3794,0.0179973
56,128,5,4096,4,14,4096,1,25088,61.6258,0.344673,61.2258,0.0359372
56,128,7,100,1,50,100,1,320000,44.0745,0.862029,43.1798,0.0148146
56,128,7,100,2,26,100,1,86528,10.8661,0.526211,10.3118,0.0140044
56,128,7,100,4,14,100,1,25088,3.23197,0.31377,2.89234,0.0128471
56,128,7,500,1,50,500,1,320000,125.963,0.76938,125.158,0.0171296
56,128,7,500,2,26,500,1,86528,31.6181,0.468398,31.1207,0.0163772
56,128,7,500,4,14,500,1,25088,8.31908,0.33362,7.95965,0.013831
56,128,7,1000,2,26,1000,1,86528,61.3953,0.5151,60.8364,0.0276617
56,128,7,1000,4,14,1000,1,25088,16.7399,0.318168,16.39,0.0195022
56,128,7,4096,4,14,4096,1,25088,60.6588,0.379511,60.2267,0.0381363
56,128,11,100,1,46,100,1,270848,36.6114,0.794264,35.7847,0.0149883
56,128,11,100,2,24,100,1,73728,9.29847,0.480609,8.78806,0.0145253
56,128,11,100,4,13,100,1,21632,2.7682,0.31458,2.42764,0.0122104
56,128,11,500,1,46,500,1,270848,104.149,0.766891,103.348,0.0163193
56,128,11,500,2,24,500,1,73728,25.8819,0.425112,25.427,0.0168981
56,128,11,500,4,13,500,1,21632,7.27812,0.32193,6.92656,0.0156249
56,128,11,1000,1,46,1000,1,270848,212.844,0.797099,212.009,0.020312
56,128,11,1000,2,24,1000,1,73728,51.2983,0.476906,50.7853,0.0200228
56,128,11,1000,4,13,1000,1,21632,14.7187,0.364464,14.3213,0.0185762
56,128,11,4096,2,24,4096,1,73728,183.334,0.46047,182.815,0.0435184
56,128,11,4096,4,13,4096,1,21632,51.3523,0.363538,50.9335,0.039583
56,192,1,100,1,56,100,1,602112,81.2528,1.27534,79.9444,0.0155669
56,192,1,100,2,29,100,1,161472,20.8584,0.620596,20.211,0.0137729
56,192,1,100,4,15,100,1,43200,5.29521,0.360414,4.90864,0.0128473
56,192,1,500,1,56,500,1,602112,231.053,1.28784,229.727,0.022685
56,192,1,500,2,29,500,1,161472,58.4808,0.697274,57.7471,0.0179974
56,192,1,500,4,15,500,1,43200,15.1162,0.372913,14.7132,0.0151619
56,192,1,1000,2,29,1000,1,161472,118.317,0.654566,117.626,0.0206594
56,192,1,1000,4,15,1000,1,43200,30.3462,0.370888,29.9419,0.0182868
56,192,1,4096,4,15,4096,1,43200,102.582,0.406246,102.111,0.0398722
56,192,3,100,1,54,100,1,559872,76.6727,1.35115,75.2896,0.0151619
56,192,3,100,2,28,100,1,150528,19.7437,0.638999,19.0782,0.0134258
56,192,3,100,4,15,100,1,43200,5.28844,0.358215,4.90528,0.0135996
56,192,3,500,1,54,500,1,559872,211.238,1.2802,209.919,0.0189811
56,192,3,500,2,28,500,1,150528,53.2491,0.655897,52.5601,0.0163772
56,192,3,500,4,15,500,1,43200,15.0751,0.360992,14.6866,0.0148724
56,192,3,1000,2,28,1000,1,150528,110.504,0.70526,109.762,0.0197916
56,192,3,1000,4,15,1000,1,43200,29.5542,0.41539,29.0938,0.0302082
56,192,3,4096,4,15,4096,1,43200,104.59,0.394962,104.14,0.038715
56,192,5,100,1,52,100,1,519168,71.2034,1.05659,70.1174,0.0157984
56,192,5,100,2,27,100,1,139968,17.8127,0.597506,17.1882,0.0139467
56,192,5,100,4,14,100,1,37632,4.61501,0.360066,4.2271,0.0135992
56,192,5,500,1,52,500,1,519168,201.467,1.12273,200.31,0.0169558
56,192,5,500,2,27,500,1,139968,49.7034,0.657633,49.011,0.0167826
56,192,5,500,4,14,500,1,37632,12.9753,0.387439,12.5572,0.0164929
56,192,5,1000,2,27,1000,1,139968,101.077,0.646754,100.393,0.020891
56,192,5,1000,4,14,1000,1,37632,25.7001,0.399707,25.2671,0.0183448
56,192,5,4096,4,14,4096,1,37632,88.6898,0.397161,88.2338,0.0425922
56,192,7,100,1,50,100,1,480000,64.5041,0.967931,63.5075,0.0149883
56,192,7,100,2,26,100,1,129792,16.5533,0.674878,15.8465,0.0140624
56,192,7,100,4,14,100,1,37632,4.61286,0.352485,4.23393,0.0130203
56,192,7,500,1,50,500,1,480000,180.597,0.965153,179.596,0.0175924
56,192,7,500,2,26,500,1,129792,47.5517,0.607576,46.9121,0.0160301
56,192,7,500,4,14,500,1,37632,13.0994,0.349534,12.7209,0.0153934
56,192,7,1000,2,26,1000,1,129792,90.8604,0.622448,90.1995,0.0210069
56,192,7,1000,4,14,1000,1,37632,25.2264,0.404452,24.788,0.0191551
56,192,7,4096,4,14,4096,1,37632,87.6757,0.41157,87.2074,0.0409719
56,192,11,100,1,46,100,1,406272,55.4021,0.938186,54.433,0.0144673
56,192,11,100,2,24,100,1,110592,13.7866,0.549474,13.2073,0.0136573
56,192,11,100,4,13,100,1,32448,3.89626,0.326097,3.54308,0.0130208
56,192,11,500,1,46,500,1,406272,153.22,0.949355,152.237,0.0168978
56,192,11,500,2,24,500,1,110592,38.6569,0.552657,38.0714,0.0169557
56,192,11,500,4,13,500,1,32448,11.1135,0.339465,10.7453,0.0153934
56,192,11,1000,2,24,1000,1,110592,77.5462,0.608328,76.8993,0.0213541
56,192,11,1000,4,13,1000,1,32448,21.9143,0.323377,21.5612,0.0178817
56,192,11,4096,4,13,4096,1,32448,79.8307,0.367994,79.4106,0.0381361
56,256,1,100,1,56,100,1,802816,109.573,1.53992,108.002,0.0149883
56,256,1,100,2,29,100,1,215296,27.4375,0.745653,26.6605,0.0149881
56,256,1,100,4,15,100,1,57600,7.12523,0.452947,6.64294,0.0141203
56,256,1,500,2,29,500,1,215296,79.3399,0.788766,78.518,0.0156827
56,256,1,500,4,15,500,1,57600,20.3837,0.410586,19.9439,0.014699
56,256,1,1000,2,29,1000,1,215296,157.733,0.768338,156.928,0.0195599
56,256,1,1000,4,15,1000,1,57600,38.2695,0.473954,37.76,0.0200809
56,256,1,4096,4,15,4096,1,57600,136.448,0.475112,135.917,0.0398724
56,256,3,100,1,54,100,1,746496,103.752,1.61127,102.108,0.0156251
56,256,3,100,2,28,100,1,200704,25.4702,0.802423,24.6374,0.0136572
56,256,3,100,4,15,100,1,57600,7.07852,0.403874,6.64861,0.0139466
56,256,3,500,2,28,500,1,200704,70.5512,0.764577,69.7506,0.0182868
56,256,3,500,4,15,500,1,57600,20.4064,0.402716,19.9754,0.0144096
56,256,3,1000,2,28,1000,1,200704,146.625,0.757748,145.828,0.0212961
56,256,3,1000,4,15,1000,1,57600,39.2904,0.479625,38.7755,0.019155
56,256,3,4096,4,15,4096,1,57600,136.563,0.442936,136.066,0.0385411
56,256,5,100,1,52,100,1,692224,95.559,1.32221,94.2063,0.0152197
56,256,5,100,2,27,100,1,186624,23.7492,0.702771,23.015,0.015104
56,256,5,100,4,14,100,1,50176,6.05596,0.376038,5.65493,0.01331
56,256,5,500,2,27,500,1,186624,68.9528,0.718454,68.2025,0.0156827
56,256,5,500,4,14,500,1,50176,17.081,0.391258,16.6591,0.0157408
56,256,5,1000,2,27,1000,1,186624,136.731,0.73732,135.958,0.0186921
56,256,5,1000,4,14,1000,1,50176,33.1191,0.424012,32.6583,0.0214119
56,256,5,4096,4,14,4096,1,50176,119.129,0.439522,118.634,0.039583
56,256,7,100,1,50,100,1,640000,88.4515,1.27649,87.142,0.0155092
56,256,7,100,2,26,100,1,173056,22.4975,0.703813,21.764,0.0148728
56,256,7,100,4,14,100,1,50176,6.06401,0.383793,5.65307,0.0133678
56,256,7,500,2,26,500,1,173056,61.2104,0.760294,60.4135,0.0181133
56,256,7,500,4,14,500,1,50176,17.5908,0.436455,17.1244,0.0152777
56,256,7,1000,2,26,1000,1,173056,126.098,0.755954,125.305,0.0199072
56,256,7,1000,4,14,1000,1,50176,33.0729,0.449764,32.5874,0.0201966
56,256,7,4096,4,14,4096,1,50176,118.888,0.434313,118.399,0.0390622
56,256,11,100,1,46,100,1,541696,72.9316,1.14524,71.7554,0.014294
56,256,11,100,2,24,100,1,147456,18.9524,0.686915,18.2359,0.0136573
56,256,11,100,4,13,100,1,43264,5.21882,0.341721,4.85221,0.0135992
56,256,11,500,1,46,500,1,541696,212.304,1.13002,211.144,0.0167824
56,256,11,500,2,24,500,1,147456,51.7962,0.696001,51.0642,0.0174769
56,256,11,500,4,13,500,1,43264,14.8395,0.348492,14.4628,0.0142361
56,256,11,1000,2,24,1000,1,147456,105.663,0.644323,104.982,0.0206019
56,256,11,1000,4,13,1000,1,43264,28.7246,0.385818,28.3054,0.0190971
56,256,11,4096,4,13,4096,1,43264,106.519,0.377543,106.088,0.0381364
112,32,1,100,1,112,100,1,401408,55.2232,0.757169,54.4332,0.0153357
112,32,1,100,2,57,100,1,103968,13.4898,0.43657,13.0273,0.0134837
112,32,1,100,4,29,100,1,26912,3.56056,0.325518,3.20877,0.0122684
112,32,1,500,1,112,500,1,401408,154.115,0.763593,153.316,0.0168401
112,32,1,500,2,57,500,1,103968,38.5579,0.444498,38.0832,0.0153934
112,32,1,500,4,29,500,1,26912,9.491,0.337613,9.12527,0.0145254
112,32,1,1000,2,57,1000,1,103968,76.025,0.488537,75.4984,0.0204281
112,32,1,1000,4,29,1000,1,26912,19.3917,0.324013,19.0379,0.0180553
112,32,1,4096,4,29,4096,1,26912,69.7814,0.384777,69.3413,0.0394671
112,32,3,100,1,110,100,1,387200,53.4526,0.8335,52.5906,0.0146989
112,32,3,100,2,56,100,1,100352,13.1872,0.458503,12.6944,0.0144099
112,32,3,100,4,29,100,1,26912,3.60917,0.328816,3.25472,0.0124998
112,32,3,500,1,110,500,1,387200,150.447,0.86093,149.551,0.0171292
112,32,3,500,2,56,500,1,100352,37.099,0.50778,36.5557,0.0174717
112,32,3,500,4,29,500,1,26912,9.95466,0.318196,9.60604,0.0165462
112,32,3,1000,2,56,1000,1,100352,75.3877,0.444726,74.9106,0.0192076
112,32,3,1000,4,29,1000,1,26912,19.6066,0.336946,19.2364,0.019208
112,32,3,4096,4,29,4096,1,26912,70.7976,0.387226,70.3549,0.039573
112,32,5,100,1,108,100,1,373248,51.2714,0.913197,50.3243,0.0156789
112,32,5,100,2,55,100,1,96800,12.8522,0.496347,12.3249,0.0148692
112,32,5,100,4,28,100,1,25088,3.3748,0.325556,3.0257,0.0125549
112,32,5,500,1,108,500,1,373248,148.986,0.805538,148.147,0.0171833
112,32,5,500,2,55,500,1,96800,35.3265,0.484439,34.8104,0.0155639
112,32,5,500,4,28,500,1,25088,8.91056,0.335515,8.54548,0.015043
112,32,5,1000,2,55,1000,1,96800,71.0298,0.510017,70.4849,0.0190932
112,32,5,1000,4,28,1000,1,25088,18.5572,0.359762,18.1646,0.0183988
112,32,5,4096,4,28,4096,1,25088,64.7476,0.332687,64.363,0.0388811
112,32,7,100,1,106,100,1,359552,49.1708,0.870255,48.2732,0.0142332
112,32,7,100,2,54,100,1,93312,12.0473,0.42509,11.5945,0.0136548
112,32,7,100,4,28,100,1,25088,3.34633,0.324473,2.99374,0.0129024
112,32,7,500,1,106,500,1,359552,139.094,0.922626,138.137,0.0166057
112,32,7,500,2,54,500,1,93312,34.8785,0.467507,34.3779,0.0164324
112,32,7,500,4,28,500,1,25088,9.05283,0.324826,8.70075,0.0151017
112,32,7,1000,2,54,1000,1,93312,71.0187,0.483885,70.4989,0.020193
112,32,7,1000,4,28,1000,1,25088,18.5615,0.378234,18.1507,0.0182838
112,32,7,4096,4,28,4096,1,25088,66.4072,0.348322,66.0039,0.041255
112,32,11,100,1,102,100,1,332928,45.4564,0.874628,44.5484,0.0160852
112,32,11,100,2,52,100,1,86528,11.1464,0.419667,10.6972,0.0148123
112,32,11,100,4,27,100,1,23328,3.14863,0.318236,2.80522,0.0136556
112,32,11,500,1,102,500,1,332928,126.085,0.790387,125.258,0.0185734
112,32,11,500,2,52,500,1,86528,31.6867,0.425631,31.2312,0.0164908
112,32,11,500,4,27,500,1,23328,8.48793,0.331664,8.13046,0.0144077
112,32,11,1000,2,52,1000,1,86528,62.1378,0.419384,61.6849,0.020599
112,32,11,1000,4,27,1000,1,23328,17.1712,0.324434,16.8144,0.0185738
112,32,11,4096,4,27,4096,1,23328,58.8575,0.391845,58.4046,0.0464632
112,64,1,100,1,112,100,1,802816,109.332,1.24515,108.055,0.0152756
112,64,1,100,2,57,100,1,207936,27.6112,0.606171,26.977,0.0145813
112,64,1,100,4,29,100,1,53824,6.98289,0.367487,6.58965,0.0135978
112,64,1,500,2,57,500,1,207936,77.9077,0.670864,77.2029,0.0160282
112,64,1,500,4,29,500,1,53824,20.297,0.381666,19.8858,0.01516
112,64,1,1000,2,57,1000,1,207936,154.613,0.640144,153.935,0.0211202
112,64,1,1000,4,29,1000,1,53824,39.7995,0.422637,39.3439,0.0184004
112,64,1,4096,4,29,4096,1,53824,140.723,0.430219,140.236,0.0413148
112,64,3,100,1,110,100,1,774400,103.5,1.29188,102.174,0.0159127
112,64,3,100,2,56,100,1,200704,26.9031,0.638302,26.234,0.0154499
112,64,3,100,4,29,100,1,53824,7.00188,0.364777,6.60592,0.0134822
112,64,3,500,2,56,500,1,200704,75.1793,0.68095,74.4637,0.0167808
112,64,3,500,4,29,500,1,53824,19.805,0.420618,19.3538,0.015913
112,64,3,1000,2,56,1000,1,200704,148.945,0.679796,148.227,0.0212942
112,64,3,1000,4,29,1000,1,53824,38.6408,0.375428,38.2288,0.0231458
112,64,3,4096,4,29,4096,1,53824,136.475,0.418308,135.989,0.0513262
112,64,5,100,1,108,100,1,746496,101.796,1.38414,100.38,0.0152188
112,64,5,100,2,55,100,1,193600,25.2972,0.630213,24.6367,0.0143509
112,64,5,100,4,28,100,1,50176,6.50986,0.372248,6.11019,0.014177
112,64,5,500,2,55,500,1,193600,70.8398,0.678531,70.1285,0.0163182
112,64,5,500,4,28,500,1,50176,18.5249,0.369472,18.1281,0.0152188
112,64,5,1000,2,55,1000,1,193600,145.188,0.648328,144.501,0.0204267
112,64,5,1000,4,28,1000,1,50176,35.3203,0.418949,34.8648,0.0209477
112,64,5,4096,4,28,4096,1,50176,127.265,0.427745,126.774,0.0480867
112,64,7,100,1,106,100,1,719104,98.2485,1.46951,96.7457,0.0161447
112,64,7,100,2,54,100,1,186624,25.1041,0.608636,24.467,0.0145242
112,64,7,100,4,28,100,1,50176,6.40602,0.369881,6.01091,0.0131357
112,64,7,500,2,54,500,1,186624,68.747,0.625071,68.0866,0.0173601
112,64,7,500,4,28,500,1,50176,18.3253,0.368782,17.9295,0.0142928
112,64,7,1000,2,54,1000,1,186624,145.156,0.59776,144.523,0.0203113
112,64,7,1000,4,28,1000,1,50176,36.1312,0.415539,35.6817,0.0192116
112,64,7,4096,4,28,4096,1,50176,131.526,0.372429,131.104,0.0368036
112,64,11,100,1,102,100,1,665856,90.111,1.39615,88.682,0.0150452
112,64,11,100,2,52,100,1,173056,22.6422,0.589082,22.0216,0.014698
112,64,11,100,4,27,100,1,46656,5.91964,0.357847,5.53622,0.0137721
112,64,11,500,2,52,500,1,173056,62.7289,0.613329,62.0806,0.0173021
112,64,11,500,4,27,500,1,46656,16.8371,0.423874,16.3844,0.0148139
112,64,11,1000,2,52,1000,1,173056,126.551,0.622936,125.881,0.0290491
112,64,11,1000,4,27,1000,1,46656,34.6809,0.370174,34.2775,0.0190381
112,64,11,4096,4,27,4096,1,46656,120.596,0.415832,120.116,0.0390022
112,92,1,100,1,112,100,1,1154048,158.09,1.71604,156.341,0.0157398
112,92,1,100,2,57,100,1,298908,39.0817,0.751461,38.3025,0.0145247
112,92,1,100,4,29,100,1,77372,9.7742,0.445749,9.29813,0.014756
112,92,1,500,2,57,500,1,298908,109.259,0.780511,108.443,0.0168974
112,92,1,500,4,29,500,1,77372,27.7679,0.447428,27.2903,0.0148141
112,92,1,1000,2,57,1000,1,298908,220.948,0.819804,220.091,0.0199642
112,92,1,1000,4,29,1000,1,77372,54.9936,0.47318,54.4836,0.0203691
112,92,1,4096,4,29,4096,1,77372,197.03,0.478042,196.493,0.0415489
112,92,3,100,1,110,100,1,1113200,150.577,1.96772,148.576,0.0160871
112,92,3,100,2,56,100,1,288512,39.0746,0.840639,38.2018,0.0147561
112,92,3,100,4,29,100,1,77372,9.8327,0.43007,9.37584,0.013599
112,92,3,500,2,56,500,1,288512,104.742,0.817781,103.887,0.0190964
112,92,3,500,4,29,500,1,77372,28.1997,0.456053,27.7104,0.0169553
112,92,3,1000,2,56,1000,1,288512,212.027,0.799323,211.19,0.0197326
112,92,3,1000,4,29,1000,1,77372,54.1811,0.497545,53.6475,0.0190961
112,92,3,4096,4,29,4096,1,77372,194.155,0.475208,193.624,0.0390028
112,92,5,100,1,108,100,1,1073088,146.128,1.89105,144.204,0.0151616
112,92,5,100,2,55,100,1,278300,37.3809,0.817495,36.5321,0.0142356
112,92,5,100,4,28,100,1,72128,9.14926,0.423533,8.70027,0.0129046
112,92,5,500,2,55,500,1,278300,102.143,0.763157,101.345,0.0183441
112,92,5,500,4,28,500,1,72128,25.8309,0.432444,25.3686,0.0159714
112,92,5,1000,2,55,1000,1,278300,204.849,0.780055,204.023,0.0286444
112,92,5,1000,4,28,1000,1,72128,51.1235,0.492571,50.5951,0.0196171
112,92,5,4096,4,28,4096,1,72128,180.088,0.461421,179.572,0.0391801
112,92,7,100,1,106,100,1,1033712,139.368,2.10132,137.224,0.0157354
112,92,7,100,2,54,100,1,268272,35.5524,0.83411,34.6867,0.0141747
112,92,7,100,4,28,100,1,72128,9.23569,0.420157,8.78996,0.0135964
112,92,7,500,2,54,500,1,268272,98.7612,0.800031,97.9252,0.0178788
112,92,7,500,4,28,500,1,72128,26.5075,0.453058,26.0236,0.0159697
112,92,7,1000,2,54,1000,1,268272,200.04,0.816542,199.187,0.019714
112,92,7,1000,4,28,1000,1,72128,51.459,0.484708,50.9379,0.020155
112,92,7,4096,4,28,4096,1,72128,180.636,0.452635,180.128,0.0402331
112,92,11,100,1,102,100,1,957168,130.827,1.79443,129,0.0151029
112,92,11,100,2,52,100,1,248768,32.4453,0.769711,31.6439,0.0142936
112,92,11,100,4,27,100,1,67068,8.40268,0.434077,7.93943,0.0143514
112,92,11,500,2,52,500,1,248768,89.7479,0.775422,88.9362,0.0176508
112,92,11,500,4,27,500,1,67068,24.6174,0.421492,24.1655,0.0159733
112,92,11,1000,2,52,1000,1,248768,185.235,0.75858,184.438,0.0202566
112,92,11,1000,4,27,1000,1,67068,47.114,0.418279,46.6602,0.0201994
112,92,11,4096,4,27,4096,1,67068,167.354,0.482935,166.813,0.0409778
112,128,1,100,1,112,100,1,1605632,218.282,2.23857,216.01,0.0158008
112,128,1,100,2,57,100,1,415872,55.1984,1.00027,54.1652,0.0155053
112,128,1,100,4,29,100,1,107648,13.8108,0.486924,13.2966,0.0138857
112,128,1,500,2,57,500,1,415872,154.233,0.93619,153.264,0.0163166
112,128,1,500,4,29,500,1,107648,39.9976,0.500295,39.4649,0.015797
112,128,1,1000,4,29,1000,1,107648,78.3948,0.545799,77.8118,0.0206006
112,128,3,100,1,110,100,1,1548800,213.675,2.49504,211.148,0.0157403
112,128,3,100,2,56,100,1,401408,52.8041,1.09155,51.6783,0.0158566
112,128,3,100,4,29,100,1,107648,13.888,0.495606,13.3612,0.0145257
112,128,3,500,2,56,500,1,401408,150.818,0.96102,149.826,0.016725
112,128,3,500,4,29,500,1,107648,38.501,0.513621,37.9542,0.0175356
112,128,3,1000,4,29,1000,1,107648,76.0863,0.527053,75.5221,0.0201978
112,128,5,100,1,108,100,1,1492992,201.479,2.41671,199.03,0.0157419
112,128,5,100,2,55,100,1,387200,50.8452,0.940924,49.8728,0.0146421
112,128,5,100,4,28,100,1,100352,12.8094,0.52145,12.2586,0.0136583
112,128,5,500,2,55,500,1,387200,147.941,0.925362,146.984,0.0159154
112,128,5,500,4,28,500,1,100352,36.8347,0.55074,36.2528,0.0151633
112,128,5,1000,4,28,1000,1,100352,71.2973,0.521804,70.739,0.019562
112,128,7,100,1,106,100,1,1438208,194.48,2.68572,191.761,0.0158
112,128,7,100,2,54,100,1,373248,49.3684,0.971038,48.358,0.0220508
112,128,7,100,4,28,100,1,100352,12.657,0.514978,12.1123,0.0136588
112,128,7,500,2,54,500,1,373248,138.675,0.916058,137.728,0.0166106
112,128,7,500,4,28,500,1,100352,35.6012,0.545781,35.022,0.0164878
112,128,7,1000,4,28,1000,1,100352,70.2126,0.572892,69.5999,0.0221587
112,128,11,100,1,102,100,1,1331712,180.461,2.51745,177.91,0.0158537
112,128,11,100,2,52,100,1,346112,44.8282,0.846121,43.9508,0.0150442
112,128,11,100,4,27,100,1,93312,12.1223,0.475458,11.6205,0.0140028
112,128,11,500,2,52,500,1,346112,127.187,0.922245,126.228,0.0174751
112,128,11,500,4,27,500,1,93312,34.2271,0.464492,33.7354,0.0149876
112,128,11,1000,4,27,1000,1,93312,68.2022,0.475033,67.6931,0.0185753
112,192,1,100,1,112,100,1,2408448,324.711,3.19872,321.48,0.0156826
112,192,1,100,2,57,100,1,623808,81.869,1.21811,80.6181,0.0149883
112,192,1,100,4,29,100,1,161472,20.9912,0.705962,20.253,0.014294
112,192,1,500,2,57,500,1,623808,233.662,1.27623,232.352,0.0170142
112,192,1,500,4,29,500,1,161472,59.0733,0.697008,58.342,0.0167249
112,192,1,1000,4,29,1000,1,161472,119.041,0.647242,118.357,0.0196186
112,192,3,100,1,110,100,1,2323200,309.538,3.45041,306.055,0.0154518
112,192,3,100,2,56,100,1,602112,78.2261,1.33848,76.8554,0.0147576
112,192,3,100,4,29,100,1,161472,20.8824,0.599619,20.2553,0.0140053
112,192,3,500,2,56,500,1,602112,217.437,1.29988,216.103,0.0171876
112,192,3,500,4,29,500,1,161472,58.5449,0.709955,57.8003,0.0169558
112,192,3,1000,4,29,1000,1,161472,116.681,0.680444,115.961,0.0203704
112,192,5,100,1,108,100,1,2239488,304.633,3.45161,301.149,0.0151623
112,192,5,100,2,55,100,1,580800,77.3086,1.29591,75.9806,0.015336
112,192,5,100,4,28,100,1,150528,19.3198,0.633807,18.6561,0.0143521
112,192,5,500,2,55,500,1,580800,212.356,1.284,211.037,0.0167827
112,192,5,500,4,28,500,1,150528,53.2482,0.665641,52.5465,0.0177084
112,192,5,1000,4,28,1000,1,150528,104.631,0.692205,103.901,0.0198499
112,192,7,100,1,106,100,1,2157312,290.164,3.65277,286.478,0.0156253
112,192,7,100,2,54,100,1,559872,74.1954,1.19107,72.976,0.0147572
112,192,7,100,4,28,100,1,150528,19.2814,0.646837,18.6044,0.0137737
112,192,7,500,2,54,500,1,559872,205.67,1.1865,204.444,0.0232644
112,192,7,500,4,28,500,1,150528,52.3338,0.629188,51.6696,0.0173039
112,192,7,1000,4,28,1000,1,150528,108.469,0.681505,107.751,0.0198502
112,192,11,100,1,102,100,1,1997568,268.759,3.37668,265.349,0.0153362
112,192,11,100,2,52,100,1,519168,67.0015,1.1413,65.8184,0.0150468
112,192,11,100,4,27,100,1,139968,17.7908,0.587058,17.176,0.0138893
112,192,11,500,2,52,500,1,519168,189.956,1.11873,188.803,0.0170724
112,192,11,500,4,27,500,1,139968,48.8362,0.662467,48.1382,0.0174196
112,192,11,1000,4,27,1000,1,139968,100.406,0.664898,99.704,0.0196188
112,256,1,100,2,57,100,1,831744,110.139,1.59103,108.516,0.0148153
112,256,1,100,4,29,100,1,215296,27.7796,0.780296,26.9681,0.0144104
112,256,1,500,4,29,500,1,215296,78.8121,0.817509,77.9592,0.017304
112,256,1,1000,4,29,1000,1,215296,155.28,0.759,154.484,0.0200818
112,256,3,100,2,56,100,1,802816,104.076,1.62645,102.418,0.015915
112,256,3,100,4,29,100,1,215296,27.9317,0.759521,27.1426,0.0139473
112,256,3,500,4,29,500,1,215296,80.2816,0.735099,79.5181,0.0152783
112,256,3,1000,4,29,1000,1,215296,158.082,0.753792,157.292,0.019156
112,256,5,100,2,55,100,1,774400,102.306,1.56141,100.712,0.0151046
112,256,5,100,4,28,100,1,200704,25.8538,0.722715,25.1029,0.014063
112,256,5,500,4,28,500,1,200704,70.5789,0.813228,69.7293,0.0179407
112,256,5,1000,4,28,1000,1,200704,146.173,0.757554,145.378,0.0208343
112,256,7,100,1,106,100,1,2876416,391.878,4.66918,387.177,0.0160271
112,256,7,100,2,54,100,1,746496,96.6545,1.5371,95.0847,0.0154491
112,256,7,100,4,28,100,1,200704,25.771,0.83385,24.9062,0.0141766
112,256,7,500,4,28,500,1,200704,71.4563,0.776866,70.6445,0.0177059
112,256,7,1000,4,28,1000,1,200704,144.942,0.786197,144.116,0.0210048
112,256,11,100,1,102,100,1,2663424,361.839,4.32336,357.484,0.0152764
112,256,11,100,2,52,100,1,692224,89.9123,1.48658,88.3921,0.0159132
112,256,11,100,4,27,100,1,186624,24.0138,0.702267,23.2813,0.0138302
112,256,11,500,4,27,500,1,186624,68.0843,0.692029,67.3636,0.0154504
112,256,11,1000,4,27,1000,1,186624,137.864,0.706329,137.122,0.0197328
224,32,1,100,1,224,100,1,1605632,219.344,2.10969,217.202,0.0153352
224,32,1,100,2,113,100,1,408608,55.6144,0.822192,54.7601,0.0156824
224,32,1,100,4,57,100,1,103968,13.7438,0.436211,13.281,0.0138306
224,32,1,500,2,113,500,1,408608,152.055,0.772604,151.24,0.0249414
224,32,1,500,4,57,500,1,103968,39.6393,0.47493,39.1335,0.0152197
224,32,1,1000,4,57,1000,1,103968,77.6809,0.501205,77.1425,0.0200806
224,32,3,100,1,222,100,1,1577088,214.84,2.53028,212.269,0.0151038
224,32,3,100,2,112,100,1,401408,53.2929,0.819491,52.44,0.0153936
224,32,3,100,4,57,100,1,103968,13.8365,0.453061,13.3538,0.0135996
224,32,3,500,2,112,500,1,401408,152.384,0.877769,151.471,0.0171296
224,32,3,500,4,57,500,1,103968,39.5815,0.471871,39.0794,0.0145253
224,32,3,1000,4,57,1000,1,103968,76.2622,0.499245,75.7252,0.0195599
224,32,5,100,1,220,100,1,1548800,213.16,2.48263,210.644,0.0152778
224,32,5,100,2,111,100,1,394272,52.8691,0.924536,51.9119,0.0149308
224,32,5,100,4,56,100,1,100352,13.0983,0.433622,12.637,0.013773
224,32,5,500,2,111,500,1,394272,152.305,0.858392,151.414,0.0164931
224,32,5,500,4,56,500,1,100352,36.7918,0.505267,36.2521,0.0172454
224,32,5,1000,4,56,1000,1,100352,75.6193,0.500985,75.0834,0.0189816
224,32,7,100,1,218,100,1,1520768,204.58,2.6264,201.919,0.016088
224,32,7,100,2,110,100,1,387200,51.209,0.895028,50.2798,0.0155094
224,32,7,100,4,56,100,1,100352,13.1329,0.437791,12.6677,0.0140049
224,32,7,500,2,110,500,1,387200,147.765,0.87298,146.859,0.0163196
224,32,7,500,4,56,500,1,100352,36.8234,0.492596,36.2971,0.0170138
224,32,7,1000,4,56,1000,1,100352,73.2384,0.449425,72.7568,0.019271
224,32,11,100,1,214,100,1,1465472,202.305,2.52311,199.749,0.0157987
224,32,11,100,2,108,100,1,373248,50.13,0.877491,49.2195,0.0151631
224,32,11,100,4,55,100,1,96800,12.6631,0.442797,12.1939,0.0139477
224,32,11,500,2,108,500,1,373248,141.156,0.846236,140.274,0.0178831
224,32,11,500,4,55,500,1,96800,36.4141,0.480412,35.9031,0.0152209
224,32,11,1000,4,55,1000,1,96800,72.9158,0.443893,72.4387,0.0181723
224,64,1,100,2,113,100,1,817216,109.29,1.2161,108.04,0.0157997
224,64,1,100,4,57,100,1,207936,27.6755,0.685572,26.9594,0.0142368
224,64,1,500,4,57,500,1,207936,79.4784,0.674285,78.7704,0.016147
224,64,1,1000,4,57,1000,1,207936,157.021,0.649108,156.336,0.0199662
224,64,3,100,2,112,100,1,802816,108.64,1.38792,107.22,0.0149314
224,64,3,100,4,57,100,1,207936,27.9258,0.591348,27.3068,0.0143526
224,64,3,500,4,57,500,1,207936,76.6845,0.646096,76.0034,0.0172464
224,64,3,1000,4,57,1000,1,207936,157.711,0.631684,157.043,0.020082
224,64,5,100,2,111,100,1,788544,105.707,1.39925,104.266,0.0156834
224,64,5,100,4,56,100,1,200704,26.6651,0.689845,25.9445,0.0135422
224,64,5,500,4,56,500,1,200704,74.4341,0.633128,73.7681,0.0174778
224,64,5,1000,4,56,1000,1,200704,146.022,0.678095,145.298,0.0207764
224,64,7,100,2,110,100,1,774400,100.641,1.34797,99.2634,0.0141209
224,64,7,100,4,56,100,1,200704,25.8472,0.594756,25.2267,0.0130213
224,64,7,500,4,56,500,1,200704,75.3229,0.629017,74.6599,0.016841
224,64,7,1000,4,56,1000,1,200704,146.804,0.652107,146.113,0.0209497
224,64,11,100,2,108,100,1,746496,99.9206,1.38917,98.498,0.0149891
224,64,11,100,4,55,100,1,193600,25.655,0.660902,24.9632,0.0142368
224,64,11,500,4,55,500,1,193600,69.6465,0.692037,68.918,0.0179404
224,64,11,1000,4,55,1000,1,193600,147.402,0.63156,146.734,0.0192137
224,92,1,100,2,113,100,1,1174748,157.298,1.65607,155.609,0.0155677
224,92,1,100,4,57,100,1,298908,39.1712,0.834632,38.3041,0.0153941
224,92,1,500,4,57,500,1,298908,108.227,0.80396,107.389,0.0165516
224,92,1,1000,4,57,1000,1,298908,225.478,0.764143,224.669,0.019908
224,92,3,100,2,112,100,1,1154048,154.709,1.88778,152.778,0.0152203
224,92,3,100,4,57,100,1,298908,38.1737,0.739372,37.408,0.0136577
224,92,3,500,4,57,500,1,298908,109.065,0.766687,108.264,0.017188
224,92,3,1000,4,57,1000,1,298908,226.411,0.727103,225.651,0.0199658
224,92,5,100,2,111,100,1,1133532,149.667,2.06863,147.565,0.0150467
224,92,5,100,4,56,100,1,288512,37.8949,0.771953,37.0958,0.014005
224,92,5,500,4,56,500,1,288512,103.234,0.739776,102.46,0.0159724
224,92,5,1000,4,56,1000,1,288512,214.498,0.804649,213.656,0.0200234
224,92,7,100,2,110,100,1,1113200,146.278,1.91885,144.327,0.0148152
224,92,7,100,4,56,100,1,288512,37.7507,0.760377,36.9625,0.0145837
224,92,7,500,4,56,500,1,288512,104.309,0.78069,103.492,0.0182873
224,92,7,1000,4,56,1000,1,288512,213.029,0.852277,212.14,0.0199657
224,92,11,100,2,108,100,1,1073088,141.63,1.99964,139.598,0.014931
224,92,11,100,4,55,100,1,278300,36.3504,0.824382,35.4946,0.0137734
224,92,11,500,4,55,500,1,278300,101.119,0.813213,100.27,0.017246
224,92,11,1000,4,55,1000,1,278300,200.34,0.820794,199.473,0.0290513
224,128,1,100,2,113,100,1,1634432,216.585,2.21926,214.333,0.0151629
224,128,1,100,4,57,100,1,415872,54.5217,0.881153,53.6128,0.0149886
224,128,1,500,4,57,500,1,415872,158.232,0.955403,157.245,0.0150464
224,128,3,100,2,112,100,1,1605632,212.061,2.61915,209.402,0.015741
224,128,3,100,4,57,100,1,415872,54.5458,0.886998,53.6309,0.0138311
224,128,3,500,4,57,500,1,415872,155.071,0.916339,154.12,0.0172458
224,128,5,100,2,111,100,1,1577088,210.065,2.41481,207.622,0.0146994
224,128,5,100,4,56,100,1,401408,52.762,0.994754,51.7394,0.014873
224,128,5,500,4,56,500,1,401408,146.519,0.976467,145.507,0.0178822
224,128,7,100,2,110,100,1,1548800,206.355,2.61996,203.7,0.0168407
224,128,7,100,4,56,100,1,401408,51.8323,0.943943,50.8606,0.0145836
224,128,7,500,4,56,500,1,401408,144.058,0.955922,143.067,0.0181719
224,128,11,100,2,108,100,1,1492992,197.779,2.58483,195.161,0.0152778
224,128,11,100,4,55,100,1,387200,52.4734,0.957369,51.4773,0.0217018
224,128,11,500,4,55,500,1,387200,151.207,0.932484,150.242,0.015741
224,192,1,100,2,113,100,1,2451648,324.177,3.13884,321.007,0.0153938
224,192,1,100,4,57,100,1,623808,81.5588,1.20541,80.3263,0.0141771
224,192,1,500,4,57,500,1,623808,238.684,1.25084,237.397,0.0211793
224,192,3,100,2,112,100,1,2408448,324.359,3.43221,320.897,0.0146403
224,192,3,100,4,57,100,1,623808,88.0126,1.26105,86.7231,0.0148721
224,192,3,500,4,57,500,1,623808,235.299,1.33935,233.926,0.0172447
224,192,5,100,2,111,100,1,2365632,312.946,3.42903,309.484,0.0157401
224,192,5,100,4,56,100,1,602112,77.7363,1.21303,76.4941,0.0153352
224,192,5,500,4,56,500,1,602112,218.266,1.28219,216.948,0.0177656
224,192,7,100,2,110,100,1,2323200,307.286,3.5782,303.675,0.0153352
224,192,7,100,4,56,100,1,602112,78.1649,1.24262,76.8898,0.0146409
224,192,7,500,4,56,500,1,602112,217.747,1.27948,216.425,0.0166662
224,192,11,100,2,108,100,1,2239488,295.351,3.62592,291.693,0.0146988
224,192,11,100,4,55,100,1,580800,76.279,1.22938,75.0209,0.0151618
224,192,11,500,4,55,500,1,580800,210.167,1.24674,208.886,0.0167242
224,256,1,100,4,57,100,1,831744,110.844,1.67996,109.132,0.0149304
224,256,3,100,4,57,100,1,831744,110.089,1.67475,108.382,0.0147566
224,256,5,100,4,56,100,1,802816,104.465,1.64952,102.784,0.0155669
224,256,7,100,4,56,100,1,802816,103.951,1.66486,102.253,0.0154513
224,256,11,100,4,55,100,1,774400,102.578,1.46642,101.079,0.0156249