28,32,1,32,1,28,784,32,32,0.33981021
28,32,1,32,2,15,225,32,32,0.27696187
28,32,1,32,4,8,64,32,32,0.26143567
28,32,1,64,1,28,784,64,32,0.43745464
28,32,1,64,2,15,225,64,32,0.29745442
28,32,1,64,4,8,64,64,32,0.2694598
28,32,1,92,1,28,784,92,32,0.50989781
28,32,1,92,2,15,225,92,32,0.1645845
28,32,1,92,4,8,64,92,32,0.27218197
28,32,1,128,1,28,784,128,32,0.59906046
28,32,1,128,2,15,225,128,32,0.31179186
28,32,1,128,4,8,64,128,32,0.033773214
28,32,1,192,1,28,784,192,32,0.51460652
28,32,1,192,2,15,225,192,32,0.3861097
28,32,1,192,4,8,64,192,32,0.28557812
28,32,1,256,1,28,784,256,32,0.92879446
28,32,1,256,2,15,225,256,32,0.43810552
28,32,1,256,4,8,64,256,32,0.2973595
28,32,3,32,1,26,676,32,288,0.93043296
28,32,3,32,2,14,196,32,288,0.2989189
28,32,3,32,4,8,64,32,288,0.092660113
28,32,3,64,1,26,676,64,288,1.6297764
28,32,3,64,2,14,196,64,288,0.51588568
28,32,3,64,4,8,64,64,288,0.16377429
28,32,3,92,1,26,676,92,288,2.0957206
28,32,3,92,2,14,196,92,288,0.55865957
28,32,3,92,4,8,64,92,288,0.21704249
28,32,3,128,1,26,676,128,288,2.8471819
28,32,3,128,2,14,196,128,288,0.7416642
28,32,3,128,4,8,64,128,288,0.28445377
28,32,3,192,1,26,676,192,288,4.0095338
28,32,3,192,2,14,196,192,288,1.1469952
28,32,3,192,4,8,64,192,288,0.46685498
28,32,3,256,1,26,676,256,288,5.4703074
28,32,3,256,2,14,196,256,288,1.4466486
28,32,3,256,4,8,64,256,288,0.55220953
28,32,5,32,1,24,576,32,800,1.9970151
28,32,5,32,2,13,169,32,800,0.47614471
28,32,5,32,4,7,49,32,800,0.16169057
28,32,5,64,1,24,576,64,800,3.7550352
28,32,5,64,2,13,169,64,800,1.03204595
28,32,5,64,4,7,49,64,800,0.41158781
28,32,5,92,1,24,576,92,800,4.8376317
28,32,5,92,2,13,169,92,800,1.3216141
28,32,5,92,4,7,49,92,800,0.44842129
28,32,5,128,1,24,576,128,800,6.4005008
28,32,5,128,2,13,169,128,800,1.7693088
28,32,5,128,4,7,49,128,800,0.60148092
28,32,5,192,1,24,576,192,800,8.9550466
28,32,5,192,2,13,169,192,800,2.4466421
28,32,5,192,4,7,49,192,800,0.86492008
28,32,5,256,1,24,576,256,800,12.285699
28,32,5,256,2,13,169,256,800,3.3116684
28,32,5,256,4,7,49,256,800,1.00999174
28,32,7,32,1,22,484,32,1568,3.3923843
28,32,7,32,2,12,144,32,1568,0.8972991
28,32,7,32,4,7,49,32,1568,0.33063122
28,32,7,64,1,22,484,64,1568,6.0920334
28,32,7,64,2,12,144,64,1568,1.7826089
28,32,7,64,4,7,49,64,1568,0.65499546
28,32,7,92,1,22,484,92,1568,7.8488331
28,32,7,92,2,12,144,92,1568,2.2899902
28,32,7,92,4,7,49,92,1568,0.86657666
28,32,7,128,1,22,484,128,1568,10.3777618
28,32,7,128,2,12,144,128,1568,2.9969973
28,32,7,128,4,7,49,128,1568,1.08069245
28,32,7,192,1,22,484,192,1568,14.813509
28,32,7,192,2,12,144,192,1568,4.1653721
28,32,7,192,4,7,49,192,1568,1.6176402
28,32,7,256,1,22,484,256,1568,19.942579
28,32,7,256,2,12,144,256,1568,5.6650516
28,32,7,256,4,7,49,256,1568,2.1306489
28,32,11,32,1,18,324,32,3872,5.4661829
28,32,11,32,2,10,100,32,3872,1.6890901
28,32,11,32,4,6,36,32,3872,0.68987743
28,32,11,64,1,18,324,64,3872,9.9026759
28,32,11,64,2,10,100,64,3872,3.0375982
28,32,11,64,4,6,36,64,3872,1.2680634
28,32,11,92,1,18,324,92,3872,12.734648
28,32,11,92,2,10,100,92,3872,3.8509044
28,32,11,92,4,6,36,92,3872,1.7437143
28,32,11,128,1,18,324,128,3872,17.537826
28,32,11,128,2,10,100,128,3872,5.005674
28,32,11,128,4,6,36,128,3872,2.4230929
28,32,11,192,1,18,324,192,3872,24.910624
28,32,11,192,2,10,100,192,3872,7.253809
28,32,11,192,4,6,36,192,3872,3.6758335
28,32,11,256,1,18,324,256,3872,33.773101
28,32,11,256,2,10,100,256,3872,9.7230737
28,32,11,256,4,6,36,256,3872,4.8032119
28,64,1,32,1,28,784,32,64,0.17303351
28,64,1,32,2,15,225,32,64,0.052900159
28,64,1,32,4,8,64,32,64,0.2636516
28,64,1,64,1,28,784,64,64,0.57675652
28,64,1,64,2,15,225,64,64,0.33462238
28,64,1,64,4,8,64,64,64,0.27012311
28,64,1,92,1,28,784,92,64,0.58004821
28,64,1,92,2,15,225,92,64,0.13163822
28,64,1,92,4,8,64,92,64,0.044586636
28,64,1,128,1,28,784,128,64,0.64781092
28,64,1,128,2,15,225,128,64,0.17519068
28,64,1,128,4,8,64,128,64,0.057743226
28,64,1,192,1,28,784,192,64,1.2283326
28,64,1,192,2,15,225,192,64,0.49275232
28,64,1,192,4,8,64,192,64,0.08122214
28,64,1,256,1,28,784,256,64,1.5097139
28,64,1,256,2,15,225,256,64,0.32977355
28,64,1,256,4,8,64,256,64,0.105016098
28,64,3,32,1,26,676,32,576,1.7220748
28,64,3,32,2,14,196,32,576,0.54403624
28,64,3,32,4,8,64,32,576,0.31894024
28,64,3,64,1,26,676,64,576,3.2285456
28,64,3,64,2,14,196,64,576,0.820832
28,64,3,64,4,8,64,64,576,0.3811942
28,64,3,92,1,26,676,92,576,4.1699712
28,64,3,92,2,14,196,92,576,1.1581596
28,64,3,92,4,8,64,92,576,0.40887694
28,64,3,128,1,26,676,128,576,5.5145582
28,64,3,128,2,14,196,128,576,1.5280877
28,64,3,128,4,8,64,128,576,0.62628894
28,64,3,192,1,26,676,192,576,7.8839648
28,64,3,192,2,14,196,192,576,2.2253994
28,64,3,192,4,8,64,192,576,0.88792801
28,64,3,256,1,26,676,256,576,10.5845405
28,64,3,256,2,14,196,256,576,2.7877213
28,64,3,256,4,8,64,256,576,1.07545942
28,64,5,32,1,24,576,32,1600,4.0157488
28,64,5,32,2,13,169,32,1600,0.93420377
28,64,5,32,4,7,49,32,1600,0.42932203
28,64,5,64,1,24,576,64,1600,7.139001
28,64,5,64,2,13,169,64,1600,1.9316559
28,64,5,64,4,7,49,64,1600,0.66918148
28,64,5,92,1,24,576,92,1600,9.2358968
28,64,5,92,2,13,169,92,1600,2.5010629
28,64,5,92,4,7,49,92,1600,0.88249836
28,64,5,128,1,24,576,128,1600,12.296321
28,64,5,128,2,13,169,128,1600,3.3488567
28,64,5,128,4,7,49,128,1600,1.1324182
28,64,5,192,1,24,576,192,1600,17.807105
28,64,5,192,2,13,169,192,1600,4.8277668
28,64,5,192,4,7,49,192,1600,1.6279232
28,64,5,256,1,24,576,256,1600,23.94244
28,64,5,256,2,13,169,256,1600,6.4687189
28,64,5,256,4,7,49,256,1600,2.1542433
28,64,7,32,1,22,484,32,3136,6.771412
28,64,7,32,2,12,144,32,3136,1.9485042
28,64,7,32,4,7,49,32,3136,0.70404311
28,64,7,64,1,22,484,64,3136,11.944439
28,64,7,64,2,12,144,64,3136,3.3311157
28,64,7,64,4,7,49,64,3136,1.3095796
28,64,7,92,1,22,484,92,3136,15.428568
28,64,7,92,2,12,144,92,3136,4.4370354
28,64,7,92,4,7,49,92,3136,1.6516758
28,64,7,128,1,22,484,128,3136,20.573232
28,64,7,128,2,12,144,128,3136,5.9239798
28,64,7,128,4,7,49,128,3136,2.2177154
28,64,7,192,1,22,484,192,3136,30.947762
28,64,7,192,2,12,144,192,3136,9.0415594
28,64,7,192,4,7,49,192,3136,3.2124883
28,64,7,256,1,22,484,256,3136,41.608295
28,64,7,256,2,12,144,256,3136,12.06727
28,64,7,256,4,7,49,256,3136,4.1833843
28,64,11,32,1,18,324,32,7744,10.98812
28,64,11,32,2,10,100,32,7744,3.3675582
28,64,11,32,4,6,36,32,7744,1.4750568
28,64,11,64,1,18,324,64,7744,20.1592
28,64,11,64,2,10,100,64,7744,5.8228674
28,64,11,64,4,6,36,64,7744,2.9130609
28,64,11,92,1,18,324,92,7744,25.915307
28,64,11,92,2,10,100,92,7744,7.4726109
28,64,11,92,4,6,36,92,7744,3.7715106
28,64,11,128,1,18,324,128,7744,35.906541
28,64,11,128,2,10,100,128,7744,9.9686905
28,64,11,128,4,6,36,128,7744,5.1083797
28,64,11,192,1,18,324,192,7744,49.883172
28,64,11,192,2,10,100,192,7744,14.369871
28,64,11,192,4,6,36,192,7744,7.3460283
28,64,11,256,1,18,324,256,7744,69.52325
28,64,11,256,2,10,100,256,7744,19.389105
28,64,11,256,4,6,36,256,7744,9.8584929
28,92,1,32,1,28,784,32,92,0.4876176
28,92,1,32,2,15,225,32,92,0.3141626
28,92,1,32,4,8,64,32,92,0.27175144
28,92,1,64,1,28,784,64,92,0.70911342
28,92,1,64,2,15,225,64,92,0.36799919
28,92,1,64,4,8,64,64,92,0.28247175
28,92,1,92,1,28,784,92,92,0.91603111
28,92,1,92,2,15,225,92,92,0.43369174
28,92,1,92,4,8,64,92,92,0.30011444
28,92,1,128,1,28,784,128,92,1.1514926
28,92,1,128,2,15,225,128,92,0.47157838
28,92,1,128,4,8,64,128,92,0.31573669
28,92,1,192,1,28,784,192,92,1.3535592
28,92,1,192,2,15,225,192,92,0.59400936
28,92,1,192,4,8,64,192,92,0.34637325
28,92,1,256,1,28,784,256,92,2.0218638
28,92,1,256,2,15,225,256,92,0.69046503
28,92,1,256,4,8,64,256,92,0.37787878
28,92,3,32,1,26,676,32,828,2.6046952
28,92,3,32,2,14,196,32,828,0.72841947
28,92,3,32,4,8,64,32,828,0.34141142
28,92,3,64,1,26,676,64,828,4.5748615
28,92,3,64,2,14,196,64,828,1.2483562
28,92,3,64,4,8,64,64,828,0.52660712
28,92,3,92,1,26,676,92,828,5.8117708
28,92,3,92,2,14,196,92,828,1.6005998
28,92,3,92,4,8,64,92,828,0.67734234
28,92,3,128,1,26,676,128,828,7.7947174
28,92,3,128,2,14,196,128,828,2.1179025
28,92,3,128,4,8,64,128,828,0.85046738
28,92,3,192,1,26,676,192,828,10.8966804
28,92,3,192,2,14,196,192,828,2.9751431
28,92,3,192,4,8,64,192,828,1.10510949
28,92,3,256,1,26,676,256,828,14.940521
28,92,3,256,2,14,196,256,828,4.0976173
28,92,3,256,4,8,64,256,828,1.5022446
28,92,5,32,1,24,576,32,2300,5.8511739
28,92,5,32,2,13,169,32,2300,1.5409923
28,92,5,32,4,7,49,32,2300,0.51804285
28,92,5,64,1,24,576,64,2300,10.2495746
28,92,5,64,2,13,169,64,2300,2.7644207
28,92,5,64,4,7,49,64,2300,0.93263872
28,92,5,92,1,24,576,92,2300,13.240662
28,92,5,92,2,13,169,92,2300,3.6591208
28,92,5,92,4,7,49,92,2300,1.228536
28,92,5,128,1,24,576,128,2300,17.514096
28,92,5,128,2,13,169,128,2300,4.6756575
28,92,5,128,4,7,49,128,2300,1.6438788
28,92,5,192,1,24,576,192,2300,26.271144
28,92,5,192,2,13,169,192,2300,6.7512867
28,92,5,192,4,7,49,192,2300,2.3092341
28,92,5,256,1,24,576,256,2300,35.624154
28,92,5,256,2,13,169,256,2300,9.2213311
28,92,5,256,4,7,49,256,2300,3.0298125
28,92,7,32,1,22,484,32,4508,9.407363
28,92,7,32,2,12,144,32,4508,2.7573921
28,92,7,32,4,7,49,32,4508,0.9868177
28,92,7,64,1,22,484,64,4508,17.218601
28,92,7,64,2,12,144,64,4508,4.8890354
28,92,7,64,4,7,49,64,4508,1.8155936
28,92,7,92,1,22,484,92,4508,22.283374
28,92,7,92,2,12,144,92,4508,6.4259597
28,92,7,92,4,7,49,92,4508,2.3404334
28,92,7,128,1,22,484,128,4508,31.098391
28,92,7,128,2,12,144,128,4508,8.8546913
28,92,7,128,4,7,49,128,4508,3.0535538
28,92,7,192,1,22,484,192,4508,43.881742
28,92,7,192,2,12,144,192,4508,12.794877
28,92,7,192,4,7,49,192,4508,4.3666703
28,92,7,256,1,22,484,256,4508,59.809431
28,92,7,256,2,12,144,256,4508,17.255665
28,92,7,256,4,7,49,256,4508,5.6944655
28,92,11,32,1,18,324,32,11132,16.092556
28,92,11,32,2,10,100,32,11132,4.8192353
28,92,11,32,4,6,36,32,11132,2.3095392
28,92,11,64,1,18,324,64,11132,29.036706
28,92,11,64,2,10,100,64,11132,8.4602535
28,92,11,64,4,6,36,64,11132,4.1233248
28,92,11,92,1,18,324,92,11132,37.031343
28,92,11,92,2,10,100,92,11132,10.9992392
28,92,11,92,4,6,36,92,11132,5.5419833
28,92,11,128,1,18,324,128,11132,49.790399
28,92,11,128,2,10,100,128,11132,14.557903
28,92,11,128,4,6,36,128,11132,7.3312253
28,92,11,192,1,18,324,192,11132,71.83184
28,92,11,192,2,10,100,192,11132,20.806916
28,92,11,192,4,6,36,192,11132,10.7438027
28,92,11,256,1,18,324,256,11132,98.180389
28,92,11,256,2,10,100,256,11132,28.280623
28,92,11,256,4,6,36,256,11132,14.247266
28,128,1,32,1,28,784,32,128,0.32087593
28,128,1,32,2,15,225,32,128,0.091008844
28,128,1,32,4,8,64,32,128,0.27585673
28,128,1,64,1,28,784,64,128,0.87357814
28,128,1,64,2,15,225,64,128,0.42235558
28,128,1,64,4,8,64,64,128,0.29699112
28,128,1,92,1,28,784,92,128,1.1451194
28,128,1,92,2,15,225,92,128,0.25021816
28,128,1,92,4,8,64,92,128,0.31210374
28,128,1,128,1,28,784,128,128,1.4601747
28,128,1,128,2,15,225,128,128,0.56160548
28,128,1,128,4,8,64,128,128,0.33713889
28,128,1,192,1,28,784,192,128,2.0675384
28,128,1,192,2,15,225,192,128,0.67440095
28,128,1,192,4,8,64,192,128,0.14993631
28,128,1,256,1,28,784,256,128,2.6978637
28,128,1,256,2,15,225,256,128,0.84187373
28,128,1,256,4,8,64,256,128,0.20072529
28,128,3,32,1,26,676,32,1152,3.4834058
28,128,3,32,2,14,196,32,1152,0.96653307
28,128,3,32,4,8,64,32,1152,0.39065004
28,128,3,64,1,26,676,64,1152,6.1740149
28,128,3,64,2,14,196,64,1152,1.702345
28,128,3,64,4,8,64,64,1152,0.68926045
28,128,3,92,1,26,676,92,1152,7.8896487
28,128,3,92,2,14,196,92,1152,2.1798378
28,128,3,92,4,8,64,92,1152,0.89078804
28,128,3,128,1,26,676,128,1152,10.7103321
28,128,3,128,2,14,196,128,1152,2.8962691
28,128,3,128,4,8,64,128,1152,1.09966967
28,128,3,192,1,26,676,192,1152,15.090133
28,128,3,192,2,14,196,192,1152,4.181452
28,128,3,192,4,8,64,192,1152,1.538834
28,128,3,256,1,26,676,256,1152,20.729172
28,128,3,256,2,14,196,256,1152,5.6292871
28,128,3,256,4,8,64,256,1152,2.024395
28,128,5,32,1,24,576,32,3200,7.8305158
28,128,5,32,2,13,169,32,3200,2.1715775
28,128,5,32,4,7,49,32,3200,0.68689649
28,128,5,64,1,24,576,64,3200,14.230429
28,128,5,64,2,13,169,64,3200,3.8878667
28,128,5,64,4,7,49,64,3200,1.3055794
28,128,5,92,1,24,576,92,3200,18.179327
28,128,5,92,2,13,169,92,3200,4.936292
28,128,5,92,4,7,49,92,3200,1.6810106
28,128,5,128,1,24,576,128,3200,24.550267
28,128,5,128,2,13,169,128,3200,6.4185243
28,128,5,128,4,7,49,128,3200,1.9940545
28,128,5,192,1,24,576,192,3200,37.206493
28,128,5,192,2,13,169,192,3200,9.1970813
28,128,5,192,4,7,49,192,3200,3.1352754
28,128,5,256,1,24,576,256,3200,50.537329
28,128,5,256,2,13,169,256,3200,12.605037
28,128,5,256,4,7,49,256,3200,4.1014141
28,128,7,32,1,22,484,32,6272,12.95545
28,128,7,32,2,12,144,32,6272,3.8052298
28,128,7,32,4,7,49,32,6272,1.3523501
28,128,7,64,1,22,484,64,6272,24.321894
28,128,7,64,2,12,144,64,6272,7.1386959
28,128,7,64,4,7,49,64,6272,2.4572528
28,128,7,92,1,22,484,92,6272,31.570731
28,128,7,92,2,12,144,92,6272,9.1898606
28,128,7,92,4,7,49,92,6272,3.2362296
28,128,7,128,1,22,484,128,6272,43.300696
28,128,7,128,2,12,144,128,6272,12.30231
28,128,7,128,4,7,49,128,6272,4.1048041
28,128,7,192,1,22,484,192,6272,60.496697
28,128,7,192,2,12,144,192,6272,17.764165
28,128,7,192,4,7,49,192,6272,6.0044923
28,128,7,256,1,22,484,256,6272,85.998198
28,128,7,256,2,12,144,256,6272,23.747289
28,128,7,256,4,7,49,256,6272,7.8241652
28,128,11,32,1,18,324,32,15488,22.342473
28,128,11,32,2,10,100,32,15488,6.4754085
28,128,11,32,4,6,36,32,15488,3.302651
28,128,11,64,1,18,324,64,15488,40.206982
28,128,11,64,2,10,100,64,15488,11.477749
28,128,11,64,4,6,36,64,15488,5.6284283
28,128,11,92,1,18,324,92,15488,51.491049
28,128,11,92,2,10,100,92,15488,14.887524
28,128,11,92,4,6,36,92,15488,7.2884322
28,128,11,128,1,18,324,128,15488,72.524191
28,128,11,128,2,10,100,128,15488,20.076484
28,128,11,128,4,6,36,128,15488,10.0742325
28,128,11,192,1,18,324,192,15488,104.760605
28,128,11,192,2,10,100,192,15488,28.236553
28,128,11,192,4,6,36,192,15488,14.606832
28,128,11,256,1,18,324,256,15488,149.90128
28,128,11,256,2,10,100,256,15488,39.304112
28,128,11,256,4,6,36,256,15488,19.48459
28,192,1,32,1,28,784,32,192,0.68222846
28,192,1,32,2,15,225,32,192,0.1339954
28,192,1,32,4,8,64,32,192,0.049539991
28,192,1,64,1,28,784,64,192,1.1679341
28,192,1,64,2,15,225,64,192,0.50752142
28,192,1,64,4,8,64,64,192,0.31524175
28,192,1,92,1,28,784,92,192,1.5762144
28,192,1,92,2,15,225,92,192,0.58298169
28,192,1,92,4,8,64,92,192,0.3411922
28,192,1,128,1,28,784,128,192,2.036147
28,192,1,128,2,15,225,128,192,0.47988953
28,192,1,128,4,8,64,128,192,0.37803246
28,192,1,192,1,28,784,192,192,3.022524
28,192,1,192,2,15,225,192,192,0.91780634
28,192,1,192,4,8,64,192,192,0.44405271
28,192,1,256,1,28,784,256,192,3.9670006
28,192,1,256,2,15,225,256,192,1.1697873
28,192,1,256,4,8,64,256,192,0.46276099
28,192,3,32,1,26,676,32,1728,5.163648
28,192,3,32,2,14,196,32,1728,1.3937646
28,192,3,32,4,8,64,32,1728,0.55046142
28,192,3,64,1,26,676,64,1728,9.112998
28,192,3,64,2,14,196,64,1728,2.5529073
28,192,3,64,4,8,64,64,1728,0.9687829
28,192,3,92,1,26,676,92,1728,11.719343
28,192,3,92,2,14,196,92,1728,3.2088723
28,192,3,92,4,8,64,92,1728,1.1826015
28,192,3,128,1,26,676,128,1728,16.017976
28,192,3,128,2,14,196,128,1728,4.3325895
28,192,3,128,4,8,64,128,1728,1.5565524
28,192,3,192,1,26,676,192,1728,22.550506
28,192,3,192,2,14,196,192,1728,6.1815859
28,192,3,192,4,8,64,192,1728,2.2670851
28,192,3,256,1,26,676,256,1728,31.238285
28,192,3,256,2,14,196,256,1728,8.7067291
28,192,3,256,4,8,64,256,1728,3.2151325
28,192,5,32,1,24,576,32,4800,11.695726
28,192,5,32,2,13,169,32,4800,3.2666379
28,192,5,32,4,7,49,32,4800,1.03779426
28,192,5,64,1,24,576,64,4800,21.345248
28,192,5,64,2,13,169,64,4800,5.732264
28,192,5,64,4,7,49,64,4800,1.9182993
28,192,5,92,1,24,576,92,4800,28.132706
28,192,5,92,2,13,169,92,4800,7.3621873
28,192,5,92,4,7,49,92,4800,2.4488908
28,192,5,128,1,24,576,128,4800,38.487574
28,192,5,128,2,13,169,128,4800,9.670653
28,192,5,128,4,7,49,128,4800,3.2500382
28,192,5,192,1,24,576,192,4800,55.727758
28,192,5,192,2,13,169,192,4800,13.891429
28,192,5,192,4,7,49,192,4800,4.6477239
28,192,5,256,1,24,576,256,4800,75.677908
28,192,5,256,2,13,169,256,4800,18.946145
28,192,5,256,4,7,49,256,4800,6.1341711
28,192,7,32,1,22,484,32,9408,20.010718
28,192,7,32,2,12,144,32,9408,5.8172287
28,192,7,32,4,7,49,32,9408,2.0367572
28,192,7,64,1,22,484,64,9408,36.423064
28,192,7,64,2,12,144,64,9408,10.6609398
28,192,7,64,4,7,49,64,9408,3.6423177
28,192,7,92,1,22,484,92,9408,46.991163
28,192,7,92,2,12,144,92,9408,13.653451
28,192,7,92,4,7,49,92,9408,4.6283557
28,192,7,128,1,22,484,128,9408,64.892962
28,192,7,128,2,12,144,128,9408,18.220233
28,192,7,128,4,7,49,128,9408,6.1621273
28,192,7,192,1,22,484,192,9408,92.315689
28,192,7,192,2,12,144,192,9408,26.40471
28,192,7,192,4,7,49,192,9408,8.7241989
28,192,7,256,1,22,484,256,9408,133.69369
28,192,7,256,2,12,144,256,9408,35.8775
28,192,7,256,4,7,49,256,9408,11.773244
28,192,11,32,1,18,324,32,23232,33.582018
28,192,11,32,2,10,100,32,23232,9.655624
28,192,11,32,4,6,36,32,23232,5.0058322
28,192,11,64,1,18,324,64,23232,61.127802
28,192,11,64,2,10,100,64,23232,17.311374
28,192,11,64,4,6,36,64,23232,8.8683078
28,192,11,92,1,18,324,92,23232,80.189207
28,192,11,92,2,10,100,92,23232,22.078957
28,192,11,92,4,6,36,92,23232,11.327911
28,192,11,128,1,18,324,128,23232,113.50737
28,192,11,128,2,10,100,128,23232,30.158683
28,192,11,128,4,6,36,128,23232,15.132282
28,192,11,192,1,18,324,192,23232,160.18654
28,192,11,192,2,10,100,192,23232,42.170018
28,192,11,192,4,6,36,192,23232,21.699164
28,192,11,256,1,18,324,256,23232,233.5823
28,192,11,256,2,10,100,256,23232,59.402179
28,192,11,256,4,6,36,256,23232,29.324178
28,256,1,32,1,28,784,32,256,0.9727379
28,256,1,32,2,15,225,32,256,0.32019341
28,256,1,32,4,8,64,32,256,0.083395356
28,256,1,64,1,28,784,64,256,1.7820778
28,256,1,64,2,15,225,64,256,0.51920562
28,256,1,64,4,8,64,64,256,0.31541916
28,256,1,92,1,28,784,92,256,2.26452
28,256,1,92,2,15,225,92,256,0.65202695
28,256,1,92,4,8,64,92,256,0.33376019
28,256,1,128,1,28,784,128,256,2.9334913
28,256,1,128,2,15,225,128,256,0.74878659
28,256,1,128,4,8,64,128,256,0.36001235
28,256,1,192,1,28,784,192,256,4.2060295
28,256,1,192,2,15,225,192,256,1.1645328
28,256,1,192,4,8,64,192,256,0.40022453
28,256,1,256,1,28,784,256,256,5.6992115
28,256,1,256,2,15,225,256,256,1.4795655
28,256,1,256,4,8,64,256,256,0.49128784
28,256,3,32,1,26,676,32,2304,6.8588401
28,256,3,32,2,14,196,32,2304,1.9268308
28,256,3,32,4,8,64,32,2304,0.75244327
28,256,3,64,1,26,676,64,2304,12.147387
28,256,3,64,2,14,196,64,2304,3.4267024
28,256,3,64,4,8,64,64,2304,1.2167275
28,256,3,92,1,26,676,92,2304,15.791637
28,256,3,92,2,14,196,92,2304,4.4516576
28,256,3,92,4,8,64,92,2304,1.5519646
28,256,3,128,1,26,676,128,2304,20.677418
28,256,3,128,2,14,196,128,2304,5.7262185
28,256,3,128,4,8,64,128,2304,2.1520963
28,256,3,192,1,26,676,192,2304,30.634978
28,256,3,192,2,14,196,192,2304,8.5543712
28,256,3,192,4,8,64,192,2304,3.1534232
28,256,3,256,1,26,676,256,2304,42.004134
28,256,3,256,2,14,196,256,2304,11.748949
28,256,3,256,4,8,64,256,2304,4.4201984
28,256,5,32,1,24,576,32,6400,15.411053
28,256,5,32,2,13,169,32,6400,4.2730385
28,256,5,32,4,7,49,32,6400,1.3967817
28,256,5,64,1,24,576,64,6400,29.067216
28,256,5,64,2,13,169,64,6400,7.4405076
28,256,5,64,4,7,49,64,6400,2.2824305
28,256,5,92,1,24,576,92,6400,37.928111
28,256,5,92,2,13,169,92,6400,9.6669127
28,256,5,92,4,7,49,92,6400,2.99224
28,256,5,128,1,24,576,128,6400,50.934072
28,256,5,128,2,13,169,128,6400,12.782899
28,256,5,128,4,7,49,128,6400,4.0581464
28,256,5,192,1,24,576,192,6400,74.743737
28,256,5,192,2,13,169,192,6400,18.437193
28,256,5,192,4,7,49,192,6400,6.0856715
28,256,5,256,1,24,576,256,6400,105.614998
28,256,5,256,2,13,169,256,6400,24.913562
28,256,5,256,4,7,49,256,6400,8.0531823
28,256,7,32,1,22,484,32,12544,27.692797
28,256,7,32,2,12,144,32,12544,8.0460859
28,256,7,32,4,7,49,32,12544,2.6103
28,256,7,64,1,22,484,64,12544,48.378238
28,256,7,64,2,12,144,64,12544,14.326592
28,256,7,64,4,7,49,64,12544,4.8573502
28,256,7,92,1,22,484,92,12544,63.028688
28,256,7,92,2,12,144,92,12544,18.244867
28,256,7,92,4,7,49,92,12544,6.232967
28,256,7,128,1,22,484,128,12544,84.698472
28,256,7,128,2,12,144,128,12544,24.394214
28,256,7,128,4,7,49,128,12544,8.2817587
28,256,7,192,1,22,484,192,12544,124.70793
28,256,7,192,2,12,144,192,12544,35.423692
28,256,7,192,4,7,49,192,12544,11.742169
28,256,7,256,1,22,484,256,12544,175.50256
28,256,7,256,2,12,144,256,12544,47.074896
28,256,7,256,4,7,49,256,12544,15.750392
28,256,11,32,1,18,324,32,30976,45.335826
28,256,11,32,2,10,100,32,30976,12.861999
28,256,11,32,4,6,36,32,30976,6.6652824
28,256,11,64,1,18,324,64,30976,81.513341
28,256,11,64,2,10,100,64,30976,22.928039
28,256,11,64,4,6,36,64,30976,11.754373
28,256,11,92,1,18,324,92,30976,110.09703
28,256,11,92,2,10,100,92,30976,29.59583
28,256,11,92,4,6,36,92,30976,14.977924
28,256,11,128,1,18,324,128,30976,155.9174
28,256,11,128,2,10,100,128,30976,40.563949
28,256,11,128,4,6,36,128,30976,20.041567
28,256,11,192,1,18,324,192,30976,217.94423
28,256,11,192,2,10,100,192,30976,56.427567
28,256,11,192,4,6,36,192,30976,29.036141
28,256,11,256,1,18,324,256,30976,325.13942
28,256,11,256,2,10,100,256,30976,81.315817
28,256,11,256,4,6,36,256,30976,39.293377
56,32,1,32,1,56,3136,32,32,0.58159179
56,32,1,32,2,29,841,32,32,0.097884103
56,32,1,32,4,15,225,32,32,0.037245365
56,32,1,64,1,56,3136,64,32,0.9357643
56,32,1,64,2,29,841,64,32,0.43258095
56,32,1,64,4,15,225,64,32,0.29748041
56,32,1,92,1,56,3136,92,32,1.2060603
56,32,1,92,2,29,841,92,32,0.27059771
56,32,1,92,4,15,225,92,32,0.31586325
56,32,1,128,1,56,3136,128,32,1.5705418
56,32,1,128,2,29,841,128,32,0.34276968
56,32,1,128,4,15,225,128,32,0.096683252
56,32,1,192,1,56,3136,192,32,2.2037825
56,32,1,192,2,29,841,192,32,0.76266412
56,32,1,192,4,15,225,192,32,0.17264253
56,32,1,256,1,56,3136,256,32,2.9438195
56,32,1,256,2,29,841,256,32,0.91527175
56,32,1,256,4,15,225,256,32,0.43301487
56,32,3,32,1,54,2916,32,288,4.1282742
56,32,3,32,2,28,784,32,288,1.00490335
56,32,3,32,4,15,225,32,288,0.34589639
56,32,3,64,1,54,2916,64,288,7.0839248
56,32,3,64,2,28,784,64,288,1.8001126
56,32,3,64,4,15,225,64,288,0.47945674
56,32,3,92,1,54,2916,92,288,9.1841428
56,32,3,92,2,28,784,92,288,2.2754358
56,32,3,92,4,15,225,92,288,0.70258315
56,32,3,128,1,54,2916,128,288,12.144449
56,32,3,128,2,28,784,128,288,3.0545708
56,32,3,128,4,15,225,128,288,0.92987248
56,32,3,192,1,54,2916,192,288,17.412396
56,32,3,192,2,28,784,192,288,4.4122545
56,32,3,192,4,15,225,192,288,1.309331
56,32,3,256,1,54,2916,256,288,23.470213
56,32,3,256,2,28,784,256,288,5.9632699
56,32,3,256,4,15,225,256,288,1.6788523
56,32,5,32,1,52,2704,32,800,9.71009
56,32,5,32,2,27,729,32,800,2.4851186
56,32,5,32,4,14,196,32,800,0.71423571
56,32,5,64,1,52,2704,64,800,17.276231
56,32,5,64,2,27,729,64,800,4.3938129
56,32,5,64,4,14,196,64,800,1.2368528
56,32,5,92,1,52,2704,92,800,22.34123
56,32,5,92,2,27,729,92,800,5.6325302
56,32,5,92,4,14,196,92,800,1.600871
56,32,5,128,1,52,2704,128,800,29.452659
56,32,5,128,2,27,729,128,800,7.5083415
56,32,5,128,4,14,196,128,800,2.0689509
56,32,5,192,1,52,2704,192,800,41.83486
56,32,5,192,2,27,729,192,800,10.5631383
56,32,5,192,4,14,196,192,800,2.9710412
56,32,5,256,1,52,2704,256,800,56.933581
56,32,5,256,2,27,729,256,800,14.313145
56,32,5,256,4,14,196,256,800,3.8805217
56,32,7,32,1,50,2500,32,1568,16.740837
56,32,7,32,2,26,676,32,1568,4.3816315
56,32,7,32,4,14,196,32,1568,1.2915222
56,32,7,64,1,50,2500,64,1568,30.175068
56,32,7,64,2,26,676,64,1568,7.7805359
56,32,7,64,4,14,196,64,1568,2.2252977
56,32,7,92,1,50,2500,92,1568,38.790527
56,32,7,92,2,26,676,92,1568,10.0118678
56,32,7,92,4,14,196,92,1568,3.0604355
56,32,7,128,1,50,2500,128,1568,52.512343
56,32,7,128,2,26,676,128,1568,13.450164
56,32,7,128,4,14,196,128,1568,3.9978609
56,32,7,192,1,50,2500,192,1568,74.373323
56,32,7,192,2,26,676,192,1568,19.435661
56,32,7,192,4,14,196,192,1568,5.7262072
56,32,7,256,1,50,2500,256,1568,102.129287
56,32,7,256,2,26,676,256,1568,26.101757
56,32,7,256,4,14,196,256,1568,7.6681009
56,32,11,32,1,46,2116,32,3872,34.130859
56,32,11,32,2,24,576,32,3872,8.8828735
56,32,11,32,4,13,169,32,3872,2.6515902
56,32,11,64,1,46,2116,64,3872,62.633075
56,32,11,64,2,24,576,64,3872,15.951532
56,32,11,64,4,13,169,64,3872,4.6949353
56,32,11,92,1,46,2116,92,3872,79.692685
56,32,11,92,2,24,576,92,3872,20.409043
56,32,11,92,4,13,169,92,3872,5.9252906
56,32,11,128,1,46,2116,128,3872,112.323808
56,32,11,128,2,24,576,128,3872,29.496277
56,32,11,128,4,13,169,128,3872,7.7509186
56,32,11,192,1,46,2116,192,3872,165.98796
56,32,11,192,2,24,576,192,3872,40.901593
56,32,11,192,4,13,169,192,3872,11.0868481
56,32,11,256,1,46,2116,256,3872,229.79228
56,32,11,256,2,24,576,256,3872,56.327449
56,32,11,256,4,13,169,256,3872,15.056233
56,64,1,32,1,56,3136,32,64,0.89218811
56,64,1,32,2,29,841,32,64,0.42906891
56,64,1,32,4,15,225,32,64,0.29306663
56,64,1,64,1,56,3136,64,64,1.5035554
56,64,1,64,2,29,841,64,64,0.58944416
56,64,1,64,4,15,225,64,64,0.33361555
56,64,1,92,1,56,3136,92,64,2.1764252
56,64,1,92,2,29,841,92,64,0.49009682
56,64,1,92,4,15,225,92,64,0.37057898
56,64,1,128,1,56,3136,128,64,2.8066375
56,64,1,128,2,29,841,128,64,0.87134639
56,64,1,128,4,15,225,128,64,0.42835588
56,64,1,192,1,56,3136,192,64,4.0479199
56,64,1,192,2,29,841,192,64,1.159832
56,64,1,192,4,15,225,192,64,0.473809
56,64,1,256,1,56,3136,256,64,5.3952415
56,64,1,256,2,29,841,256,64,1.4892948
56,64,1,256,4,15,225,256,64,0.57159242
56,64,3,32,1,54,2916,32,576,7.5359813
56,64,3,32,2,28,784,32,576,1.9843478
56,64,3,32,4,15,225,32,576,0.58431396
56,64,3,64,1,54,2916,64,576,13.57808
56,64,3,64,2,28,784,64,576,3.5281651
56,64,3,64,4,15,225,64,576,1.02499362
56,64,3,92,1,54,2916,92,576,17.410927
56,64,3,92,2,28,784,92,576,4.5044851
56,64,3,92,4,15,225,92,576,1.3575707
56,64,3,128,1,54,2916,128,576,23.315516
56,64,3,128,2,28,784,128,576,5.9328277
56,64,3,128,4,15,225,128,576,1.7565398
56,64,3,192,1,54,2916,192,576,33.475233
56,64,3,192,2,28,784,192,576,8.4931365
56,64,3,192,4,15,225,192,576,2.3577902
56,64,3,256,1,54,2916,256,576,45.593353
56,64,3,256,2,28,784,256,576,11.480461
56,64,3,256,4,15,225,256,576,3.2403428
56,64,5,32,1,52,2704,32,1600,18.297412
56,64,5,32,2,27,729,32,1600,4.7094784
56,64,5,32,4,14,196,32,1600,1.3279647
56,64,5,64,1,52,2704,64,1600,32.869553
56,64,5,64,2,27,729,64,1600,8.4364896
56,64,5,64,4,14,196,64,1600,2.3709095
56,64,5,92,1,52,2704,92,1600,42.454778
56,64,5,92,2,27,729,92,1600,10.8111055
56,64,5,92,4,14,196,92,1600,3.0409091
56,64,5,128,1,52,2704,128,1600,58.832885
56,64,5,128,2,27,729,128,1600,14.507731
56,64,5,128,4,14,196,128,1600,4.0023018
56,64,5,192,1,52,2704,192,1600,82.325924
56,64,5,192,2,27,729,192,1600,20.903644
56,64,5,192,4,14,196,192,1600,5.7239585
56,64,5,256,1,52,2704,256,1600,111.680725
56,64,5,256,2,27,729,256,1600,29.049136
56,64,5,256,4,14,196,256,1600,7.8847219
56,64,7,32,1,50,2500,32,3136,32.775311
56,64,7,32,2,26,676,32,3136,8.5989045
56,64,7,32,4,14,196,32,3136,2.6449571
56,64,7,64,1,50,2500,64,3136,59.175388
56,64,7,64,2,26,676,64,3136,15.51377
56,64,7,64,4,14,196,64,3136,4.64317
56,64,7,92,1,50,2500,92,3136,76.073634
56,64,7,92,2,26,676,92,3136,19.823025
56,64,7,92,4,14,196,92,3136,5.8838196
56,64,7,128,1,50,2500,128,3136,103.367541
56,64,7,128,2,26,676,128,3136,26.51432
56,64,7,128,4,14,196,128,3136,7.9162263
56,64,7,192,1,50,2500,192,3136,151.56125
56,64,7,192,2,26,676,192,3136,39.67995
56,64,7,192,4,14,196,192,3136,11.545323
56,64,7,256,1,50,2500,256,3136,213.118
56,64,7,256,2,26,676,256,3136,53.443915
56,64,7,256,4,14,196,256,3136,16.042497
56,64,11,32,1,46,2116,32,7744,69.030005
56,64,11,32,2,24,576,32,7744,17.519068
56,64,11,32,4,13,169,32,7744,5.0772482
56,64,11,64,1,46,2116,64,7744,129.94661
56,64,11,64,2,24,576,64,7744,33.167421
56,64,11,64,4,13,169,64,7744,8.9858278
56,64,11,92,1,46,2116,92,7744,173.19284
56,64,11,92,2,24,576,92,7744,42.609475
56,64,11,92,4,13,169,92,7744,11.530181
56,64,11,128,1,46,2116,128,7744,252.58325
56,64,11,128,2,24,576,128,7744,59.69338
56,64,11,128,4,13,169,128,7744,15.530268
56,64,11,192,1,46,2116,192,7744,378.06749
56,64,11,192,2,24,576,192,7744,87.997959
56,64,11,192,4,13,169,192,7744,22.68588
56,64,11,256,1,46,2116,256,7744,539.33996
56,64,11,256,2,24,576,256,7744,130.628
56,64,11,256,4,13,169,256,7744,32.490099
56,92,1,32,1,56,3136,32,92,1.1572556
56,92,1,32,2,29,841,32,92,0.48764359
56,92,1,32,4,15,225,32,92,0.31538187
56,92,1,64,1,56,3136,64,92,2.1054951
56,92,1,64,2,29,841,64,92,0.54462949
56,92,1,64,4,15,225,64,92,0.3763465
56,92,1,92,1,56,3136,92,92,3.084448
56,92,1,92,2,29,841,92,92,0.90786686
56,92,1,92,4,15,225,92,92,0.43919597
56,92,1,128,1,56,3136,128,92,3.8658317
56,92,1,128,2,29,841,128,92,1.1536735
56,92,1,128,4,15,225,128,92,0.36729294
56,92,1,192,1,56,3136,192,92,5.770006
56,92,1,192,2,29,841,192,92,1.5681914
56,92,1,192,4,15,225,192,92,0.59434158
56,92,1,256,1,56,3136,256,92,7.5633725
56,92,1,256,2,29,841,256,92,2.0373335
56,92,1,256,4,15,225,256,92,0.69544946
56,92,3,32,1,54,2916,32,828,10.7389098
56,92,3,32,2,28,784,32,828,2.691547
56,92,3,32,4,15,225,32,828,0.80379725
56,92,3,64,1,54,2916,64,828,19.090559
56,92,3,64,2,28,784,64,828,4.9024259
56,92,3,64,4,15,225,64,828,1.4356311
56,92,3,92,1,54,2916,92,828,24.785307
56,92,3,92,2,28,784,92,828,6.3075244
56,92,3,92,4,15,225,92,828,1.8155823
56,92,3,128,1,54,2916,128,828,33.220983
56,92,3,128,2,28,784,128,828,8.394205
56,92,3,128,4,15,225,128,828,2.3953627
56,92,3,192,1,54,2916,192,828,46.486957
56,92,3,192,2,28,784,192,828,11.742621
56,92,3,192,4,15,225,192,828,3.3779316
56,92,3,256,1,54,2916,256,828,64.441188
56,92,3,256,2,28,784,256,828,16.091765
56,92,3,256,4,15,225,256,828,4.5280004
56,92,5,32,1,52,2704,32,2300,26.379398
56,92,5,32,2,27,729,32,2300,6.7824973
56,92,5,32,4,14,196,32,2300,1.8872808
56,92,5,64,1,52,2704,64,2300,46.935454
56,92,5,64,2,27,729,64,2300,12.152246
56,92,5,64,4,14,196,64,2300,3.3476928
56,92,5,92,1,52,2704,92,2300,60.848579
56,92,5,92,2,27,729,92,2300,15.402691
56,92,5,92,4,14,196,92,2300,4.2795699
56,92,5,128,1,52,2704,128,2300,83.719101
56,92,5,128,2,27,729,128,2300,20.801718
56,92,5,128,4,14,196,128,2300,5.7189639
56,92,5,192,1,52,2704,192,2300,119.27037
56,92,5,192,2,27,729,192,2300,30.570229
56,92,5,192,4,14,196,192,2300,8.3828937
56,92,5,256,1,52,2704,256,2300,177.88121
56,92,5,256,2,27,729,256,2300,43.116845
56,92,5,256,4,14,196,256,2300,11.611541
56,92,7,32,1,50,2500,32,4508,46.676797
56,92,7,32,2,26,676,32,4508,12.073485
56,92,7,32,4,14,196,32,4508,3.6341026
56,92,7,64,1,50,2500,64,4508,84.319131
56,92,7,64,2,26,676,64,4508,22.202353
56,92,7,64,4,14,196,64,4508,6.4902793
56,92,7,92,1,50,2500,92,4508,111.095159
56,92,7,92,2,26,676,92,4508,28.717368
56,92,7,92,4,14,196,92,4508,8.5349465
56,92,7,128,1,50,2500,128,4508,167.58239
56,92,7,128,2,26,676,128,4508,40.556265
56,92,7,128,4,14,196,128,4508,11.70906
56,92,7,192,1,50,2500,192,4508,249.07347
56,92,7,192,2,26,676,192,4508,58.409022
56,92,7,192,4,14,196,192,4508,16.757222
56,92,7,256,1,50,2500,256,4508,352.13625
56,92,7,256,2,26,676,256,4508,86.548847
56,92,7,256,4,14,196,256,4508,23.035502
56,92,11,32,1,46,2116,32,11132,106.00078
56,92,11,32,2,24,576,32,11132,26.320977
56,92,11,32,4,13,169,32,11132,7.4739556
56,92,11,64,1,46,2116,64,11132,201.11627
56,92,11,64,2,24,576,64,11132,47.36621
56,92,11,64,4,13,169,64,11132,12.769113
56,92,11,92,1,46,2116,92,11132,264.26293
56,92,11,92,2,24,576,92,11132,62.538946
56,92,11,92,4,13,169,92,11132,16.511334
56,92,11,128,1,46,2116,128,11132,363.91424
56,92,11,128,2,24,576,128,11132,86.900051
56,92,11,128,4,13,169,128,11132,22.441122
56,92,11,192,1,46,2116,192,11132,536.08443
56,92,11,192,2,24,576,192,11132,128.50134
56,92,11,192,4,13,169,192,11132,32.144093
56,92,11,256,1,46,2116,256,11132,757.31809
56,92,11,256,2,24,576,256,11132,183.2634
56,92,11,256,4,13,169,256,11132,45.157851
56,128,1,32,1,56,3136,32,128,1.5406985
56,128,1,32,2,29,841,32,128,0.3254852
56,128,1,32,4,15,225,32,128,0.089403905
56,128,1,64,1,56,3136,64,128,2.7851223
56,128,1,64,2,29,841,64,128,0.87727663
56,128,1,64,4,15,225,64,128,0.16918134
56,128,1,92,1,56,3136,92,128,4.0864416
56,128,1,92,2,29,841,92,128,1.1574364
56,128,1,92,4,15,225,92,128,0.47849285
56,128,1,128,1,56,3136,128,128,5.2737213
56,128,1,128,2,29,841,128,128,1.4638585
56,128,1,128,4,15,225,128,128,0.32501964
56,128,1,192,1,56,3136,192,128,7.815306
56,128,1,192,2,29,841,192,128,2.0861721
56,128,1,192,4,15,225,192,128,0.70170288
56,128,1,256,1,56,3136,256,128,10.269892
56,128,1,256,2,29,841,256,128,2.7148928
56,128,1,256,4,15,225,256,128,0.85593206
56,128,3,32,1,54,2916,32,1152,14.333937
56,128,3,32,2,28,784,32,1152,3.8215244
56,128,3,32,4,15,225,32,1152,1.01030362
56,128,3,64,1,54,2916,64,1152,25.906493
56,128,3,64,2,28,784,64,1152,6.6721415
56,128,3,64,4,15,225,64,1152,1.8774724
56,128,3,92,1,54,2916,92,1152,33.613432
56,128,3,92,2,28,784,92,1152,8.649133
56,128,3,92,4,15,225,92,1152,2.4678748
56,128,3,128,1,54,2916,128,1152,45.931562
56,128,3,128,2,28,784,128,1152,11.462946
56,128,3,128,4,15,225,128,1152,3.2800736
56,128,3,192,1,54,2916,192,1152,64.99308
56,128,3,192,2,28,784,192,1152,16.540827
56,128,3,192,4,15,225,192,1152,4.7187896
56,128,3,256,1,54,2916,256,1152,90.132755
56,128,3,256,2,28,784,256,1152,22.14009
56,128,3,256,4,15,225,256,1152,6.3242597
56,128,5,32,1,52,2704,32,3200,35.426065
56,128,5,32,2,27,729,32,3200,9.3054483
56,128,5,32,4,14,196,32,3200,2.5956778
56,128,5,64,1,52,2704,64,3200,64.976017
56,128,5,64,2,27,729,64,3200,16.665805
56,128,5,64,4,14,196,64,3200,4.5796979
56,128,5,92,1,52,2704,92,3200,85.240646
56,128,5,92,2,27,729,92,3200,21.593283
56,128,5,92,4,14,196,92,3200,5.8597393
56,128,5,128,1,52,2704,128,3200,119.10313
56,128,5,128,2,27,729,128,3200,29.271068
56,128,5,128,4,14,196,128,3200,8.0175195
56,128,5,192,1,52,2704,192,3200,179.2293
56,128,5,192,2,27,729,192,3200,43.006218
56,128,5,192,4,14,196,192,3200,11.874718
56,128,5,256,1,52,2704,256,3200,257.80385
56,128,5,256,2,27,729,256,3200,61.689751
56,128,5,256,4,14,196,256,3200,16.090635
56,128,7,32,1,50,2500,32,6272,66.225571
56,128,7,32,2,26,676,32,6272,16.779596
56,128,7,32,4,14,196,32,6272,5.0161717
56,128,7,64,1,50,2500,64,6272,122.53381
56,128,7,64,2,26,676,64,6272,31.318741
56,128,7,64,4,14,196,64,6272,9.2892441
56,128,7,92,1,50,2500,92,6272,165.87835
56,128,7,92,2,26,676,92,6272,40.734918
56,128,7,92,4,14,196,92,6272,12.11021
56,128,7,128,1,50,2500,128,6272,239.66961
56,128,7,128,2,26,676,128,6272,57.296876
56,128,7,128,4,14,196,128,6272,16.346241
56,128,7,192,1,50,2500,192,6272,349.4186
56,128,7,192,2,26,676,192,6272,83.158056
56,128,7,192,4,14,196,192,6272,23.785031
56,128,7,256,1,50,2500,256,6272,498.02151
56,128,7,256,2,26,676,256,6272,119.05228
56,128,7,256,4,14,196,256,6272,31.767351
56,128,11,32,1,46,2116,32,15488,145.98696
56,128,11,32,2,24,576,32,15488,36.703643
56,128,11,32,4,13,169,32,15488,9.6876821
56,128,11,64,1,46,2116,64,15488,283.38253
56,128,11,64,2,24,576,64,15488,66.774525
56,128,11,64,4,13,169,64,15488,17.604496
56,128,11,92,1,46,2116,92,15488,375.56454
56,128,11,92,2,24,576,92,15488,89.175532
56,128,11,92,4,13,169,92,15488,22.893009
56,128,11,128,1,46,2116,128,15488,538.31731
56,128,11,128,2,24,576,128,15488,128.01205
56,128,11,128,4,13,169,128,15488,30.868888
56,128,11,192,1,46,2116,192,15488,791.64297
56,128,11,192,2,24,576,192,15488,182.64868
56,128,11,192,4,13,169,192,15488,45.708613
56,128,11,256,1,46,2116,256,15488,1126.29586
56,128,11,256,2,24,576,256,15488,263.855
56,128,11,256,4,13,169,256,15488,64.192475
56,192,1,32,1,56,3136,32,192,2.2988607
56,192,1,32,2,29,841,32,192,0.68273131
56,192,1,32,4,15,225,32,192,0.129611
56,192,1,64,1,56,3136,64,192,4.1264323
56,192,1,64,2,29,841,64,192,1.1615948
56,192,1,64,4,15,225,64,192,0.44003104
56,192,1,92,1,56,3136,92,192,6.1258656
56,192,1,92,2,29,841,92,192,1.6058769
56,192,1,92,4,15,225,92,192,0.41063296
56,192,1,128,1,56,3136,128,192,7.8756706
56,192,1,128,2,29,841,128,192,2.0739116
56,192,1,128,4,15,225,128,192,0.7027244
56,192,1,192,1,56,3136,192,192,11.591653
56,192,1,192,2,29,841,192,192,3.0421408
56,192,1,192,4,15,225,192,192,0.73021391
56,192,1,256,1,56,3136,256,192,15.260989
56,192,1,256,2,29,841,256,192,3.9857812
56,192,1,256,4,15,225,256,192,1.1447239
56,192,3,32,1,54,2916,32,1728,21.10049
56,192,3,32,2,28,784,32,1728,5.3887553
56,192,3,32,4,15,225,32,1728,1.6568625
56,192,3,64,1,54,2916,64,1728,38.753124
56,192,3,64,2,28,784,64,1728,9.8186039
56,192,3,64,4,15,225,64,1728,2.9501814
56,192,3,92,1,54,2916,92,1728,50.26014
56,192,3,92,2,28,784,92,1728,12.801657
56,192,3,92,4,15,225,92,1728,3.7433623
56,192,3,128,1,54,2916,128,1728,67.761806
56,192,3,128,2,28,784,128,1728,17.059723
56,192,3,128,4,15,225,128,1728,4.9834921
56,192,3,192,1,54,2916,192,1728,97.397638
56,192,3,192,2,28,784,192,1728,24.861017
56,192,3,192,4,15,225,192,1728,7.0360467
56,192,3,256,1,54,2916,256,1728,135.2045
56,192,3,256,2,28,784,256,1728,33.648349
56,192,3,256,4,15,225,256,1728,9.5853493
56,192,5,32,1,52,2704,32,4800,54.059652
56,192,5,32,2,27,729,32,4800,13.716053
56,192,5,32,4,14,196,32,4800,3.8401355
56,192,5,64,1,52,2704,64,4800,98.95749
56,192,5,64,2,27,729,64,4800,25.188491
56,192,5,64,4,14,196,64,4800,6.8882653
56,192,5,92,1,52,2704,92,4800,129.91158
56,192,5,92,2,27,729,92,4800,33.254092
56,192,5,92,4,14,196,92,4800,9.1353494
56,192,5,128,1,52,2704,128,4800,192.88309
56,192,5,128,2,27,729,128,4800,45.869751
56,192,5,128,4,14,196,128,4800,12.394631
56,192,5,192,1,52,2704,192,4800,279.41962
56,192,5,192,2,27,729,192,4800,65.964767
56,192,5,192,4,14,196,192,4800,18.076723
56,192,5,256,1,52,2704,256,4800,401.52742
56,192,5,256,2,27,729,256,4800,96.378491
56,192,5,256,4,14,196,256,4800,24.145388
56,192,7,32,1,50,2500,32,9408,100.20501
56,192,7,32,2,26,676,32,9408,25.658119
56,192,7,32,4,14,196,32,9408,7.647388
56,192,7,64,1,50,2500,64,9408,193.56222
56,192,7,64,2,26,676,64,9408,46.742902
56,192,7,64,4,14,196,64,9408,14.052793
56,192,7,92,1,50,2500,92,9408,255.49187
56,192,7,92,2,26,676,92,9408,61.415613
56,192,7,92,4,14,196,92,9408,18.095594
56,192,7,128,1,50,2500,128,9408,367.24548
56,192,7,128,2,26,676,128,9408,88.133898
56,192,7,128,4,14,196,128,9408,24.241664
56,192,7,192,1,50,2500,192,9408,537.23816
56,192,7,192,2,26,676,192,9408,128.68779
56,192,7,192,4,14,196,192,9408,35.290804
56,192,7,256,1,50,2500,256,9408,768.66442
56,192,7,256,2,26,676,256,9408,183.12328
56,192,7,256,4,14,196,256,9408,47.844991
56,192,11,32,1,46,2116,32,23232,226.80682
56,192,11,32,2,24,576,32,23232,55.319715
56,192,11,32,4,13,169,32,23232,14.647512
56,192,11,64,1,46,2116,64,23232,440.07398
56,192,11,64,2,24,576,64,23232,100.87284
56,192,11,64,4,13,169,64,23232,27.282042
56,192,11,92,1,46,2116,92,23232,594.50769
56,192,11,92,2,24,576,92,23232,139.20018
56,192,11,92,4,13,169,92,23232,35.214868
56,192,11,128,1,46,2116,128,23232,846.65024
56,192,11,128,2,24,576,128,23232,198.47659
56,192,11,128,4,13,169,128,23232,47.900813
56,192,11,192,1,46,2116,192,23232,1220.2644
56,192,11,192,2,24,576,192,23232,277.47602
56,192,11,192,4,13,169,192,23232,71.556911
56,192,11,256,1,46,2116,256,23232,1769.4444
56,192,11,256,2,24,576,256,23232,409.80806
56,192,11,256,4,13,169,256,23232,102.600158
56,256,1,32,1,56,3136,32,256,4.1772032
56,256,1,32,2,29,841,32,256,1.00682435
56,256,1,32,4,15,225,32,256,0.31706557
56,256,1,64,1,56,3136,64,256,7.0855294
56,256,1,64,2,29,841,64,256,1.7560878
56,256,1,64,4,15,225,64,256,0.50913167
56,256,1,92,1,56,3136,92,256,9.0429945
56,256,1,92,2,29,841,92,256,2.2721475
56,256,1,92,4,15,225,92,256,0.64426724
56,256,1,128,1,56,3136,128,256,12.007945
56,256,1,128,2,29,841,128,256,2.9890986
56,256,1,128,4,15,225,128,256,0.83972786
56,256,1,192,1,56,3136,192,256,16.856888
56,256,1,192,2,29,841,192,256,4.2027299
56,256,1,192,4,15,225,192,256,1.1579901
56,256,1,256,1,56,3136,256,256,22.828373
56,256,1,256,2,29,841,256,256,5.7123986
56,256,1,256,4,15,225,256,256,1.5049566
56,256,3,32,1,54,2916,32,2304,28.030328
56,256,3,32,2,28,784,32,2304,7.2951331
56,256,3,32,4,15,225,32,2304,2.2499882
56,256,3,64,1,54,2916,64,2304,50.262513
56,256,3,64,2,28,784,64,2304,12.922454
56,256,3,64,4,15,225,64,2304,3.941327
56,256,3,92,1,54,2916,92,2304,65.201791
56,256,3,92,2,28,784,92,2304,16.659138
56,256,3,92,4,15,225,92,2304,5.0457212
56,256,3,128,1,54,2916,128,2304,87.717719
56,256,3,128,2,28,784,128,2304,22.378068
56,256,3,128,4,15,225,128,2304,6.557503
56,256,3,192,1,54,2916,192,2304,127.76571
56,256,3,192,2,28,784,192,2304,33.23104
56,256,3,192,4,15,225,192,2304,9.6074408
56,256,3,256,1,54,2916,256,2304,185.05332
56,256,3,256,2,28,784,256,2304,44.856028
56,256,3,256,4,15,225,256,2304,13.103593
56,256,5,32,1,52,2704,32,6400,72.297061
56,256,5,32,2,27,729,32,6400,18.258879
56,256,5,32,4,14,196,32,6400,5.1107753
56,256,5,64,1,52,2704,64,6400,135.40677
56,256,5,64,2,27,729,64,6400,34.446581
56,256,5,64,4,14,196,64,6400,9.5504888
56,256,5,92,1,52,2704,92,6400,185.96749
56,256,5,92,2,27,729,92,6400,44.827665
56,256,5,92,4,14,196,92,6400,12.358245
56,256,5,128,1,52,2704,128,6400,259.19375
56,256,5,128,2,27,729,128,6400,61.123734
56,256,5,128,4,14,196,128,6400,16.514385
56,256,5,192,1,52,2704,192,6400,386.86341
56,256,5,192,2,27,729,192,6400,90.03501
56,256,5,192,4,14,196,192,6400,24.087419
56,256,5,256,1,52,2704,256,6400,551.38802
56,256,5,256,2,27,729,256,6400,131.10486
56,256,5,256,4,14,196,256,6400,32.181948
56,256,7,32,1,50,2500,32,12544,137.70858
56,256,7,32,2,26,676,32,12544,35.020282
56,256,7,32,4,14,196,32,12544,10.622113
56,256,7,64,1,50,2500,64,12544,261.55319
56,256,7,64,2,26,676,64,12544,62.895687
56,256,7,64,4,14,196,64,12544,18.807494
56,256,7,92,1,50,2500,92,12544,349.88755
56,256,7,92,2,26,676,92,12544,84.564341
56,256,7,92,4,14,196,92,12544,24.32099
56,256,7,128,1,50,2500,128,12544,487.83908
56,256,7,128,2,26,676,128,12544,116.60018
56,256,7,128,4,14,196,128,12544,32.145336
56,256,7,192,1,50,2500,192,12544,718.44722
56,256,7,192,2,26,676,192,12544,171.86622
56,256,7,192,4,14,196,192,12544,47.531755
56,256,7,256,1,50,2500,256,12544,1030.89222
56,256,7,256,2,26,676,256,12544,241.44823
56,256,7,256,4,14,196,256,12544,65.59876
56,256,11,32,1,46,2116,32,30976,308.48322
56,256,11,32,2,24,576,32,30976,74.24213
56,256,11,32,4,13,169,32,30976,19.79421
56,256,11,64,1,46,2116,64,30976,615.33585
56,256,11,64,2,24,576,64,30976,139.36064
56,256,11,64,4,13,169,64,30976,36.76907
56,256,11,92,1,46,2116,92,30976,828.40978
56,256,11,92,2,24,576,92,30976,187.92013
56,256,11,92,4,13,169,92,30976,47.267787
56,256,11,128,1,46,2116,128,30976,1205.71
56,256,11,128,2,24,576,128,30976,281.8107
56,256,11,128,4,13,169,128,30976,68.998252
56,256,11,192,1,46,2116,192,30976,1768.3596
56,256,11,192,2,24,576,192,30976,397.46959
56,256,11,192,4,13,169,192,30976,98.975796
56,256,11,256,1,46,2116,256,30976,2417.1717
56,256,11,256,2,24,576,256,30976,576.40283
56,256,11,256,4,13,169,256,30976,140.60477
112,32,1,32,1,112,12544,32,32,1.5518516
112,32,1,32,2,57,3249,32,32,0.59631343
112,32,1,32,4,29,841,32,32,0.34117638
112,32,1,64,1,112,12544,64,32,2.8943142
112,32,1,64,2,57,3249,64,32,0.92907244
112,32,1,64,4,29,841,64,32,0.22799445
112,32,1,92,1,112,12544,92,32,4.3778573
112,32,1,92,2,57,3249,92,32,1.2759508
112,32,1,92,4,29,841,92,32,0.33355001
112,32,1,128,1,112,12544,128,32,5.5220501
112,32,1,128,2,57,3249,128,32,1.5906106
112,32,1,128,4,29,841,128,32,0.60838974
112,32,1,192,1,112,12544,192,32,8.1576282
112,32,1,192,2,57,3249,192,32,2.2330495
112,32,1,192,4,29,841,192,32,0.74999569
112,32,1,256,1,112,12544,256,32,10.9708423
112,32,1,256,2,57,3249,256,32,2.945119
112,32,1,256,4,29,841,256,32,0.92382924
112,32,3,32,1,110,12100,32,288,16.899828
112,32,3,32,2,56,3136,32,288,4.2680665
112,32,3,32,4,29,841,32,288,1.08905558
112,32,3,64,1,110,12100,64,288,29.513679
112,32,3,64,2,56,3136,64,288,7.5144435
112,32,3,64,4,29,841,64,288,1.899191
112,32,3,92,1,110,12100,92,288,37.960203
112,32,3,92,2,56,3136,92,288,9.5931011
112,32,3,92,4,29,841,92,288,2.4230364
112,32,3,128,1,110,12100,128,288,50.632136
112,32,3,128,2,56,3136,128,288,12.768435
112,32,3,128,4,29,841,128,288,3.2261387
112,32,3,192,1,110,12100,192,288,71.902804
112,32,3,192,2,56,3136,192,288,18.111527
112,32,3,192,4,29,841,192,288,4.6467182
112,32,3,256,1,110,12100,256,288,96.83196
112,32,3,256,2,56,3136,256,288,24.39105
112,32,3,256,4,29,841,256,288,6.3106206
112,32,5,32,1,108,11664,32,800,41.493035
112,32,5,32,2,55,3025,32,800,10.3598287
112,32,5,32,4,28,784,32,800,2.7007
112,32,5,64,1,108,11664,64,800,73.766626
112,32,5,64,2,55,3025,64,800,18.575844
112,32,5,64,4,28,784,64,800,4.7114446
112,32,5,92,1,108,11664,92,800,97.038637
112,32,5,92,2,55,3025,92,800,24.014647
112,32,5,92,4,28,784,92,800,6.0759535
112,32,5,128,1,108,11664,128,800,126.55209
112,32,5,128,2,55,3025,128,800,32.075728
112,32,5,128,4,28,784,128,800,8.1434128
112,32,5,192,1,108,11664,192,800,182.38087
112,32,5,192,2,55,3025,192,800,45.320571
112,32,5,192,4,28,784,192,800,11.406446
112,32,5,256,1,108,11664,256,800,244.51053
112,32,5,256,2,55,3025,256,800,61.878913
112,32,5,256,4,28,784,256,800,15.54089
112,32,7,32,1,106,11236,32,1568,73.88392
112,32,7,32,2,54,2916,32,1568,18.796646
112,32,7,32,4,28,784,32,1568,5.0560494
112,32,7,64,1,106,11236,64,1568,132.92755
112,32,7,64,2,54,2916,64,1568,33.358391
112,32,7,64,4,28,784,64,1568,9.0448025
112,32,7,92,1,106,11236,92,1568,172.10578
112,32,7,92,2,54,2916,92,1568,43.485903
112,32,7,92,4,28,784,92,1568,11.575268
112,32,7,128,1,106,11236,128,1568,229.91319
112,32,7,128,2,54,2916,128,1568,59.408055
112,32,7,128,4,28,784,128,1568,15.380656
112,32,7,192,1,106,11236,192,1568,338.79773
112,32,7,192,2,54,2916,192,1568,83.281565
112,32,7,192,4,28,784,192,1568,22.694016
112,32,7,256,1,106,11236,256,1568,451.87796
112,32,7,256,2,54,2916,256,1568,114.56844
112,32,7,256,4,28,784,256,1568,30.411803
112,32,11,32,1,102,10404,32,3872,163.74491
112,32,11,32,2,52,2704,32,3872,41.789547
112,32,11,32,4,27,729,32,3872,11.1380484
112,32,11,64,1,102,10404,64,3872,301.8456
112,32,11,64,2,52,2704,64,3872,75.953741
112,32,11,64,4,27,729,64,3872,20.115695
112,32,11,92,1,102,10404,92,3872,392.48177
112,32,11,92,2,52,2704,92,3872,100.169076
112,32,11,92,4,27,729,92,3872,26.06006
112,32,11,128,1,102,10404,128,3872,561.497
112,32,11,128,2,52,2704,128,3872,141.024
112,32,11,128,4,27,729,128,3872,37.343901
112,32,11,192,1,102,10404,192,3872,830.16354
112,32,11,192,2,52,2704,192,3872,201.8067
112,32,11,192,4,27,729,192,3872,52.038421
112,32,11,256,1,102,10404,256,3872,1233.2933
112,32,11,256,2,52,2704,256,3872,278.30657
112,32,11,256,4,27,729,256,3872,71.091916
112,64,1,32,1,112,12544,32,64,2.6540988
112,64,1,32,2,57,3249,32,64,0.86017408
112,64,1,32,4,29,841,32,64,0.43470648
112,64,1,64,1,112,12544,64,64,5.3223226
112,64,1,64,2,57,3249,64,64,1.5607899
112,64,1,64,4,29,841,64,64,0.56685094
112,64,1,92,1,112,12544,92,64,8.1556055
112,64,1,92,2,57,3249,92,64,2.1907988
112,64,1,92,4,29,841,92,64,0.70367925
112,64,1,128,1,112,12544,128,64,10.5625959
112,64,1,128,2,57,3249,128,64,2.8305709
112,64,1,128,4,29,841,128,64,0.8836148
112,64,1,192,1,112,12544,192,64,15.706435
112,64,1,192,2,57,3249,192,64,4.0076467
112,64,1,192,4,29,841,192,64,1.2003086
112,64,1,256,1,112,12544,256,64,20.765219
112,64,1,256,2,57,3249,256,64,5.3761445
112,64,1,256,4,29,841,256,64,1.5017135
112,64,3,32,1,110,12100,32,576,31.271394
112,64,3,32,2,56,3136,32,576,7.9203847
112,64,3,32,4,29,841,32,576,2.1375645
112,64,3,64,1,110,12100,64,576,55.867991
112,64,3,64,2,56,3136,64,576,14.017989
112,64,3,64,4,29,841,64,576,3.6662963
112,64,3,92,1,110,12100,92,576,72.992124
112,64,3,92,2,56,3136,92,576,18.074576
112,64,3,92,4,29,841,92,576,4.8050764
112,64,3,128,1,110,12100,128,576,95.858691
112,64,3,128,2,56,3136,128,576,24.114087
112,64,3,128,4,29,841,128,576,6.230481
112,64,3,192,1,110,12100,192,576,139.78439
112,64,3,192,2,56,3136,192,576,34.833493
112,64,3,192,4,29,841,192,576,9.0383954
112,64,3,256,1,110,12100,256,576,188.0659
112,64,3,256,2,56,3136,256,576,47.066534
112,64,3,256,4,29,841,256,576,12.171456
112,64,5,32,1,108,11664,32,1600,79.424423
112,64,5,32,2,55,3025,32,1600,19.739179
112,64,5,32,4,28,784,32,1600,5.0457664
112,64,5,64,1,108,11664,64,1600,141.815
112,64,5,64,2,55,3025,64,1600,35.648901
112,64,5,64,4,28,784,64,1600,9.0298752
112,64,5,92,1,108,11664,92,1600,186.91782
112,64,5,92,2,55,3025,92,1600,45.599003
112,64,5,92,4,28,784,92,1600,11.625101
112,64,5,128,1,108,11664,128,1600,248.45084
112,64,5,128,2,55,3025,128,1600,63.459444
112,64,5,128,4,28,784,128,1600,15.706887
112,64,5,192,1,108,11664,192,1600,360.47452
112,64,5,192,2,55,3025,192,1600,89.717819
112,64,5,192,4,28,784,192,1600,22.61243
112,64,5,256,1,108,11664,256,1600,486.7475
112,64,5,256,2,55,3025,256,1600,121.98576
112,64,5,256,4,28,784,256,1600,30.873408
112,64,7,32,1,106,11236,32,3136,145.15754
112,64,7,32,2,54,2916,32,3136,36.69562
112,64,7,32,4,28,784,32,3136,9.908857
112,64,7,64,1,106,11236,64,3136,260.5102
112,64,7,64,2,54,2916,64,3136,66.032454
112,64,7,64,4,28,784,64,3136,17.698851
112,64,7,92,1,106,11236,92,3136,343.57311
112,64,7,92,2,54,2916,92,3136,85.502806
112,64,7,92,4,28,784,92,3136,23.001602
112,64,7,128,1,106,11236,128,3136,464.49215
112,64,7,128,2,54,2916,128,3136,116.76403
112,64,7,128,4,28,784,128,3136,31.055225
112,64,7,192,1,106,11236,192,3136,769.7673
112,64,7,192,2,54,2916,192,3136,179.30275
112,64,7,192,4,28,784,192,3136,45.72093
112,64,7,256,1,106,11236,256,3136,1054.39848
112,64,7,256,2,54,2916,256,3136,247.75589
112,64,7,256,4,28,784,256,3136,60.97254
112,64,11,32,1,102,10404,32,7744,340.43397
112,64,11,32,2,52,2704,32,7744,85.653435
112,64,11,32,4,27,729,32,7744,22.527454
112,64,11,64,1,102,10404,64,7744,660.36522
112,64,11,64,2,52,2704,64,7744,157.43273
112,64,11,64,4,27,729,64,7744,41.999727
112,64,11,92,1,102,10404,92,7744,892.40846
112,64,11,92,2,52,2704,92,7744,210.33933
112,64,11,92,4,27,729,92,7744,53.356905
112,64,11,128,1,102,10404,128,7744,1331.5355
112,64,11,128,2,52,2704,128,7744,303.80276
112,64,11,128,4,27,729,128,7744,74.604973
112,64,11,192,1,102,10404,192,7744,1927.9608
112,64,11,192,2,52,2704,192,7744,450.1355
112,64,11,192,4,27,729,192,7744,107.096428
112,64,11,256,1,102,10404,256,7744,2767.9576
112,64,11,256,2,52,2704,256,7744,628.45628
112,64,11,256,4,27,729,256,7744,153.94442
112,92,1,32,1,112,12544,32,92,3.9871259
112,92,1,32,2,57,3249,32,92,1.1712789
112,92,1,32,4,29,841,32,92,0.37832626
112,92,1,64,1,112,12544,64,92,7.6468908
112,92,1,64,2,57,3249,64,92,2.0895169
112,92,1,64,4,29,841,64,92,0.70884335
112,92,1,92,1,112,12544,92,92,11.568714
112,92,1,92,2,57,3249,92,92,3.0513616
112,92,1,92,4,29,841,92,92,0.93694063
112,92,1,128,1,112,12544,128,92,14.917469
112,92,1,128,2,57,3249,128,92,3.8924997
112,92,1,128,4,29,841,128,92,1.1575607
112,92,1,192,1,112,12544,192,92,22.157153
112,92,1,192,2,57,3249,192,92,5.7218228
112,92,1,192,4,29,841,192,92,1.6054136
112,92,1,256,1,112,12544,256,92,29.184962
112,92,1,256,2,57,3249,256,92,7.5269639
112,92,1,256,4,29,841,256,92,2.043605
112,92,3,32,1,110,12100,32,828,44.34233
112,92,3,32,2,56,3136,32,828,11.2022211
112,92,3,32,4,29,841,32,828,2.9334348
112,92,3,64,1,110,12100,64,828,79.241476
112,92,3,64,2,56,3136,64,828,19.86314
112,92,3,64,4,29,841,64,828,5.2375613
112,92,3,92,1,110,12100,92,828,102.606825
112,92,3,92,2,56,3136,92,828,25.415734
112,92,3,92,4,29,841,92,828,6.6830912
112,92,3,128,1,110,12100,128,828,138.08035
112,92,3,128,2,56,3136,128,828,34.616081
112,92,3,128,4,29,841,128,828,8.8203167
112,92,3,192,1,110,12100,192,828,192.49776
112,92,3,192,2,56,3136,192,828,48.44536
112,92,3,192,4,29,841,192,828,12.556221
112,92,3,256,1,110,12100,256,828,270.3525
112,92,3,256,2,56,3136,256,828,66.261957
112,92,3,256,4,29,841,256,828,17.125828
112,92,5,32,1,108,11664,32,2300,113.79439
112,92,5,32,2,55,3025,32,2300,28.455321
112,92,5,32,4,28,784,32,2300,7.2675837
112,92,5,64,1,108,11664,64,2300,202.27113
112,92,5,64,2,55,3025,64,2300,50.515068
112,92,5,64,4,28,784,64,2300,12.845388
112,92,5,92,1,108,11664,92,2300,264.88443
112,92,5,92,2,55,3025,92,2300,65.207215
112,92,5,92,4,28,784,92,2300,16.530092
112,92,5,128,1,108,11664,128,2300,353.88662
112,92,5,128,2,55,3025,128,2300,90.646227
112,92,5,128,4,28,784,128,2300,22.272187
112,92,5,192,1,108,11664,192,2300,524.28158
112,92,5,192,2,55,3025,192,2300,130.67772
112,92,5,192,4,28,784,192,2300,33.488793
112,92,5,256,1,108,11664,256,2300,773.05334
112,92,5,256,2,55,3025,256,2300,182.21702
112,92,5,256,4,28,784,256,2300,45.857999
112,92,7,32,1,106,11236,32,4508,208.72908
112,92,7,32,2,54,2916,32,4508,51.822252
112,92,7,32,4,28,784,32,4508,13.671079
112,92,7,64,1,106,11236,64,4508,377.77595
112,92,7,64,2,54,2916,64,4508,96.034745
112,92,7,64,4,28,784,64,4508,25.491896
112,92,7,92,1,106,11236,92,4508,498.67465
112,92,7,92,2,54,2916,92,4508,126.03568
112,92,7,92,4,28,784,92,4508,33.249346
112,92,7,128,1,106,11236,128,4508,740.59296
112,92,7,128,2,54,2916,128,4508,175.263
112,92,7,128,4,28,784,128,4508,45.150732
112,92,7,192,1,106,11236,192,4508,1082.83267
112,92,7,192,2,54,2916,192,4508,255.19016
112,92,7,192,4,28,784,192,4508,66.922442
112,92,7,256,1,106,11236,256,4508,1569.1632
112,92,7,256,2,54,2916,256,4508,350.59267
112,92,7,256,4,28,784,256,4508,90.624531
112,92,11,32,1,102,10404,32,11132,496.08921
112,92,11,32,2,52,2704,32,11132,124.26836
112,92,11,32,4,27,729,32,11132,32.946506
112,92,11,64,1,102,10404,64,11132,968.99082
112,92,11,64,2,52,2704,64,11132,225.84067
112,92,11,64,4,27,729,64,11132,59.779825
112,92,11,92,1,102,10404,92,11132,1299.5113
112,92,11,92,2,52,2704,92,11132,296.99677
112,92,11,92,4,27,729,92,11132,76.415459
112,92,11,128,1,102,10404,128,11132,1785.1514
112,92,11,128,2,52,2704,128,11132,412.94042
112,92,11,128,4,27,729,128,11132,102.706039
112,92,11,192,1,102,10404,192,11132,2609.0005
112,92,11,192,2,52,2704,192,11132,600.39838
112,92,11,192,4,27,729,192,11132,150.41317
112,92,11,256,1,102,10404,256,11132,3727.418
112,92,11,256,2,52,2704,256,11132,835.61805
112,92,11,256,4,27,729,256,11132,203.68137
112,128,1,32,1,112,12544,32,128,5.5908445
112,128,1,32,2,57,3249,32,128,1.5875483
112,128,1,32,4,29,841,32,128,0.55525149
112,128,1,64,1,112,12544,64,128,10.6912803
112,128,1,64,2,57,3249,64,128,2.8439275
112,128,1,64,4,29,841,64,128,0.89968114
112,128,1,92,1,112,12544,92,128,15.796948
112,128,1,92,2,57,3249,92,128,4.1015158
112,128,1,92,4,29,841,92,128,1.1828953
112,128,1,128,1,112,12544,128,128,20.626342
112,128,1,128,2,57,3249,128,128,5.2874847
112,128,1,128,4,29,841,128,128,1.4998829
112,128,1,192,1,112,12544,192,128,30.23767
112,128,1,192,2,57,3249,192,128,7.8009324
112,128,1,192,4,29,841,192,128,2.1250554
112,128,1,256,1,112,12544,256,128,40.542931
112,128,1,256,2,57,3249,256,128,10.2601627
112,128,1,256,4,29,841,256,128,2.648268
112,128,3,32,1,110,12100,32,1152,58.908934
112,128,3,32,2,56,3136,32,1152,14.880744
112,128,3,32,4,29,841,32,1152,4.0513551
112,128,3,64,1,110,12100,64,1152,106.969529
112,128,3,64,2,56,3136,64,1152,27.060562
112,128,3,64,4,29,841,64,1152,7.1176101
112,128,3,92,1,110,12100,92,1152,139.14933
112,128,3,92,2,56,3136,92,1152,34.74411
112,128,3,92,4,29,841,92,1152,9.1578025
112,128,3,128,1,110,12100,128,1152,191.53726
112,128,3,128,2,56,3136,128,1152,47.857308
112,128,3,128,4,29,841,128,1152,12.193491
112,128,3,192,1,110,12100,192,1152,263.29226
112,128,3,192,2,56,3136,192,1152,68.063968
112,128,3,192,4,29,841,192,1152,17.691506
112,128,3,256,1,110,12100,256,1152,372.68417
112,128,3,256,2,56,3136,256,1152,91.496778
112,128,3,256,4,29,841,256,1152,23.946621
112,128,5,32,1,108,11664,32,3200,152.37259
112,128,5,32,2,55,3025,32,3200,38.26971
112,128,5,32,4,28,784,32,3200,9.8317684
112,128,5,64,1,108,11664,64,3200,279.8784
112,128,5,64,2,55,3025,64,3200,69.603028
112,128,5,64,4,28,784,64,3200,17.984967
112,128,5,92,1,108,11664,92,3200,376.96122
112,128,5,92,2,55,3025,92,3200,89.716011
112,128,5,92,4,28,784,92,3200,23.650109
112,128,5,128,1,108,11664,128,3200,504.2964
112,128,5,128,2,55,3025,128,3200,129.05956
112,128,5,128,4,28,784,128,3200,31.809613
112,128,5,192,1,108,11664,192,3200,759.81991
112,128,5,192,2,55,3025,192,3200,185.58216
112,128,5,192,4,28,784,192,3200,46.695103
112,128,5,256,1,108,11664,256,3200,1133.7629
112,128,5,256,2,55,3025,256,3200,263.7307
112,128,5,256,4,28,784,256,3200,63.292204
112,128,7,32,1,106,11236,32,6272,294.50512
112,128,7,32,2,54,2916,32,6272,73.324796
112,128,7,32,4,28,784,32,6272,19.117905
112,128,7,64,1,106,11236,64,6272,566.43058
112,128,7,64,2,54,2916,64,6272,137.36845
112,128,7,64,4,28,784,64,6272,36.771782
112,128,7,92,1,106,11236,92,6272,813.80114
112,128,7,92,2,54,2916,92,6272,192.89439
112,128,7,92,4,28,784,92,6272,47.300331
112,128,7,128,1,106,11236,128,6272,1178.2397
112,128,7,128,2,54,2916,128,6272,281.24344
112,128,7,128,4,28,784,128,6272,66.932386
112,128,7,192,1,106,11236,192,6272,1675.8691
112,128,7,192,2,54,2916,192,6272,397.14189
112,128,7,192,4,28,784,192,6272,97.109149
112,128,7,256,1,106,11236,256,6272,2515.7303
112,128,7,256,2,54,2916,256,6272,589.9617
112,128,7,256,4,28,784,256,6272,140.76862
112,128,11,32,1,102,10404,32,15488,806.08098
112,128,11,32,2,52,2704,32,15488,189.60157
112,128,11,32,4,27,729,32,15488,45.919697
112,128,11,64,1,102,10404,64,15488,1595.3001
112,128,11,64,2,52,2704,64,15488,373.37686
112,128,11,64,4,27,729,64,15488,91.317108
112,128,11,92,1,102,10404,92,15488,2166.9671
112,128,11,92,2,52,2704,92,15488,497.69381
112,128,11,92,4,27,729,92,15488,119.39354
112,128,11,128,1,102,10404,128,15488,3105.353
112,128,11,128,2,52,2704,128,15488,702.15036
112,128,11,128,4,27,729,128,15488,166.95072
112,128,11,192,1,102,10404,192,15488,4144.4219
112,128,11,192,2,52,2704,192,15488,978.28507
112,128,11,192,4,27,729,192,15488,233.16985
112,128,11,256,1,102,10404,256,15488,5931.1666
112,128,11,256,2,52,2704,256,15488,1350.0788
112,128,11,256,4,27,729,256,15488,319.09166
112,192,1,32,1,112,12544,32,192,8.4891476
112,192,1,32,2,57,3249,32,192,2.3333935
112,192,1,32,4,29,841,32,192,0.76092731
112,192,1,64,1,112,12544,64,192,15.968143
112,192,1,64,2,57,3249,64,192,4.1504448
112,192,1,64,4,29,841,64,192,1.06239662
112,192,1,92,1,112,12544,92,192,23.681071
112,192,1,92,2,57,3249,92,192,6.1416291
112,192,1,92,4,29,841,92,192,1.6825813
112,192,1,128,1,112,12544,128,192,30.729672
112,192,1,128,2,57,3249,128,192,7.9012651
112,192,1,128,4,29,841,128,192,1.9893311
112,192,1,192,1,112,12544,192,192,45.738106
112,192,1,192,2,57,3249,192,192,11.632672
112,192,1,192,4,29,841,192,192,3.0437567
112,192,1,256,1,112,12544,256,192,60.825075
112,192,1,256,2,57,3249,256,192,15.277035
112,192,1,256,4,29,841,256,192,4.0047313
112,192,3,32,1,110,12100,32,1728,87.502567
112,192,3,32,2,56,3136,32,1728,22.087658
112,192,3,32,4,29,841,32,1728,5.8075559
112,192,3,64,1,110,12100,64,1728,158.4373
112,192,3,64,2,56,3136,64,1728,40.045618
112,192,3,64,4,29,841,64,1728,10.480863
112,192,3,92,1,110,12100,92,1728,208.72795
112,192,3,92,2,56,3136,92,1728,51.811065
112,192,3,92,4,29,841,92,1728,13.716844
112,192,3,128,1,110,12100,128,1728,283.9803
112,192,3,128,2,56,3136,128,1728,70.701275
112,192,3,128,4,29,841,128,1728,18.314927
112,192,3,192,1,110,12100,192,1728,398.00634
112,192,3,192,2,56,3136,192,1728,100.529885
112,192,3,192,4,29,841,192,1728,26.967337
112,192,3,256,1,110,12100,256,1728,558.672
112,192,3,256,2,56,3136,256,1728,139.79004
112,192,3,256,4,29,841,256,1728,36.22893
112,192,5,32,1,108,11664,32,4800,233.79474
112,192,5,32,2,55,3025,32,4800,58.478065
112,192,5,32,4,28,784,32,4800,14.689774
112,192,5,64,1,108,11664,64,4800,422.81549
112,192,5,64,2,55,3025,64,4800,105.992192
112,192,5,64,4,28,784,64,4800,27.513014
112,192,5,92,1,108,11664,92,4800,571.63649
112,192,5,92,2,55,3025,92,4800,140.20475
112,192,5,92,4,28,784,92,4800,35.883376
112,192,5,128,1,108,11664,128,4800,827.67189
112,192,5,128,2,55,3025,128,4800,198.80881
112,192,5,128,4,28,784,128,4800,48.446038
112,192,5,192,1,108,11664,192,4800,1244.0735
112,192,5,192,2,55,3025,192,4800,285.58829
112,192,5,192,4,28,784,192,4800,70.738904
112,192,5,256,1,108,11664,256,4800,1783.0496
112,192,5,256,2,55,3025,256,4800,412.90878
112,192,5,256,4,28,784,256,4800,97.544764
112,192,7,32,1,106,11236,32,9408,445.68443
112,192,7,32,2,54,2916,32,9408,112.196796
112,192,7,32,4,28,784,32,9408,29.23197
112,192,7,64,1,106,11236,64,9408,902.58524
112,192,7,64,2,54,2916,64,9408,206.32444
112,192,7,64,4,28,784,64,9408,54.184856
112,192,7,92,1,106,11236,92,9408,1268.2216
112,192,7,92,2,54,2916,92,9408,286.568
112,192,7,92,4,28,784,92,9408,70.439115
112,192,7,128,1,106,11236,128,9408,1799.2312
112,192,7,128,2,54,2916,128,9408,402.14327
112,192,7,128,4,28,784,128,9408,96.397475
112,192,7,192,1,106,11236,192,9408,2538.8388
112,192,7,192,2,54,2916,192,9408,586.09032
112,192,7,192,4,28,784,192,9408,145.28523
112,192,7,256,1,106,11236,256,9408,3761.77
112,192,7,256,2,54,2916,256,9408,844.99479
112,192,7,256,4,28,784,256,9408,203.1401
112,192,11,32,1,102,10404,32,23232,1196.1615
112,192,11,32,2,52,2704,32,23232,269.36488
112,192,11,32,4,27,729,32,23232,69.491045
112,192,11,64,1,102,10404,64,23232,2333.5969
112,192,11,64,2,52,2704,64,23232,514.36244
112,192,11,64,4,27,729,64,23232,126.71255
112,192,11,92,1,102,10404,92,23232,3178.0233
112,192,11,92,2,52,2704,92,23232,712.6006
112,192,11,92,4,27,729,92,23232,169.50113
112,192,11,128,1,102,10404,128,23232,4504.9032
112,192,11,128,2,52,2704,128,23232,1016.01238
112,192,11,128,4,27,729,128,23232,241.35896
112,192,11,192,1,102,10404,192,23232,6257.7366
112,192,11,192,2,52,2704,192,23232,1505.5216
112,192,11,192,4,27,729,192,23232,346.58456
112,192,11,256,1,102,10404,256,23232,7271.9681
112,192,11,256,2,52,2704,256,23232,1816.927
112,192,11,256,4,27,729,256,23232,441.2311
112,256,1,32,1,112,12544,32,256,16.063063
112,256,1,32,2,57,3249,32,256,4.2557947
112,256,1,32,4,29,841,32,256,1.10745198
112,256,1,64,1,112,12544,64,256,28.208755
112,256,1,64,2,57,3249,64,256,6.879214
112,256,1,64,4,29,841,64,256,1.8137743
112,256,1,92,1,112,12544,92,256,35.914225
112,256,1,92,2,57,3249,92,256,9.0307453
112,256,1,92,4,29,841,92,256,2.3083527
112,256,1,128,1,112,12544,128,256,47.677073
112,256,1,128,2,57,3249,128,256,12.002408
112,256,1,128,4,29,841,128,256,3.0339031
112,256,1,192,1,112,12544,192,256,66.913741
112,256,1,192,2,57,3249,192,256,16.655861
112,256,1,192,4,29,841,192,256,4.2822141
112,256,1,256,1,112,12544,256,256,90.709055
112,256,1,256,2,57,3249,256,256,22.764641
112,256,1,256,4,29,841,256,256,5.7350777
112,256,3,32,1,110,12100,32,2304,114.48143
112,256,3,32,2,56,3136,32,2304,29.087556
112,256,3,32,4,29,841,32,2304,7.8571838
112,256,3,64,1,110,12100,64,2304,206.91091
112,256,3,64,2,56,3136,64,2304,52.176959
112,256,3,64,4,29,841,64,2304,13.750405
112,256,3,92,1,110,12100,92,2304,271.6972
112,256,3,92,2,56,3136,92,2304,67.281895
112,256,3,92,4,29,841,92,2304,17.8201
112,256,3,128,1,110,12100,128,2304,361.75142
112,256,3,128,2,56,3136,128,2304,92.491517
112,256,3,128,4,29,841,128,2304,24.047304
112,256,3,192,1,110,12100,192,2304,532.58369
112,256,3,192,2,56,3136,192,2304,134.62594
112,256,3,192,4,29,841,192,2304,35.551608
112,256,3,256,1,110,12100,256,2304,728.13019
112,256,3,256,2,56,3136,256,2304,182.19442
112,256,3,256,4,29,841,256,2304,48.011553
112,256,5,32,1,108,11664,32,6400,312.13764
112,256,5,32,2,55,3025,32,6400,78.741451
112,256,5,32,4,28,784,32,6400,19.910148
112,256,5,64,1,108,11664,64,6400,575.54742
112,256,5,64,2,55,3025,64,6400,144.20495
112,256,5,64,4,28,784,64,6400,37.630469
112,256,5,92,1,108,11664,92,6400,774.24888
112,256,5,92,2,55,3025,92,6400,189.0151
112,256,5,92,4,28,784,92,6400,48.740177
112,256,5,128,1,108,11664,128,6400,1074.61192
112,256,5,128,2,55,3025,128,6400,260.51133
112,256,5,128,4,28,784,128,6400,64.888555
112,256,5,192,1,108,11664,192,6400,1566.8241
112,256,5,192,2,55,3025,192,6400,370.46372
112,256,5,192,4,28,784,192,6400,93.701634
112,256,5,256,1,108,11664,256,6400,2262.8476
112,256,5,256,2,55,3025,256,6400,557.0561
112,256,5,256,4,28,784,256,6400,128.69796
112,256,7,32,1,106,11236,32,12544,626.21775
112,256,7,32,2,54,2916,32,12544,153.65514
112,256,7,32,4,28,784,32,12544,40.363374
112,256,7,64,1,106,11236,64,12544,1183.8445
112,256,7,64,2,54,2916,64,12544,271.765
112,256,7,64,4,28,784,64,12544,72.068575
112,256,7,92,1,106,11236,92,12544,1583.2091
112,256,7,92,2,54,2916,92,12544,368.16191
112,256,7,92,4,28,784,92,12544,91.294734
112,256,7,128,1,106,11236,128,12544,2240.1007
112,256,7,128,2,54,2916,128,12544,535.93527
112,256,7,128,4,28,784,128,12544,125.38141
112,256,7,192,1,106,11236,192,12544,3236.2409
112,256,7,192,2,54,2916,192,12544,756.60619
112,256,7,192,4,28,784,192,12544,184.17983
112,256,7,256,1,106,11236,256,12544,4830.2754
112,256,7,256,2,54,2916,256,12544,1219.3717
112,256,7,256,4,28,784,256,12544,303.52026
112,256,11,32,1,102,10404,32,30976,1823.3567
112,256,11,32,2,52,2704,32,30976,396.42999
112,256,11,32,4,27,729,32,30976,93.501172
112,256,11,64,1,102,10404,64,30976,3397.0738
112,256,11,64,2,52,2704,64,30976,810.24616
112,256,11,64,4,27,729,64,30976,191.02311
112,256,11,92,1,102,10404,92,30976,4644.4808
112,256,11,92,2,52,2704,92,30976,1073.45254
112,256,11,92,4,27,729,92,30976,267.52411
112,256,11,128,1,102,10404,128,30976,6526.0325
112,256,11,128,2,52,2704,128,30976,1559.7277
112,256,11,128,4,27,729,128,30976,382.89146
112,256,11,192,1,102,10404,192,30976,8984.743
112,256,11,192,2,52,2704,192,30976,2152.2997
112,256,11,192,4,27,729,192,30976,529.14736
112,256,11,256,1,102,10404,256,30976,12782.56
112,256,11,256,2,52,2704,256,30976,3048.288
112,256,11,256,4,27,729,256,30976,773.10984
224,32,1,32,1,224,50176,32,32,5.7812495
224,32,1,32,2,113,12769,32,32,1.5353875
224,32,1,32,4,57,3249,32,32,0.47155804
224,32,1,64,1,224,50176,64,32,10.7996586
224,32,1,64,2,113,12769,64,32,2.8910146
224,32,1,64,4,57,3249,64,32,0.89165023
224,32,1,92,1,224,50176,92,32,16.476756
224,32,1,92,2,113,12769,92,32,4.3824564
224,32,1,92,4,57,3249,92,32,1.2633513
224,32,1,128,1,224,50176,128,32,21.733403
224,32,1,128,2,113,12769,128,32,5.5443224
224,32,1,128,4,57,3249,128,32,1.6030745
224,32,1,192,1,224,50176,192,32,32.56434
224,32,1,192,2,113,12769,192,32,8.0978964
224,32,1,192,4,57,3249,192,32,2.210845
224,32,1,256,1,224,50176,256,32,42.405849
224,32,1,256,2,113,12769,256,32,10.7724595
224,32,1,256,4,57,3249,256,32,2.909524
224,32,3,32,1,222,49284,32,288,67.389358
224,32,3,32,2,112,12544,32,288,16.911354
224,32,3,32,4,57,3249,32,288,4.5419559
224,32,3,64,1,222,49284,64,288,118.71102
224,32,3,64,2,112,12544,64,288,29.810191
224,32,3,64,4,57,3249,64,288,7.6735588
224,32,3,92,1,222,49284,92,288,152.50593
224,32,3,92,2,112,12544,92,288,38.432317
224,32,3,92,4,57,3249,92,288,9.8989921
224,32,3,128,1,222,49284,128,288,205.33343
224,32,3,128,2,112,12544,128,288,51.631621
224,32,3,128,4,57,3249,128,288,13.148793
224,32,3,192,1,222,49284,192,288,290.6812
224,32,3,192,2,112,12544,192,288,72.984327
224,32,3,192,4,57,3249,192,288,18.743875
224,32,3,256,1,222,49284,256,288,394.6977
224,32,3,256,2,112,12544,256,288,98.945399
224,32,3,256,4,57,3249,256,288,25.386354
224,32,5,32,1,220,48400,32,800,171.66508
224,32,5,32,2,111,12321,32,800,43.463981
224,32,5,32,4,56,3136,32,800,10.8296149
224,32,5,64,1,220,48400,64,800,308.53294
224,32,5,64,2,111,12321,64,800,76.960684
224,32,5,64,4,56,3136,64,800,19.631716
224,32,5,92,1,220,48400,92,800,400.66071
224,32,5,92,2,111,12321,92,800,98.800533
224,32,5,92,4,56,3136,92,800,25.284315
224,32,5,128,1,220,48400,128,800,536.63135
224,32,5,128,2,111,12321,128,800,133.29819
224,32,5,128,4,56,3136,128,800,33.200191
224,32,5,192,1,220,48400,192,800,757.79495
224,32,5,192,2,111,12321,192,800,187.07828
224,32,5,192,4,56,3136,192,800,46.891497
224,32,5,256,1,220,48400,256,800,1041.72101
224,32,5,256,2,111,12321,256,800,259.53388
224,32,5,256,4,56,3136,256,800,63.523967
224,32,7,32,1,218,47524,32,1568,310.70706
224,32,7,32,2,110,12100,32,1568,77.90333
224,32,7,32,4,56,3136,32,1568,20.187224
224,32,7,64,1,218,47524,64,1568,558.13412
224,32,7,64,2,110,12100,64,1568,139.21374
224,32,7,64,4,56,3136,64,1568,35.717605
224,32,7,92,1,218,47524,92,1568,754.87955
224,32,7,92,2,110,12100,92,1568,181.42602
224,32,7,92,4,56,3136,92,1568,46.251578
224,32,7,128,1,218,47524,128,1568,1015.01572
224,32,7,128,2,110,12100,128,1568,243.92971
224,32,7,128,4,56,3136,128,1568,63.161802
224,32,7,192,1,218,47524,192,1568,1482.3905
224,32,7,192,2,110,12100,192,1568,356.60314
224,32,7,192,4,56,3136,192,1568,89.884833
224,32,7,256,1,218,47524,256,1568,2179.9621
224,32,7,256,2,110,12100,256,1568,500.15495
224,32,7,256,4,56,3136,256,1568,122.82083
224,32,11,32,1,214,45796,32,3872,803.91138
224,32,11,32,2,108,11664,32,3872,184.72223
224,32,11,32,4,55,3025,32,3872,47.130266
224,32,11,64,1,214,45796,64,3872,1407.9348
224,32,11,64,2,108,11664,64,3872,342.71318
224,32,11,64,4,55,3025,64,3872,85.492975
224,32,11,92,1,214,45796,92,3872,1898.4339
224,32,11,92,2,108,11664,92,3872,457.44547
224,32,11,92,4,55,3025,92,3872,110.952666
224,32,11,128,1,214,45796,128,3872,2972.6232
224,32,11,128,2,108,11664,128,3872,694.04487
224,32,11,128,4,55,3025,128,3872,163.73022
224,32,11,192,1,214,45796,192,3872,4634.3673
224,32,11,192,2,108,11664,192,3872,1083.8282
224,32,11,192,4,55,3025,192,3872,255.48735
224,32,11,256,1,214,45796,256,3872,6251.1487
224,32,11,256,2,108,11664,256,3872,1498.6851
224,32,11,256,4,55,3025,256,3872,352.84589
224,64,1,32,1,224,50176,32,64,10.5838625
224,64,1,32,2,113,12769,32,64,2.6948353
224,64,1,32,4,57,3249,32,64,0.92441345
224,64,1,64,1,224,50176,64,64,20.838895
224,64,1,64,2,113,12769,64,64,5.3256448
224,64,1,64,4,57,3249,64,64,1.5368339
224,64,1,92,1,224,50176,92,64,31.680115
224,64,1,92,2,113,12769,92,64,8.2520397
224,64,1,92,4,57,3249,92,64,2.1312026
224,64,1,128,1,224,50176,128,64,41.502188
224,64,1,128,2,113,12769,128,64,10.5455442
224,64,1,128,4,57,3249,128,64,2.8244463
224,64,1,192,1,224,50176,192,64,61.72851
224,64,1,192,2,113,12769,192,64,15.761692
224,64,1,192,4,57,3249,192,64,4.0434564
224,64,1,256,1,224,50176,256,64,81.368136
224,64,1,256,2,113,12769,256,64,21.407624
224,64,1,256,4,57,3249,256,64,5.4043154
224,64,3,32,1,222,49284,32,576,126.78374
224,64,3,32,2,112,12544,32,576,31.856395
224,64,3,32,4,57,3249,32,576,8.1502832
224,64,3,64,1,222,49284,64,576,227.21927
224,64,3,64,2,112,12544,64,576,56.510283
224,64,3,64,4,57,3249,64,576,14.631692
224,64,3,92,1,222,49284,92,576,292.00895
224,64,3,92,2,112,12544,92,576,73.718827
224,64,3,92,4,57,3249,92,576,18.964338
224,64,3,128,1,222,49284,128,576,389.26918
224,64,3,128,2,112,12544,128,576,97.094798
224,64,3,128,4,57,3249,128,576,25.044642
224,64,3,192,1,222,49284,192,576,566.46335
224,64,3,192,2,112,12544,192,576,140.81834
224,64,3,192,4,57,3249,192,576,36.5894
224,64,3,256,1,222,49284,256,576,758.33057
224,64,3,256,2,112,12544,256,576,191.14628
224,64,3,256,4,57,3249,256,576,48.808881
224,64,5,32,1,220,48400,32,1600,330.71823
224,64,5,32,2,111,12321,32,1600,82.301064
224,64,5,32,4,56,3136,32,1600,20.492889
224,64,5,64,1,220,48400,64,1600,592.16407
224,64,5,64,2,111,12321,64,1600,146.32483
224,64,5,64,4,56,3136,64,1600,37.228867
224,64,5,92,1,220,48400,92,1600,756.87287
224,64,5,92,2,111,12321,92,1600,192.48646
224,64,5,92,4,56,3136,92,1600,47.522263
224,64,5,128,1,220,48400,128,1600,1059.98859
224,64,5,128,2,111,12321,128,1600,262.90015
224,64,5,128,4,56,3136,128,1600,66.57621
224,64,5,192,1,220,48400,192,1600,1517.2736
224,64,5,192,2,111,12321,192,1600,361.35705
224,64,5,192,4,56,3136,192,1600,92.353544
224,64,5,256,1,220,48400,256,1600,2037.1075
224,64,5,256,2,111,12321,256,1600,513.33753
224,64,5,256,4,56,3136,256,1600,126.51141
224,64,7,32,1,218,47524,32,3136,611.74471
224,64,7,32,2,110,12100,32,3136,152.88222
224,64,7,32,4,56,3136,32,3136,39.265805
224,64,7,64,1,218,47524,64,3136,1121.91146
224,64,7,64,2,110,12100,64,3136,276.2285
224,64,7,64,4,56,3136,64,3136,71.387524
224,64,7,92,1,218,47524,92,3136,1434.8966
224,64,7,92,2,110,12100,92,3136,362.36049
224,64,7,92,4,56,3136,92,3136,92.384845
224,64,7,128,1,218,47524,128,3136,2121.5863
224,64,7,128,2,110,12100,128,3136,493.11166
224,64,7,128,4,56,3136,128,3136,126.55661
224,64,7,192,1,218,47524,192,3136,3225.2347
224,64,7,192,2,110,12100,192,3136,772.67705
224,64,7,192,4,56,3136,192,3136,183.61483
224,64,7,256,1,218,47524,256,3136,4683.0477
224,64,7,256,2,110,12100,256,3136,1142.5543
224,64,7,256,4,56,3136,256,3136,257.21173
224,64,11,32,1,214,45796,32,7744,1491.4079
224,64,11,32,2,108,11664,32,7744,367.69183
224,64,11,32,4,55,3025,32,7744,94.945086
224,64,11,64,1,214,45796,64,7744,3042.9883
224,64,11,64,2,108,11664,64,7744,736.16562
224,64,11,64,4,55,3025,64,7744,174.84038
224,64,11,92,1,214,45796,92,7744,4262.7442
224,64,11,92,2,108,11664,92,7744,1014.20664
224,64,11,92,4,55,3025,92,7744,241.5262
224,64,11,128,1,214,45796,128,7744,6089.0954
224,64,11,128,2,108,11664,128,7744,1428.9302
224,64,11,128,4,55,3025,128,7744,336.73548
224,64,11,192,1,214,45796,192,7744,9013.0947
224,64,11,192,2,108,11664,192,7744,2107.5969
224,64,11,192,4,55,3025,192,7744,486.91361
224,64,11,256,1,214,45796,256,7744,13191.281
224,64,11,256,2,108,11664,256,7744,2977.0528
224,64,11,256,4,55,3025,256,7744,761.89798
224,92,1,32,1,224,50176,32,92,15.682479
224,92,1,32,2,113,12769,32,92,3.9685826
224,92,1,32,4,57,3249,32,92,1.2097893
224,92,1,64,1,224,50176,64,92,30.723683
224,92,1,64,2,113,12769,64,92,7.687164
224,92,1,64,4,57,3249,64,92,2.1176652
224,92,1,92,1,224,50176,92,92,45.679233
224,92,1,92,2,113,12769,92,92,11.543176
224,92,1,92,4,57,3249,92,92,3.0841881
224,92,1,128,1,224,50176,128,92,59.061371
224,92,1,128,2,113,12769,128,92,14.938487
224,92,1,128,4,57,3249,128,92,3.8353782
224,92,1,192,1,224,50176,192,92,87.009435
224,92,1,192,2,113,12769,192,92,22.133649
224,92,1,192,4,57,3249,192,92,5.7242862
224,92,1,256,1,224,50176,256,92,115.39334
224,92,1,256,2,113,12769,256,92,29.01275
224,92,1,256,4,57,3249,256,92,7.5348513
224,92,3,32,1,222,49284,32,828,179.99657
224,92,3,32,2,112,12544,32,828,45.280908
224,92,3,32,4,57,3249,32,828,11.601823
224,92,3,64,1,222,49284,64,828,323.1913
224,92,3,64,2,112,12544,64,828,81.12383
224,92,3,64,4,57,3249,64,828,21.014497
224,92,3,92,1,222,49284,92,828,411.44204
224,92,3,92,2,112,12544,92,828,104.777894
224,92,3,92,4,57,3249,92,828,26.738625
224,92,3,128,1,222,49284,128,828,565.53901
224,92,3,128,2,112,12544,128,828,141.86698
224,92,3,128,4,57,3249,128,828,35.928689
224,92,3,192,1,222,49284,192,828,790.05419
224,92,3,192,2,112,12544,192,828,196.38948
224,92,3,192,4,57,3249,192,828,50.064085
224,92,3,256,1,222,49284,256,828,1087.17413
224,92,3,256,2,112,12544,256,828,272.4656
224,92,3,256,4,57,3249,256,828,68.330987
224,92,5,32,1,220,48400,32,2300,470.46194
224,92,5,32,2,111,12321,32,2300,117.83979
224,92,5,32,4,56,3136,32,2300,29.517408
224,92,5,64,1,220,48400,64,2300,842.4263
224,92,5,64,2,111,12321,64,2300,209.63195
224,92,5,64,4,56,3136,64,2300,52.792244
224,92,5,92,1,220,48400,92,2300,1084.27116
224,92,5,92,2,111,12321,92,2300,273.33231
224,92,5,92,4,56,3136,92,2300,67.022221
224,92,5,128,1,220,48400,128,2300,1512.1208
224,92,5,128,2,111,12321,128,2300,378.43813
224,92,5,128,4,56,3136,128,2300,93.75723
224,92,5,192,1,220,48400,192,2300,2425.319
224,92,5,192,2,111,12321,192,2300,535.76012
224,92,5,192,4,56,3136,192,2300,136.01132
224,92,5,256,1,220,48400,256,2300,3489.5417
224,92,5,256,2,111,12321,256,2300,854.09694
224,92,5,256,4,56,3136,256,2300,196.37479
224,92,7,32,1,218,47524,32,4508,900.00997
224,92,7,32,2,110,12100,32,4508,217.5815
224,92,7,32,4,56,3136,32,4508,56.598762
224,92,7,64,1,218,47524,64,4508,1646.0032
224,92,7,64,2,110,12100,64,4508,404.8564
224,92,7,64,4,56,3136,64,4508,101.940916
224,92,7,92,1,218,47524,92,4508,2364.3781
224,92,7,92,2,110,12100,92,4508,545.02386
224,92,7,92,4,56,3136,92,4508,136.95148
224,92,7,128,1,218,47524,128,4508,3483.7335
224,92,7,128,2,110,12100,128,4508,855.31847
224,92,7,128,4,56,3136,128,4508,198.38845
224,92,7,192,1,218,47524,192,4508,5310.2203
224,92,7,192,2,110,12100,192,4508,1236.4347
224,92,7,192,4,56,3136,192,4508,281.71465
224,92,7,256,1,218,47524,256,4508,7551.7561
224,92,7,256,2,110,12100,256,4508,1771.4445
224,92,7,256,4,56,3136,256,4508,420.38034
224,92,11,32,1,214,45796,32,11132,2526.9738
224,92,11,32,2,108,11664,32,11132,574.54624
224,92,11,32,4,55,3025,32,11132,138.74705
224,92,11,64,1,214,45796,64,11132,4955.0161
224,92,11,64,2,108,11664,64,11132,1190.1838
224,92,11,64,4,55,3025,64,11132,274.79114
224,92,11,92,1,214,45796,92,11132,6682.0403
224,92,11,92,2,108,11664,92,11132,1578.8021
224,92,11,92,4,55,3025,92,11132,380.38399
224,92,11,128,1,214,45796,128,11132,9310.3864
224,92,11,128,2,108,11664,128,11132,2216.6871
224,92,11,128,4,55,3025,128,11132,539.52189
224,92,11,192,1,214,45796,192,11132,13556.723
224,92,11,192,2,108,11664,192,11132,3226.0483
224,92,11,192,4,55,3025,192,11132,790.63727
224,92,11,256,1,214,45796,256,11132,18612.004
224,92,11,256,2,108,11664,256,11132,4382.9084
224,92,11,256,4,55,3025,256,11132,1103.66648
224,128,1,32,1,224,50176,32,128,22.314901
224,128,1,32,2,113,12769,32,128,5.5320958
224,128,1,32,4,57,3249,32,128,1.6069278
224,128,1,64,1,224,50176,64,128,42.13657
224,128,1,64,2,113,12769,64,128,10.5979197
224,128,1,64,4,57,3249,64,128,2.8546512
224,128,1,92,1,224,50176,92,128,61.947504
224,128,1,92,2,113,12769,92,128,15.777399
224,128,1,92,4,57,3249,92,128,4.1506369
224,128,1,128,1,224,50176,128,128,80.500522
224,128,1,128,2,113,12769,128,128,20.780813
224,128,1,128,4,57,3249,128,128,5.2903323
224,128,1,192,1,224,50176,192,128,119.62858
224,128,1,192,2,113,12769,192,128,30.326262
224,128,1,192,4,57,3249,192,128,7.8213515
224,128,1,256,1,224,50176,256,128,160.61933
224,128,1,256,2,113,12769,256,128,40.299981
224,128,1,256,4,57,3249,256,128,10.2710785
224,128,3,32,1,222,49284,32,1152,236.35193
224,128,3,32,2,112,12544,32,1152,59.613037
224,128,3,32,4,57,3249,32,1152,15.51716
224,128,3,64,1,222,49284,64,1152,429.38418
224,128,3,64,2,112,12544,64,1152,108.285866
224,128,3,64,4,57,3249,64,1152,27.988179
224,128,3,92,1,222,49284,92,1152,559.71951
224,128,3,92,2,112,12544,92,1152,140.02056
224,128,3,92,4,57,3249,92,1152,36.52838
224,128,3,128,1,222,49284,128,1152,768.92658
224,128,3,128,2,112,12544,128,1152,194.60973
224,128,3,128,4,57,3249,128,1152,49.399871
224,128,3,192,1,222,49284,192,1152,1110.26907
224,128,3,192,2,112,12544,192,1152,268.16256
224,128,3,192,4,57,3249,192,1152,69.638058
224,128,3,256,1,222,49284,256,1152,1509.906
224,128,3,256,2,112,12544,256,1152,372.14968
224,128,3,256,4,57,3249,256,1152,94.633997
224,128,5,32,1,220,48400,32,3200,632.9582
224,128,5,32,2,111,12321,32,3200,159.01925
224,128,5,32,4,56,3136,32,3200,40.125622
224,128,5,64,1,220,48400,64,3200,1160.2501
224,128,5,64,2,111,12321,64,3200,290.08908
224,128,5,64,4,56,3136,64,3200,72.256381
224,128,5,92,1,220,48400,92,3200,1533.5908
224,128,5,92,2,111,12321,92,3200,386.36847
224,128,5,92,4,56,3136,92,3200,95.583197
224,128,5,128,1,220,48400,128,3200,2250.6097
224,128,5,128,2,111,12321,128,3200,524.9754
224,128,5,128,4,56,3136,128,3200,134.45757
224,128,5,192,1,220,48400,192,3200,3677.7884
224,128,5,192,2,111,12321,192,3200,815.74361
224,128,5,192,4,56,3136,192,3200,191.62427
224,128,5,256,1,220,48400,256,3200,5147.5116
224,128,5,256,2,111,12321,256,3200,1273.6908
224,128,5,256,4,56,3136,256,3200,288.00649
224,128,7,32,1,218,47524,32,6272,1278.9792
224,128,7,32,2,110,12100,32,6272,307.34531
224,128,7,32,4,56,3136,32,6272,79.392557
224,128,7,64,1,218,47524,64,6272,2536.3754
224,128,7,64,2,110,12100,64,6272,602.66629
224,128,7,64,4,56,3136,64,6272,146.15985
224,128,7,92,1,218,47524,92,6272,3553.6353
224,128,7,92,2,110,12100,92,6272,844.4603
224,128,7,92,4,56,3136,92,6272,192.51132
224,128,7,128,1,218,47524,128,6272,5081.384
224,128,7,128,2,110,12100,128,6272,1170.1941
224,128,7,128,4,56,3136,128,6272,278.18679
224,128,7,192,1,218,47524,192,6272,7479.5265
224,128,7,192,2,110,12100,192,6272,1799.638
224,128,7,192,4,56,3136,192,6272,402.11615
224,128,7,256,1,218,47524,256,6272,10599.1966
224,128,7,256,2,110,12100,256,6272,2546.003
224,128,7,256,4,56,3136,256,6272,598.01747
224,128,11,32,1,214,45796,32,15488,3634.758
224,128,11,32,2,108,11664,32,15488,804.95324
224,128,11,32,4,55,3025,32,15488,194.29333
224,128,11,64,1,214,45796,64,15488,6846.783
224,128,11,64,2,108,11664,64,15488,1607.9109
224,128,11,64,4,55,3025,64,15488,359.81121
224,128,11,92,1,214,45796,92,15488,9119.1113
224,128,11,92,2,108,11664,92,15488,2183.8719
224,128,11,92,4,55,3025,92,15488,495.93779
224,128,11,128,1,214,45796,128,15488,13082.688
224,128,11,128,2,108,11664,128,15488,3045.9263
224,128,11,128,4,55,3025,128,15488,715.9228
224,128,11,192,1,214,45796,192,15488,19324.356
224,128,11,192,2,108,11664,192,15488,4476.2351
224,128,11,192,4,55,3025,192,15488,1059.30494
224,128,11,256,1,214,45796,256,15488,26879.197
224,128,11,256,2,108,11664,256,15488,6372.8836
224,128,11,256,4,55,3025,256,15488,1544.9134
224,192,1,32,1,224,50176,32,192,33.38246
224,192,1,32,2,113,12769,32,192,8.4552815
224,192,1,32,4,57,3249,32,192,2.3438573
224,192,1,64,1,224,50176,64,192,62.725848
224,192,1,64,2,113,12769,64,192,16.027581
224,192,1,64,4,57,3249,64,192,4.0794243
224,192,1,92,1,224,50176,92,192,94.218722
224,192,1,92,2,113,12769,92,192,23.699151
224,192,1,92,4,57,3249,92,192,6.1617092
224,192,1,128,1,224,50176,128,192,122.51234
224,192,1,128,2,113,12769,128,192,30.731254
224,192,1,128,4,57,3249,128,192,7.9303626
224,192,1,192,1,224,50176,192,192,181.65315
224,192,1,192,2,113,12769,192,192,45.750423
224,192,1,192,4,57,3249,192,192,11.620581
224,192,1,256,1,224,50176,256,192,242.21324
224,192,1,256,2,113,12769,256,192,60.790949
224,192,1,256,4,57,3249,256,192,15.352519
224,192,3,32,1,222,49284,32,1728,352.80182
224,192,3,32,2,112,12544,32,1728,88.517872
224,192,3,32,4,57,3249,32,1728,23.063526
224,192,3,64,1,222,49284,64,1728,648.09568
224,192,3,64,2,112,12544,64,1728,160.57187
224,192,3,64,4,57,3249,64,1728,41.244548
224,192,3,92,1,222,49284,92,1728,842.75739
224,192,3,92,2,112,12544,92,1728,209.94609
224,192,3,92,4,57,3249,92,1728,53.282664
224,192,3,128,1,222,49284,128,1728,1170.8834
224,192,3,128,2,112,12544,128,1728,289.06304
224,192,3,128,4,57,3249,128,1728,73.796458
224,192,3,192,1,222,49284,192,1728,1670.2304
224,192,3,192,2,112,12544,192,1728,401.74099
224,192,3,192,4,57,3249,192,1728,105.939421
224,192,3,256,1,222,49284,256,1728,2298.4878
224,192,3,256,2,112,12544,256,1728,565.56952
224,192,3,256,4,57,3249,256,1728,146.19262
224,192,5,32,1,220,48400,32,4800,967.10711
224,192,5,32,2,111,12321,32,4800,242.76694
224,192,5,32,4,56,3136,32,4800,60.547095
224,192,5,64,1,220,48400,64,4800,1766.529
224,192,5,64,2,111,12321,64,4800,436.18565
224,192,5,64,4,56,3136,64,4800,110.542363
224,192,5,92,1,220,48400,92,4800,2383.4751
224,192,5,92,2,111,12321,92,4800,584.25294
224,192,5,92,4,56,3136,92,4800,146.31805
224,192,5,128,1,220,48400,128,4800,3573.6815
224,192,5,128,2,111,12321,128,4800,812.35813
224,192,5,128,4,56,3136,128,4800,202.83726
224,192,5,192,1,220,48400,192,4800,5376.9468
224,192,5,192,2,111,12321,192,4800,1237.9263
224,192,5,192,4,56,3136,192,4800,286.64145
224,192,5,256,1,220,48400,256,4800,7766.4674
224,192,5,256,2,111,12321,256,4800,1839.3123
224,192,5,256,4,56,3136,256,4800,391.02068
224,192,7,32,1,218,47524,32,9408,1891.9364
224,192,7,32,2,110,12100,32,9408,476.77751
224,192,7,32,4,56,3136,32,9408,120.07719
224,192,7,64,1,218,47524,64,9408,3851.0287
224,192,7,64,2,110,12100,64,9408,862.69511
224,192,7,64,4,56,3136,64,9408,220.52063
224,192,7,92,1,218,47524,92,9408,5228.1597
224,192,7,92,2,110,12100,92,9408,1175.0983
224,192,7,92,4,56,3136,92,9408,282.57119
224,192,7,128,1,218,47524,128,9408,7569.1581
224,192,7,128,2,110,12100,128,9408,1680.5586
224,192,7,128,4,56,3136,128,9408,396.38705
224,192,7,192,1,218,47524,192,9408,11028.6192
224,192,7,192,2,110,12100,192,9408,2476.2029
224,192,7,192,4,56,3136,192,9408,566.53454
224,192,7,256,1,218,47524,256,9408,16010.631
224,192,7,256,2,110,12100,256,9408,3681.0202
224,192,7,256,4,56,3136,256,9408,837.43735
224,192,11,32,2,108,11664,32,23232,1153.7187
224,192,11,32,4,55,3025,32,23232,294.99667
224,192,11,64,2,108,11664,64,23232,2221.2636
224,192,11,64,4,55,3025,64,23232,535.28665
224,192,11,92,2,108,11664,92,23232,3125.2862
224,192,11,92,4,55,3025,92,23232,694.83248
224,192,11,128,2,108,11664,128,23232,4234.8558
224,192,11,128,4,55,3025,128,23232,1020.29508
224,192,11,192,2,108,11664,192,23232,6230.6618
224,192,11,192,4,55,3025,192,23232,1481.2944
224,192,11,256,2,108,11664,256,23232,9204.1551
224,192,11,256,4,55,3025,256,23232,2185.5443
224,256,1,32,1,224,50176,32,256,65.545424
224,256,1,32,2,113,12769,32,256,16.328274
224,256,1,32,4,57,3249,32,256,4.1881755
224,256,1,64,1,224,50176,64,256,112.435452
224,256,1,64,2,113,12769,64,256,28.36526
224,256,1,64,4,57,3249,64,256,7.159228
224,256,1,92,1,224,50176,92,256,142.93709
224,256,1,92,2,113,12769,92,256,35.982025
224,256,1,92,4,57,3249,92,256,9.0113884
224,256,1,128,1,224,50176,128,256,189.79932
224,256,1,128,2,113,12769,128,256,48.077432
224,256,1,128,4,57,3249,128,256,12.033257
224,256,1,192,1,224,50176,192,256,266.19184
224,256,1,192,2,113,12769,192,256,67.373425
224,256,1,192,4,57,3249,192,256,16.878923
224,256,1,256,1,224,50176,256,256,361.39095
224,256,1,256,2,113,12769,256,256,90.651764
224,256,1,256,4,57,3249,256,256,23.458913
224,256,3,32,1,222,49284,32,2304,468.37596
224,256,3,32,2,112,12544,32,2304,117.3731
224,256,3,32,4,57,3249,32,2304,30.087945
224,256,3,64,1,222,49284,64,2304,842.53026
224,256,3,64,2,112,12544,64,2304,210.5755
224,256,3,64,4,57,3249,64,2304,53.900887
224,256,3,92,1,222,49284,92,2304,1077.8618
224,256,3,92,2,112,12544,92,2304,274.94595
224,256,3,92,4,57,3249,92,2304,69.624272
224,256,3,128,1,222,49284,128,2304,1478.5937
224,256,3,128,2,112,12544,128,2304,367.12683
224,256,3,128,4,57,3249,128,2304,93.620387
224,256,3,192,1,222,49284,192,2304,2150.0284
224,256,3,192,2,112,12544,192,2304,540.6598
224,256,3,192,4,57,3249,192,2304,135.98194
224,256,3,256,1,222,49284,256,2304,2958.0801
224,256,3,256,2,112,12544,256,2304,750.27367
224,256,3,256,4,57,3249,256,2304,189.21511
224,256,5,32,1,220,48400,32,6400,1276.0751
224,256,5,32,2,111,12321,32,6400,320.8748
224,256,5,32,4,56,3136,32,6400,81.064957
224,256,5,64,1,220,48400,64,6400,2393.6677
224,256,5,64,2,111,12321,64,6400,597.98357
224,256,5,64,4,56,3136,64,6400,149.67641
224,256,5,92,1,220,48400,92,6400,3074.7074
224,256,5,92,2,111,12321,92,6400,781.58823
224,256,5,92,4,56,3136,92,6400,197.60197
224,256,5,128,1,220,48400,128,6400,4296.4182
224,256,5,128,2,111,12321,128,6400,1076.77587
224,256,5,128,4,56,3136,128,6400,271.30848
224,256,5,192,1,220,48400,192,6400,6582.0353
224,256,5,192,2,111,12321,192,6400,1504.8888
224,256,5,192,4,56,3136,192,6400,382.84513
224,256,5,256,1,220,48400,256,6400,10023.5972
224,256,5,256,2,111,12321,256,6400,2196.0194
224,256,5,256,4,56,3136,256,6400,528.81175
224,256,7,32,1,218,47524,32,12544,2575.9932
224,256,7,32,2,110,12100,32,12544,643.98813
224,256,7,32,4,56,3136,32,12544,164.62405
224,256,7,64,1,218,47524,64,12544,4722.6542
224,256,7,64,2,110,12100,64,12544,1130.5198
224,256,7,64,4,56,3136,64,12544,289.14553
224,256,7,92,1,218,47524,92,12544,6638.0607
224,256,7,92,2,110,12100,92,12544,1483.2945
224,256,7,92,4,56,3136,92,12544,369.78572
224,256,7,128,1,218,47524,128,12544,9335.6758
224,256,7,128,2,110,12100,128,12544,1979.9408
224,256,7,128,4,56,3136,128,12544,503.80259
224,256,7,192,1,218,47524,192,12544,13803.063
224,256,7,192,2,110,12100,192,12544,3004.4666
224,256,7,192,4,56,3136,192,12544,723.20339
224,256,7,256,1,218,47524,256,12544,19161.749
224,256,7,256,2,110,12100,256,12544,4243.5116
224,256,7,256,4,56,3136,256,12544,994.96387
224,256,11,32,2,108,11664,32,30976,1548.3599
224,256,11,32,4,55,3025,32,30976,398.19279
224,256,11,64,2,108,11664,64,30976,2797.541
224,256,11,64,4,55,3025,64,30976,709.87956
224,256,11,92,2,108,11664,92,30976,3785.161
224,256,11,92,4,55,3025,92,30976,922.37719
224,256,11,128,2,108,11664,128,30976,5472.59
224,256,11,128,4,55,3025,128,30976,1309.218
224,256,11,192,2,108,11664,192,30976,8706.3562
224,256,11,192,4,55,3025,192,30976,2018.6659
224,256,11,256,2,108,11664,256,30976,12544.695
224,256,11,256,4,55,3025,256,30976,2986.4996
