28,32,1,32,1,28,0.16686823
28,32,1,32,2,15,0.043893833
28,32,1,32,4,8,0.011904324
28,32,1,64,1,28,0.16708858
28,32,1,64,2,15,0.043840045
28,32,1,64,4,8,0.012127838
28,32,1,92,1,28,0.16790218
28,32,1,92,2,15,0.043859029
28,32,1,92,4,8,0.011924212
28,32,1,128,1,28,0.17071814
28,32,1,128,2,15,0.043952819
28,32,1,128,4,8,0.012484805
28,32,1,192,1,28,0.18447476
28,32,1,192,2,15,0.043884115
28,32,1,192,4,8,0.012502772
28,32,1,256,1,28,0.19408993
28,32,1,256,2,15,0.044033162
28,32,1,256,4,8,0.012485709
28,32,3,32,1,26,0.53408094
28,32,3,32,2,14,0.13349707
28,32,3,32,4,8,0.042292736
28,32,3,64,1,26,0.53570023
28,32,3,64,2,14,0.13331175
28,32,3,64,4,8,0.042664054
28,32,3,92,1,26,0.54422156
28,32,3,92,2,14,0.13258064
28,32,3,92,4,8,0.042583372
28,32,3,128,1,26,0.55824486
28,32,3,128,2,14,0.13341006
28,32,3,128,4,8,0.042887681
28,32,3,192,1,26,0.57038671
28,32,3,192,2,14,0.13375132
28,32,3,192,4,8,0.042703491
28,32,3,256,1,26,0.57124212
28,32,3,256,2,14,0.13489488
28,32,3,256,4,8,0.042844515
28,32,5,32,1,24,1.04448499
28,32,5,32,2,13,0.25835868
28,32,5,32,4,7,0.068410539
28,32,5,64,1,24,1.04385445
28,32,5,64,2,13,0.25925816
28,32,5,64,4,7,0.068376865
28,32,5,92,1,24,1.04445222
28,32,5,92,2,13,0.25866378
28,32,5,92,4,7,0.068336863
28,32,5,128,1,24,1.04644554
28,32,5,128,2,13,0.26335328
28,32,5,128,4,7,0.068391329
28,32,5,192,1,24,1.05296451
28,32,5,192,2,13,0.26831624
28,32,5,192,4,7,0.068516872
28,32,5,256,1,24,1.05003216
28,32,5,256,2,13,0.27855856
28,32,5,256,4,7,0.069212726
28,32,7,32,1,22,2.4436815
28,32,7,32,2,12,0.41446818
28,32,7,32,4,7,0.1274414
28,32,7,64,1,22,2.4136348
28,32,7,64,2,12,0.45493913
28,32,7,64,4,7,0.13055794
28,32,7,92,1,22,2.452213
28,32,7,92,2,12,0.43204872
28,32,7,92,4,7,0.12779283
28,32,7,128,1,22,2.4699992
28,32,7,128,2,12,0.51238833
28,32,7,128,4,7,0.12823805
28,32,7,192,1,22,2.4111149
28,32,7,192,2,12,0.60452966
28,32,7,192,4,7,0.17484151
28,32,7,256,1,22,2.455829
28,32,7,256,2,12,0.72281128
28,32,7,256,4,7,0.20719567
28,32,11,32,1,18,6.4410452
28,32,11,32,2,10,0.96743142
28,32,11,32,4,6,0.19916589
28,32,11,64,1,18,6.4575093
28,32,11,64,2,10,1.3235012
28,32,11,64,4,6,0.23064769
28,32,11,92,1,18,6.4559273
28,32,11,92,2,10,1.5010129
28,32,11,92,4,6,0.32531457
28,32,11,128,1,18,6.4642893
28,32,11,128,2,10,1.5522132
28,32,11,128,4,6,0.4598083
28,32,11,192,1,18,6.520326
28,32,11,192,2,10,1.5667111
28,32,11,192,4,6,0.48594972
28,32,11,256,1,18,6.5548249
28,32,11,256,2,10,1.5673891
28,32,11,256,4,6,0.48307839
28,64,1,32,1,28,0.29260898
28,64,1,32,2,15,0.076586993
28,64,1,32,4,8,0.020674028
28,64,1,64,1,28,0.29216941
28,64,1,64,2,15,0.076474106
28,64,1,64,4,8,0.021113711
28,64,1,92,1,28,0.29850984
28,64,1,92,2,15,0.076462354
28,64,1,92,4,8,0.020662163
28,64,1,128,1,28,0.29560461
28,64,1,128,2,15,0.076492073
28,64,1,128,4,8,0.021286036
28,64,1,192,1,28,0.31418633
28,64,1,192,2,15,0.076509814
28,64,1,192,4,8,0.021606956
28,64,1,256,1,28,0.34372001
28,64,1,256,2,15,0.076616712
28,64,1,256,4,8,0.021428755
28,64,3,32,1,26,1.04150179
28,64,3,32,2,14,0.25000685
28,64,3,32,4,8,0.08007519
28,64,3,64,1,26,1.0616463
28,64,3,64,2,14,0.25042947
28,64,3,64,4,8,0.080734884
28,64,3,92,1,26,1.04374145
28,64,3,92,2,14,0.25063061
28,64,3,92,4,8,0.080166833
28,64,3,128,1,26,1.08384628
28,64,3,128,2,14,0.25421271
28,64,3,128,4,8,0.080865625
28,64,3,192,1,26,1.06375827
28,64,3,192,2,14,0.26398834
28,64,3,192,4,8,0.080929357
28,64,3,256,1,26,1.11558459
28,64,3,256,2,14,0.27131413
28,64,3,256,4,8,0.08187415
28,64,5,32,1,24,2.0621483
28,64,5,32,2,13,0.52286908
28,64,5,32,4,7,0.13378183
28,64,5,64,1,24,2.0479216
28,64,5,64,2,13,0.53156782
28,64,5,64,4,7,0.13273093
28,64,5,92,1,24,2.0670073
28,64,5,92,2,13,0.53898966
28,64,5,92,4,7,0.13374228
28,64,5,128,1,24,2.0556282
28,64,5,128,2,13,0.5392247
28,64,5,128,4,7,0.14394166
28,64,5,192,1,24,2.0783638
28,64,5,192,2,13,0.55418025
28,64,5,192,4,7,0.15545636
28,64,5,256,1,24,2.0578204
28,64,5,256,2,13,0.54999925
28,64,5,256,4,7,0.17745407
28,64,7,32,1,22,7.1879639
28,64,7,32,2,12,1.3928154
28,64,7,32,4,7,0.26421434
28,64,7,64,1,22,7.2180558
28,64,7,64,2,12,1.6771008
28,64,7,64,4,7,0.27719691
28,64,7,92,1,22,7.2148014
28,64,7,92,2,12,1.7839762
28,64,7,92,4,7,0.36931225
28,64,7,128,1,22,7.2295931
28,64,7,128,2,12,1.8062033
28,64,7,128,4,7,0.50302967
28,64,7,192,1,22,7.2432209
28,64,7,192,2,12,1.8208029
28,64,7,192,4,7,0.55000716
28,64,7,256,1,22,7.2147901
28,64,7,256,2,12,1.8231533
28,64,7,256,4,7,0.55680863
28,64,11,32,1,18,13.259533
28,64,11,32,2,10,3.2058778
28,64,11,32,4,6,0.69027745
28,64,11,64,1,18,13.26281
28,64,11,64,2,10,3.2547164
28,64,11,64,4,6,0.97688726
28,64,11,92,1,18,13.261228
28,64,11,92,2,10,3.2586488
28,64,11,92,4,6,0.98987774
28,64,11,128,1,18,13.326994
28,64,11,128,2,10,3.2290993
28,64,11,128,4,6,0.98613518
28,64,11,192,1,18,13.252866
28,64,11,192,2,10,3.212703
28,64,11,192,4,6,0.97847152
28,64,11,256,1,18,13.415134
28,64,11,256,2,10,3.2443995
28,64,11,256,4,6,1.00015848
28,92,1,32,1,28,0.40195908
28,92,1,32,2,15,0.105152263
28,92,1,32,4,8,0.027289274
28,92,1,64,1,28,0.40277494
28,92,1,64,2,15,0.104570652
28,92,1,64,4,8,0.028614312
28,92,1,92,1,28,0.40861139
28,92,1,92,2,15,0.104814958
28,92,1,92,4,8,0.027895632
28,92,1,128,1,28,0.41514957
28,92,1,128,2,15,0.105350352
28,92,1,128,4,8,0.029072188
28,92,1,192,1,28,0.45917437
28,92,1,192,2,15,0.104988639
28,92,1,192,4,8,0.028983257
28,92,1,256,1,28,0.46659847
28,92,1,256,2,15,0.104870554
28,92,1,256,4,8,0.028912293
28,92,3,32,1,26,1.5053295
28,92,3,32,2,14,0.35588559
28,92,3,32,4,8,0.11327911
28,92,3,64,1,26,1.5097365
28,92,3,64,2,14,0.35752183
28,92,3,64,4,8,0.11341019
28,92,3,92,1,26,1.501996
28,92,3,92,2,14,0.37189091
28,92,3,92,4,8,0.11483173
28,92,3,128,1,26,1.5308223
28,92,3,128,2,14,0.37432945
28,92,3,128,4,8,0.11460573
28,92,3,192,1,26,1.4863794
28,92,3,192,2,14,0.37607869
28,92,3,192,4,8,0.13209926
28,92,3,256,1,26,1.5017474
28,92,3,256,2,14,0.41070867
28,92,3,256,4,8,0.1601097
28,92,5,32,1,24,3.2008945
28,92,5,32,2,13,0.81518539
28,92,5,32,4,7,0.20111514
28,92,5,64,1,24,3.2055388
28,92,5,64,2,13,0.82973075
28,92,5,64,4,7,0.21043764
28,92,5,92,1,24,3.2188389
28,92,5,92,2,13,0.85417039
28,92,5,92,4,7,0.22208681
28,92,5,128,1,24,3.180611
28,92,5,128,2,13,0.85550153
28,92,5,128,4,7,0.23807405
28,92,5,192,1,24,3.2467499
28,92,5,192,2,13,0.85469584
28,92,5,192,4,7,0.27699238
28,92,5,256,1,24,3.199821
28,92,5,256,2,13,0.86279116
28,92,5,256,4,7,0.28544591
28,92,7,32,1,22,11.218753
28,92,7,32,2,12,2.6992875
28,92,7,32,4,7,0.48664919
28,92,7,64,1,22,11.338646
28,92,7,64,2,12,2.8105134
28,92,7,64,4,7,0.68721628
28,92,7,92,1,22,11.317628
28,92,7,92,2,12,2.8171804
28,92,7,92,4,7,0.76030129
28,92,7,128,1,22,11.313334
28,92,7,128,2,12,2.8229208
28,92,7,128,4,7,0.82379599
28,92,7,192,1,22,11.343618
28,92,7,192,2,12,2.8428314
28,92,7,192,4,7,0.83996968
28,92,7,256,1,22,11.415712
28,92,7,256,2,12,2.8280171
28,92,7,256,4,7,0.8463135
28,92,11,32,1,18,19.094401
28,92,11,32,2,10,4.6998734
28,92,11,32,4,6,1.3684413
28,92,11,64,1,18,19.122651
28,92,11,64,2,10,4.6459046
28,92,11,64,4,6,1.4026238
28,92,11,92,1,18,18.840716
28,92,11,92,2,10,4.6464131
28,92,11,92,4,6,1.4232915
28,92,11,128,1,18,18.861282
28,92,11,128,2,10,4.6656909
28,92,11,128,4,6,1.408432
28,92,11,192,1,18,19.090446
28,92,11,192,2,10,4.6334972
28,92,11,192,4,6,1.4223197
28,92,11,256,1,18,18.884899
28,92,11,256,2,10,4.6652276
28,92,11,256,4,6,1.4247153
28,128,1,32,1,28,0.55306155
28,128,1,32,2,15,0.14319812
28,128,1,32,4,8,0.038587579
28,128,1,64,1,28,0.55258808
28,128,1,64,2,15,0.14265233
28,128,1,64,4,8,0.037690133
28,128,1,92,1,28,0.57492366
28,128,1,92,2,15,0.14278341
28,128,1,92,4,8,0.037832965
28,128,1,128,1,28,0.6113865
28,128,1,128,2,15,0.1429676
28,128,1,128,4,8,0.037791494
28,128,1,192,1,28,0.61349395
28,128,1,192,2,15,0.143397
28,128,1,192,4,8,0.037976023
28,128,1,256,1,28,0.6959896
28,128,1,256,2,15,0.15346869
28,128,1,256,4,8,0.037934665
28,128,3,32,1,26,2.1037549
28,128,3,32,2,14,0.50054254
28,128,3,32,4,8,0.15487893
28,128,3,64,1,26,2.1032012
28,128,3,64,2,14,0.50023179
28,128,3,64,4,8,0.15854239
28,128,3,92,1,26,2.1092354
28,128,3,92,2,14,0.5175965
28,128,3,92,4,8,0.16912597
28,128,3,128,1,26,2.0549841
28,128,3,128,2,14,0.5575533
28,128,3,128,4,8,0.17812303
28,128,3,192,1,26,2.1356322
28,128,3,192,2,14,0.57550448
28,128,3,192,4,8,0.23005105
28,128,3,256,1,26,2.0635608
28,128,3,256,2,14,0.58281897
28,128,3,256,4,8,0.28626742
28,128,5,32,1,24,5.6293888
28,128,5,32,2,13,1.4180031
28,128,5,32,4,7,0.30654188
28,128,5,64,1,24,5.6148231
28,128,5,64,2,13,1.4549089
28,128,5,64,4,7,0.35158707
28,128,5,92,1,24,5.5959182
28,128,5,92,2,13,1.4605589
28,128,5,92,4,7,0.38220781
28,128,5,128,1,24,5.6266429
28,128,5,128,2,13,1.4710227
28,128,5,128,4,7,0.43022038
28,128,5,192,1,24,5.6071278
28,128,5,192,2,13,1.4617454
28,128,5,192,4,7,0.43717327
28,128,5,256,1,24,5.6280667
28,128,5,256,2,13,1.4766275
28,128,5,256,4,7,0.4412537
28,128,7,32,1,22,16.567382
28,128,7,32,2,12,4.0671864
28,128,7,32,4,7,0.95458897
28,128,7,64,1,22,16.299459
28,128,7,64,2,12,4.0981936
28,128,7,64,4,7,1.1986136
28,128,7,92,1,22,16.594841
28,128,7,92,2,12,4.0910407
28,128,7,92,4,7,1.1966248
28,128,7,128,1,22,16.515967
28,128,7,128,2,12,4.072181
28,128,7,128,4,7,1.2056422
28,128,7,192,1,22,16.524103
28,128,7,192,2,12,4.1118779
28,128,7,192,4,7,1.2299937
28,128,7,256,1,22,16.588287
28,128,7,256,2,12,4.0855489
28,128,7,256,4,7,1.236559
28,128,11,32,1,18,26.664384
28,128,11,32,2,10,6.5905329
28,128,11,32,4,6,1.9874214
28,128,11,64,1,18,26.571272
28,128,11,64,2,10,6.5557854
28,128,11,64,4,6,1.9903142
28,128,11,92,1,18,26.434994
28,128,11,92,2,10,6.5460109
28,128,11,92,4,6,1.9945856
28,128,11,128,1,18,26.181309
28,128,11,128,2,10,6.5459318
28,128,11,128,4,6,1.9820652
28,128,11,192,1,18,26.486974
28,128,11,192,2,10,6.546881
28,128,11,192,4,6,1.9939302
28,128,11,256,1,18,26.62054
28,128,11,256,2,10,6.5984994
28,128,11,256,4,6,1.9883819
28,192,1,32,1,28,0.81436388
28,192,1,32,2,15,0.20361131
28,192,1,32,4,8,0.054831103
28,192,1,64,1,28,0.83038502
28,192,1,64,2,15,0.20323728
28,192,1,64,4,8,0.054807373
28,192,1,92,1,28,0.89060837
28,192,1,92,2,15,0.20370623
28,192,1,92,4,8,0.053309106
28,192,1,128,1,28,0.90976865
28,192,1,128,2,15,0.20381923
28,192,1,128,4,8,0.053885745
28,192,1,192,1,28,1.01801587
28,192,1,192,2,15,0.20881383
28,192,1,192,4,8,0.053041635
28,192,1,256,1,28,1.00546496
28,192,1,256,2,15,0.21737471
28,192,1,256,4,8,0.053511263
28,192,3,32,1,26,3.0971379
28,192,3,32,2,14,0.81112191
28,192,3,32,4,8,0.25335278
28,192,3,64,1,26,3.0325132
28,192,3,64,2,14,0.83671415
28,192,3,64,4,8,0.24775928
28,192,3,92,1,26,3.0524125
28,192,3,92,2,14,0.83207663
28,192,3,92,4,8,0.30804139
28,192,3,128,1,26,3.0477004
28,192,3,128,2,14,0.84915545
28,192,3,128,4,8,0.4016811
28,192,3,192,1,26,3.0457116
28,192,3,192,2,14,0.85707901
28,192,3,192,4,8,0.52425446
28,192,3,256,1,26,3.1173988
28,192,3,256,2,14,0.86247024
28,192,3,256,4,8,0.58354895
28,192,5,32,1,24,11.1583319
28,192,5,32,2,13,2.7790429
28,192,5,32,4,7,0.61557428
28,192,5,64,1,24,11.615157
28,192,5,64,2,13,2.8045922
28,192,5,64,4,7,0.73132922
28,192,5,92,1,24,11.609281
28,192,5,92,2,13,2.9080437
28,192,5,92,4,7,0.75231445
28,192,5,128,1,24,11.596851
28,192,5,128,2,13,2.8516906
28,192,5,128,4,7,0.74767015
28,192,5,192,1,24,11.641938
28,192,5,192,2,13,2.9141344
28,192,5,192,4,7,0.75320489
28,192,5,256,1,24,11.636514
28,192,5,256,2,13,2.8150221
28,192,5,256,4,7,0.75127485
28,192,7,32,1,22,25.034698
28,192,7,32,2,12,6.1816311
28,192,7,32,4,7,1.7950389
28,192,7,64,1,22,24.746435
28,192,7,64,2,12,6.2027734
28,192,7,64,4,7,1.8712122
28,192,7,92,1,22,25.455736
28,192,7,92,2,12,6.3435601
28,192,7,92,4,7,1.8455838
28,192,7,128,1,22,25.363641
28,192,7,128,2,12,6.32574
28,192,7,128,4,7,1.9062422
28,192,7,192,1,22,25.498111
28,192,7,192,2,12,6.2756923
28,192,7,192,4,7,1.9225933
28,192,7,256,1,22,25.297988
28,192,7,256,2,12,6.2054176
28,192,7,256,4,7,1.8684324
28,192,11,32,1,18,39.684131
28,192,11,32,2,10,10.0232243
28,192,11,32,4,6,3.0476891
28,192,11,64,1,18,40.042567
28,192,11,64,2,10,9.8303785
28,192,11,64,4,6,3.0041728
28,192,11,92,1,18,39.826172
28,192,11,92,2,10,9.921287
28,192,11,92,4,6,3.0362309
28,192,11,128,1,18,39.769333
28,192,11,128,2,10,9.9051619
28,192,11,128,4,6,3.0123653
28,192,11,192,1,18,39.396094
28,192,11,192,2,10,9.9313666
28,192,11,192,4,6,2.9712107
28,192,11,256,1,18,39.837246
28,192,11,256,2,10,9.9108006
28,192,11,256,4,6,3.0023761
28,256,1,32,1,28,1.4229751
28,256,1,32,2,15,0.27149267
28,256,1,32,4,8,0.070037061
28,256,1,64,1,28,1.4570785
28,256,1,64,2,15,0.28709232
28,256,1,64,4,8,0.072117956
28,256,1,92,1,28,1.4688757
28,256,1,92,2,15,0.28690248
28,256,1,92,4,8,0.070643532
28,256,1,128,1,28,1.4386934
28,256,1,128,2,15,0.29231744
28,256,1,128,4,8,0.07234373
28,256,1,192,1,28,1.4546829
28,256,1,192,2,15,0.33170246
28,256,1,192,4,8,0.073080942
28,256,1,256,1,28,1.4403206
28,256,1,256,2,15,0.38332877
28,256,1,256,4,8,0.073009639
28,256,3,32,1,26,4.302701
28,256,3,32,2,14,1.1746689
28,256,3,32,4,8,0.42520996
28,256,3,64,1,26,4.2355903
28,256,3,64,2,14,1.1830422
28,256,3,64,4,8,0.50069283
28,256,3,92,1,26,4.3177187
28,256,3,92,2,14,1.1954157
28,256,3,92,4,8,0.62984618
28,256,3,128,1,26,4.2145158
28,256,3,128,2,14,1.1941614
28,256,3,128,4,8,0.71622677
28,256,3,192,1,26,4.2093969
28,256,3,192,2,14,1.1943535
28,256,3,192,4,8,0.74159979
28,256,3,256,1,26,4.3411549
28,256,3,256,2,14,1.1699568
28,256,3,256,4,8,0.72930539
28,256,5,32,1,24,16.525233
28,256,5,32,2,13,3.920422
28,256,5,32,4,7,1.01000643
28,256,5,64,1,24,16.256067
28,256,5,64,2,13,3.9311118
28,256,5,64,4,7,1.04405898
28,256,5,92,1,24,17.000963
28,256,5,92,2,13,3.933869
28,256,5,92,4,7,1.03086171
28,256,5,128,1,24,17.0178
28,256,5,128,2,13,4.2506871
28,256,5,128,4,7,1.03857283
28,256,5,192,1,24,16.968984
28,256,5,192,2,13,3.934434
28,256,5,192,4,7,1.10052395
28,256,5,256,1,24,16.988985
28,256,5,256,2,13,3.945621
28,256,5,256,4,7,1.03854232
28,256,7,32,1,22,33.97458
28,256,7,32,2,12,8.3047542
28,256,7,32,4,7,2.493345
28,256,7,64,1,22,34.167245
28,256,7,64,2,12,8.4012562
28,256,7,64,4,7,2.528601
28,256,7,92,1,22,33.291043
28,256,7,92,2,12,8.3011382
28,256,7,92,4,7,2.5073457
28,256,7,128,1,22,33.96215
28,256,7,128,2,12,8.3085736
28,256,7,128,4,7,2.5848072
28,256,7,192,1,22,34.149504
28,256,7,192,2,12,8.5361669
28,256,7,192,4,7,2.5060349
28,256,7,256,1,22,34.272674
28,256,7,256,2,12,8.5715133
28,256,7,256,4,7,2.591994
28,256,11,32,1,18,53.508099
28,256,11,32,2,10,13.103819
28,256,11,32,4,6,4.0045505
28,256,11,64,1,18,53.056099
28,256,11,64,2,10,13.126532
28,256,11,64,4,6,4.0725539
28,256,11,92,1,18,52.800719
28,256,11,92,2,10,13.178625
28,256,11,92,4,6,4.0509596
28,256,11,128,1,18,53.575221
28,256,11,128,2,10,13.088564
28,256,11,128,4,6,4.0431965
28,256,11,192,1,18,53.171133
28,256,11,192,2,10,13.045624
28,256,11,192,4,6,4.0686667
28,256,11,256,1,18,53.076778
28,256,11,256,2,10,13.169133
28,256,11,256,4,6,4.0314897
56,32,1,32,1,56,0.68870788
56,32,1,32,2,29,0.16890336
56,32,1,32,4,15,0.044688449
56,32,1,64,1,56,0.70715513
56,32,1,64,2,29,0.16914066
56,32,1,64,4,15,0.044765741
56,32,1,92,1,56,0.73340842
56,32,1,92,2,29,0.17771962
56,32,1,92,4,15,0.044712179
56,32,1,128,1,56,0.70593134
56,32,1,128,2,29,0.18616072
56,32,1,128,4,15,0.044753876
56,32,1,192,1,56,0.71929472
56,32,1,192,2,29,0.2097393
56,32,1,192,4,15,0.044617146
56,32,1,256,1,56,0.70266677
56,32,1,256,2,29,0.22996404
56,32,1,256,4,15,0.044848909
56,32,3,32,1,54,2.3148389
56,32,3,32,2,28,0.6031601
56,32,3,32,4,15,0.16697671
56,32,3,64,1,54,2.3254157
56,32,3,64,2,28,0.607375
56,32,3,64,4,15,0.16738125
56,32,3,92,1,54,2.320229
56,32,3,92,2,28,0.62297465
56,32,3,92,4,15,0.17394429
56,32,3,128,1,54,2.3219918
56,32,3,128,2,28,0.62224354
56,32,3,128,4,15,0.1735454
56,32,3,192,1,54,2.3133812
56,32,3,192,2,28,0.62501995
56,32,3,192,4,15,0.22652771
56,32,3,256,1,54,2.3141044
56,32,3,256,2,28,0.62419279
56,32,3,256,4,15,0.22452987
56,32,5,32,1,52,4.9505752
56,32,5,32,2,27,1.2934206
56,32,5,32,4,14,0.31373433
56,32,5,64,1,52,4.9466541
56,32,5,64,2,27,1.2956354
56,32,5,64,4,14,0.33119509
56,32,5,92,1,52,4.9403826
56,32,5,92,2,27,1.2862451
56,32,5,92,4,14,0.33110582
56,32,5,128,1,52,4.9438404
56,32,5,128,2,27,1.3030256
56,32,5,128,4,14,0.35100286
56,32,5,192,1,52,4.9428234
56,32,5,192,2,27,1.2981892
56,32,5,192,4,14,0.38905109
56,32,5,256,1,52,4.9277379
56,32,5,256,2,27,1.2918951
56,32,5,256,4,14,0.39928776
56,32,7,32,1,50,15.891642
56,32,7,32,2,26,4.3392791
56,32,7,32,4,14,0.79616862
56,32,7,64,1,50,15.89571
56,32,7,64,2,26,4.288011
56,32,7,64,4,14,0.96265152
56,32,7,92,1,50,15.9895
56,32,7,92,2,26,4.305752
56,32,7,92,4,14,1.08556727
56,32,7,128,1,50,16.150751
56,32,7,128,2,26,4.3801625
56,32,7,128,4,14,1.2147726
56,32,7,192,1,50,16.102839
56,32,7,192,2,26,4.3773488
56,32,7,192,4,14,1.3359086
56,32,7,256,1,50,16.055379
56,32,7,256,2,26,4.3348269
56,32,7,256,4,14,1.3429259
56,32,11,32,1,46,43.432906
56,32,11,32,2,24,10.7916356
56,32,11,32,4,13,2.810875
56,32,11,64,1,46,43.256965
56,32,11,64,2,24,10.7298472
56,32,11,64,4,13,2.9010377
56,32,11,92,1,46,43.23154
56,32,11,92,2,24,10.7348757
56,32,11,92,4,13,2.9197844
56,32,11,128,1,46,43.49596
56,32,11,128,2,24,10.6848506
56,32,11,128,4,13,2.914722
56,32,11,192,1,46,42.874799
56,32,11,192,2,24,10.839638
56,32,11,192,4,13,2.9277509
56,32,11,256,1,46,43.638905
56,32,11,256,2,24,10.8462598
56,32,11,256,4,13,2.912688
56,64,1,32,1,56,1.2839851
56,64,1,32,2,29,0.29852905
56,64,1,32,4,15,0.078683708
56,64,1,64,1,56,1.3448582
56,64,1,64,2,29,0.30417114
56,64,1,64,4,15,0.078255664
56,64,1,92,1,56,1.3744755
56,64,1,92,2,29,0.31946117
56,64,1,92,4,15,0.078570595
56,64,1,128,1,56,1.3237159
56,64,1,128,2,29,0.34401268
56,64,1,128,4,15,0.078642124
56,64,1,192,1,56,1.3422592
56,64,1,192,2,29,0.40050477
56,64,1,192,4,15,0.078731168
56,64,1,256,1,56,1.331479
56,64,1,256,2,29,0.42074646
56,64,1,256,4,15,0.076347546
56,64,3,32,1,54,4.3761284
56,64,3,32,2,28,1.18763
56,64,3,32,4,15,0.36670986
56,64,3,64,1,54,4.3604214
56,64,3,64,2,28,1.19102
56,64,3,64,4,15,0.39316881
56,64,3,92,1,54,4.3116619
56,64,3,92,2,28,1.1962632
56,64,3,92,4,15,0.41470096
56,64,3,128,1,54,4.3307137
56,64,3,128,2,28,1.1925455
56,64,3,128,4,15,0.48496097
56,64,3,192,1,54,4.3696761
56,64,3,192,2,28,1.2377455
56,64,3,192,4,15,0.56944203
56,64,3,256,1,54,4.3615175
56,64,3,256,2,28,1.2317791
56,64,3,256,4,15,0.63249829
56,64,5,32,1,52,10.008636
56,64,5,32,2,27,2.6439627
56,64,5,32,4,14,0.78486636
56,64,5,64,1,52,9.9945449
56,64,5,64,2,27,2.6894452
56,64,5,64,4,14,0.8223123
56,64,5,92,1,52,10.1192178
56,64,5,92,2,27,2.6689696
56,64,5,92,4,14,0.83208228
56,64,5,128,1,52,10.1236587
56,64,5,128,2,27,2.6611161
56,64,5,128,4,14,0.85431503
56,64,5,192,1,52,10.0028504
56,64,5,192,2,27,2.6588448
56,64,5,192,4,14,0.87032148
56,64,5,256,1,52,10.0963014
56,64,5,256,2,27,2.7264979
56,64,5,256,4,14,0.87307077
56,64,7,32,1,50,36.629741
56,64,7,32,2,26,9.4548117
56,64,7,32,4,14,2.678778
56,64,7,64,1,50,36.525894
56,64,7,64,2,26,9.4874348
56,64,7,64,4,14,2.7200795
56,64,7,92,1,50,36.694829
56,64,7,92,2,26,9.4873444
56,64,7,92,4,14,2.7542733
56,64,7,128,1,50,36.648612
56,64,7,128,2,26,9.4630946
56,64,7,128,4,14,2.7520924
56,64,7,192,1,50,36.695507
56,64,7,192,2,26,9.4559304
56,64,7,192,4,14,2.7708504
56,64,7,256,1,50,36.628724
56,64,7,256,2,26,9.4917966
56,64,7,256,4,14,2.7560474
56,64,11,32,1,46,90.781827
56,64,11,32,2,24,22.392984
56,64,11,32,4,13,6.0984631
56,64,11,64,1,46,89.310002
56,64,11,64,2,24,22.355016
56,64,11,64,4,13,6.0953217
56,64,11,92,1,46,89.874211
56,64,11,92,2,24,22.356824
56,64,11,92,4,13,6.0574554
56,64,11,128,1,46,90.295588
56,64,11,128,2,24,22.491972
56,64,11,128,4,13,6.1383295
56,64,11,192,1,46,89.59092
56,64,11,192,2,24,22.474457
56,64,11,192,4,13,6.1305438
56,64,11,256,1,46,89.740984
56,64,11,256,2,24,22.414454
56,64,11,256,4,13,6.207203
56,92,1,32,1,56,1.7806314
56,92,1,32,2,29,0.41617561
56,92,1,32,4,15,0.108102128
56,92,1,64,1,56,2.0376499
56,92,1,64,2,29,0.41057872
56,92,1,64,4,15,0.107762789
56,92,1,92,1,56,2.0420343
56,92,1,92,2,29,0.45597647
56,92,1,92,4,15,0.107934888
56,92,1,128,1,56,2.024734
56,92,1,128,2,29,0.50546369
56,92,1,128,4,15,0.108142356
56,92,1,192,1,56,1.9271811
56,92,1,192,2,29,0.56507006
56,92,1,192,4,15,0.1084687
56,92,1,256,1,56,1.9403117
56,92,1,256,2,29,0.58546543
56,92,1,256,4,15,0.110751074
56,92,3,32,1,54,6.3305538
56,92,3,32,2,28,1.7261428
56,92,3,32,4,15,0.7127701
56,92,3,64,1,54,6.3202143
56,92,3,64,2,28,1.7476806
56,92,3,64,4,15,0.80677932
56,92,3,92,1,54,6.3475377
56,92,3,92,2,28,1.7296345
56,92,3,92,4,15,0.79877779
56,92,3,128,1,54,6.3008461
56,92,3,128,2,28,1.7400531
56,92,3,128,4,15,0.85222453
56,92,3,192,1,54,6.2619854
56,92,3,192,2,28,1.7208431
56,92,3,192,4,15,0.91190887
56,92,3,256,1,54,6.3274237
56,92,3,256,2,28,1.7221087
56,92,3,256,4,15,0.94062895
56,92,5,32,1,52,17.698399
56,92,5,32,2,27,4.5717766
56,92,5,32,4,14,1.3512766
56,92,5,64,1,52,17.538843
56,92,5,64,2,27,4.5910657
56,92,5,64,4,14,1.396115
56,92,5,92,1,52,17.190464
56,92,5,92,2,27,4.6486392
56,92,5,92,4,14,1.3763513
56,92,5,128,1,52,17.774222
56,92,5,128,2,27,4.6727308
56,92,5,128,4,14,1.4126356
56,92,5,192,1,52,17.511271
56,92,5,192,2,27,4.6806069
56,92,5,192,4,14,1.4134605
56,92,5,256,1,52,17.131817
56,92,5,256,2,27,4.6598714
56,92,5,256,4,14,1.4046126
56,92,7,32,1,50,58.275117
56,92,7,32,2,26,14.756783
56,92,7,32,4,14,4.1382408
56,92,7,64,1,50,58.269919
56,92,7,64,2,26,14.835092
56,92,7,64,4,14,4.1127367
56,92,7,92,1,50,58.679544
56,92,7,92,2,26,14.781982
56,92,7,92,4,14,4.08382
56,92,7,128,1,50,58.36224
56,92,7,128,2,26,14.789214
56,92,7,128,4,14,4.0928487
56,92,7,192,1,50,58.50575
56,92,7,192,2,26,14.871252
56,92,7,192,4,14,4.1223304
56,92,7,256,1,50,58.052846
56,92,7,256,2,26,14.747291
56,92,7,256,4,14,4.1257317
56,92,11,32,1,46,128.98272
56,92,11,32,2,24,32.365799
56,92,11,32,4,13,8.8419675
56,92,11,64,1,46,130.22459
56,92,11,64,2,24,32.101605
56,92,11,64,4,13,8.8981285
56,92,11,92,1,46,129.21324
56,92,11,92,2,24,32.388738
56,92,11,92,4,13,8.8322834
56,92,11,128,1,46,127.42219
56,92,11,128,2,24,32.725365
56,92,11,128,4,13,8.7893773
56,92,11,192,1,46,130.53873
56,92,11,192,2,24,32.065332
56,92,11,192,4,13,8.7331598
56,92,11,256,1,46,129.05956
56,92,11,256,2,24,32.371788
56,92,11,256,4,13,8.8323738
56,128,1,32,1,56,2.8245819
56,128,1,32,2,29,0.61448835
56,128,1,32,4,15,0.14646382
56,128,1,64,1,56,2.7592792
56,128,1,64,2,29,0.66657118
56,128,1,64,4,15,0.14781304
56,128,1,92,1,56,2.7503296
56,128,1,92,2,29,0.71370009
56,128,1,92,4,15,0.14709888
56,128,1,128,1,56,2.7369617
56,128,1,128,2,29,0.77089391
56,128,1,128,4,15,0.14715199
56,128,1,192,1,56,2.5589415
56,128,1,192,2,29,0.81784315
56,128,1,192,4,15,0.14930464
56,128,1,256,1,56,2.6218147
56,128,1,256,2,29,0.85804403
56,128,1,256,4,15,0.14662767
56,128,3,32,1,54,9.053899
56,128,3,32,2,28,2.4633096
56,128,3,32,4,15,1.221869
56,128,3,64,1,54,9.0684082
56,128,3,64,2,28,2.4687788
56,128,3,64,4,15,1.252153
56,128,3,92,1,54,8.9850707
56,128,3,92,2,28,2.4813896
56,128,3,92,4,15,1.2925053
56,128,3,128,1,54,8.9128072
56,128,3,128,2,28,2.477751
56,128,3,128,4,15,1.2583002
56,128,3,192,1,54,9.0850305
56,128,3,192,2,28,2.4800675
56,128,3,192,4,15,1.3045624
56,128,3,256,1,54,9.0701371
56,128,3,256,2,28,2.4858531
56,128,3,256,4,15,1.2673402
56,128,5,32,1,52,29.874262
56,128,5,32,2,27,7.6057249
56,128,5,32,4,14,2.1642777
56,128,5,64,1,52,29.710638
56,128,5,64,2,27,7.6646318
56,128,5,64,4,14,2.1768207
56,128,5,92,1,52,30.060712
56,128,5,92,2,27,7.6588914
56,128,5,92,4,14,2.1687299
56,128,5,128,1,52,29.354801
56,128,5,128,2,27,7.7005997
56,128,5,128,4,14,2.1878834
56,128,5,192,1,52,29.705779
56,128,5,192,2,27,7.6445291
56,128,5,192,4,14,2.170278
56,128,5,256,1,52,29.83652
56,128,5,256,2,27,7.6419753
56,128,5,256,4,14,2.1855782
56,128,7,32,1,50,85.06188
56,128,7,32,2,26,21.567067
56,128,7,32,4,14,5.8893453
56,128,7,64,1,50,84.801076
56,128,7,64,2,26,21.6282
56,128,7,64,4,14,5.9032895
56,128,7,92,1,50,84.973062
56,128,7,92,2,26,21.554411
56,128,7,92,4,14,5.8755819
56,128,7,128,1,50,84.665137
56,128,7,128,2,26,21.629443
56,128,7,128,4,14,5.9235165
56,128,7,192,1,50,85.715359
56,128,7,192,2,26,21.355192
56,128,7,192,4,14,5.8666888
56,128,7,256,1,50,85.272512
56,128,7,256,2,26,21.585712
56,128,7,256,4,14,5.9464555
56,128,11,32,1,46,180.14799
56,128,11,32,2,24,44.813314
56,128,11,32,4,13,12.263438
56,128,11,64,1,46,178.79199
56,128,11,64,2,24,45.461821
56,128,11,64,4,13,12.295982
56,128,11,92,1,46,180.79322
56,128,11,92,2,24,45.279552
56,128,11,92,4,13,12.226374
56,128,11,128,1,46,182.14922
56,128,11,128,2,24,45.756525
56,128,11,128,4,13,12.426158
56,128,11,192,1,46,180.02821
56,128,11,192,2,24,45.247121
56,128,11,192,4,13,12.403332
56,128,11,256,1,46,177.90833
56,128,11,256,2,24,44.990498
56,128,11,256,4,13,12.462996
56,192,1,32,1,56,3.7132478
56,192,1,32,2,29,1.10852435
56,192,1,32,4,15,0.20485205
56,192,1,64,1,56,3.8658204
56,192,1,64,2,29,1.222095
56,192,1,64,4,15,0.21151679
56,192,1,92,1,56,3.8253212
56,192,1,92,2,29,1.18198
56,192,1,92,4,15,0.22321116
56,192,1,128,1,56,3.9863801
56,192,1,128,2,29,1.2754197
56,192,1,128,4,15,0.21382312
56,192,1,192,1,56,4.0399195
56,192,1,192,2,29,1.3699103
56,192,1,192,4,15,0.25922087
56,192,1,256,1,56,3.7587868
56,192,1,256,2,29,1.346282
56,192,1,256,4,15,0.27762066
56,192,3,32,1,54,15.44936
56,192,3,32,2,28,4.1585469
56,192,3,32,4,15,1.9821217
56,192,3,64,1,54,14.967641
56,192,3,64,2,28,4.1589311
56,192,3,64,4,15,1.9967552
56,192,3,92,1,54,14.969788
56,192,3,92,2,28,4.1969556
56,192,3,92,4,15,2.0072755
56,192,3,128,1,54,15.420771
56,192,3,128,2,28,4.0259414
56,192,3,128,4,15,2.013547
56,192,3,192,1,54,15.427551
56,192,3,192,2,28,4.1991252
56,192,3,192,4,15,1.9697934
56,192,3,256,1,54,15.017248
56,192,3,256,2,28,4.2058826
56,192,3,256,4,15,1.955465
56,192,5,32,1,52,54.760026
56,192,5,32,2,27,13.657858
56,192,5,32,4,14,3.4759704
56,192,5,64,1,52,50.78107
56,192,5,64,2,27,12.776345
56,192,5,64,4,14,3.4708063
56,192,5,92,1,52,51.634898
56,192,5,92,2,27,12.801544
56,192,5,92,4,14,3.6012196
56,192,5,128,1,52,49.92679
56,192,5,128,2,27,13.644863
56,192,5,128,4,14,3.4759026
56,192,5,192,1,52,54.577418
56,192,5,192,2,27,12.836574
56,192,5,192,4,14,3.6330856
56,192,5,256,1,52,54.716408
56,192,5,256,2,27,13.726675
56,192,5,256,4,14,3.4806599
56,192,7,32,1,50,131.47324
56,192,7,32,2,26,33.095101
56,192,7,32,4,14,9.1077322
56,192,7,64,1,50,131.2043
56,192,7,64,2,26,33.236351
56,192,7,64,4,14,9.1609552
56,192,7,92,1,50,131.61675
56,192,7,92,2,26,33.476589
56,192,7,92,4,14,9.0659561
56,192,7,128,1,50,133.07219
56,192,7,128,2,26,33.06945
56,192,7,128,4,14,9.0559895
56,192,7,192,1,50,131.74896
56,192,7,192,2,26,32.986169
56,192,7,192,4,14,9.1481862
56,192,7,256,1,50,133.29141
56,192,7,256,2,26,33.247538
56,192,7,256,4,14,9.1176197
56,192,11,32,1,46,271.2565
56,192,11,32,2,24,67.788813
56,192,11,32,4,13,18.631553
56,192,11,64,1,46,271.97179
56,192,11,64,2,24,69.072945
56,192,11,64,4,13,18.849304
56,192,11,92,1,46,272.69612
56,192,11,92,2,24,67.351503
56,192,11,92,4,13,18.917443
56,192,11,128,1,46,274.96742
56,192,11,128,2,24,67.612533
56,192,11,128,4,13,18.794838
56,192,11,192,1,46,273.26564
56,192,11,192,2,24,68.327032
56,192,11,192,4,13,18.978915
56,192,11,256,1,46,271.74579
56,192,11,256,2,24,68.108038
56,192,11,256,4,13,18.847044
56,256,1,32,1,56,5.5089986
56,256,1,32,2,29,1.82269
56,256,1,32,4,15,0.28612165
56,256,1,64,1,56,5.7898827
56,256,1,64,2,29,1.8340917
56,256,1,64,4,15,0.29468818
56,256,1,92,1,56,5.728874
56,256,1,92,2,29,1.8832806
56,256,1,92,4,15,0.31015788
56,256,1,128,1,56,5.4620697
56,256,1,128,2,29,1.8898572
56,256,1,128,4,15,0.39922561
56,256,1,192,1,56,5.6523956
56,256,1,192,2,29,2.0137504
56,256,1,192,4,15,0.46482324
56,256,1,256,1,56,5.5112925
56,256,1,256,2,29,1.8859022
56,256,1,256,4,15,0.48922672
56,256,3,32,1,54,22.33897
56,256,3,32,2,28,5.8542814
56,256,3,32,4,15,2.6841907
56,256,3,64,1,54,21.876348
56,256,3,64,2,28,6.0568
56,256,3,64,4,15,2.6702691
56,256,3,92,1,54,21.908666
56,256,3,92,2,28,5.7860181
56,256,3,92,4,15,2.6505506
56,256,3,128,1,54,21.761766
56,256,3,128,2,28,6.0460763
56,256,3,128,4,15,2.7103502
56,256,3,192,1,54,21.612267
56,256,3,192,2,28,5.8727004
56,256,3,192,4,15,2.7225316
56,256,3,256,1,54,21.609103
56,256,3,256,2,28,5.9018657
56,256,3,256,4,15,2.6869027
56,256,5,32,1,52,75.745256
56,256,5,32,2,27,18.964338
56,256,5,32,4,14,4.7584413
56,256,5,64,1,52,78.332165
56,256,5,64,2,27,17.462003
56,256,5,64,4,14,5.0303758
56,256,5,92,1,52,76.159514
56,256,5,92,2,27,17.430702
56,256,5,92,4,14,5.0205222
56,256,5,128,1,52,73.217559
56,256,5,128,2,27,17.497824
56,256,5,128,4,14,5.0536312
56,256,5,192,1,52,78.589579
56,256,5,192,2,27,18.028585
56,256,5,192,4,14,4.747356
56,256,5,256,1,52,76.195448
56,256,5,256,2,27,19.631038
56,256,5,256,4,14,4.7938894
56,256,7,32,1,50,178.79086
56,256,7,32,2,26,44.822241
56,256,7,32,4,14,12.28084
56,256,7,64,1,50,178.95132
56,256,7,64,2,26,45.025867
56,256,7,64,4,14,12.307056
56,256,7,92,1,50,178.76374
56,256,7,92,2,26,45.071519
56,256,7,92,4,14,12.270557
56,256,7,128,1,50,177.1501
56,256,7,128,2,26,45.115363
56,256,7,128,4,14,12.292253
56,256,7,192,1,50,178.60328
56,256,7,192,2,26,44.835349
56,256,7,192,4,14,12.217221
56,256,7,256,1,50,179.29597
56,256,7,256,2,26,44.28922
56,256,7,256,4,14,12.292027
56,256,11,32,1,46,360.7638
56,256,11,32,2,24,90.795726
56,256,11,32,4,13,25.132104
56,256,11,64,1,46,361.01127
56,256,11,64,2,24,90.520797
56,256,11,64,4,13,25.072214
56,256,11,92,1,46,364.86796
56,256,11,92,2,24,91.113934
56,256,11,92,4,13,25.202051
56,256,11,128,1,46,363.98091
56,256,11,128,2,24,90.745328
56,256,11,128,4,13,25.189621
56,256,11,192,1,46,361.30507
56,256,11,192,2,24,91.836795
56,256,11,192,4,13,25.04193
56,256,11,256,1,46,361.4757
56,256,11,256,2,24,91.9029
56,256,11,256,4,13,25.110747
112,32,1,32,1,112,2.806242
112,32,1,32,2,57,0.82331461
112,32,1,32,4,29,0.17213629
112,32,1,64,1,112,2.7990326
112,32,1,64,2,57,0.9786704
112,32,1,64,4,29,0.17353975
112,32,1,92,1,112,2.8158244
112,32,1,92,2,57,0.94557609
112,32,1,92,4,29,0.17853322
112,32,1,128,1,112,2.8053154
112,32,1,128,2,57,0.95866262
112,32,1,128,4,29,0.20015464
112,32,1,192,1,112,2.7928063
112,32,1,192,2,57,0.92335238
112,32,1,192,4,29,0.28076658
112,32,1,256,1,112,2.7959138
112,32,1,256,2,57,0.885242
112,32,1,256,4,29,0.39631699
112,32,3,32,1,110,10.9349422
112,32,3,32,2,56,3.0904822
112,32,3,32,4,29,1.6923671
112,32,3,64,1,110,11.300904
112,32,3,64,2,56,3.1830857
112,32,3,64,4,29,1.7129218
112,32,3,92,1,110,11.368591
112,32,3,92,2,56,3.1813907
112,32,3,92,4,29,1.7199278
112,32,3,128,1,110,10.8577293
112,32,3,128,2,56,3.0826739
112,32,3,128,4,29,1.7283011
112,32,3,192,1,110,11.0721807
112,32,3,192,2,56,3.0402311
112,32,3,192,4,29,1.7078029
112,32,3,256,1,110,11.0855147
112,32,3,256,2,56,3.0943468
112,32,3,256,4,29,1.7320075
112,32,5,32,1,108,23.720395
112,32,5,32,2,55,6.4539498
112,32,5,32,4,28,2.1616109
112,32,5,64,1,108,23.722881
112,32,5,64,2,55,6.5013081
112,32,5,64,4,28,2.1518025
112,32,5,92,1,108,23.961763
112,32,5,92,2,55,6.4967429
112,32,5,92,4,28,2.1764591
112,32,5,128,1,108,23.784014
112,32,5,128,2,55,6.4584472
112,32,5,128,4,28,2.1588537
112,32,5,192,1,108,23.936338
112,32,5,192,2,55,6.4807647
112,32,5,192,4,28,2.1397906
112,32,5,256,1,108,23.975323
112,32,5,256,2,55,6.4700749
112,32,5,256,4,28,2.1516669
112,32,7,32,1,106,76.103127
112,32,7,32,2,54,20.42362
112,32,7,32,4,28,5.8608919
112,32,7,64,1,106,76.691066
112,32,7,64,2,54,20.341695
112,32,7,64,4,28,5.9196632
112,32,7,92,1,106,75.293369
112,32,7,92,2,54,20.387799
112,32,7,92,4,28,5.8942947
112,32,7,128,1,106,75.974759
112,32,7,128,2,54,20.27898
112,32,7,128,4,28,5.9112786
112,32,7,192,1,106,75.285233
112,32,7,192,2,54,20.432773
112,32,7,192,4,28,5.9400371
112,32,7,256,1,106,75.567507
112,32,7,256,2,54,20.302032
112,32,7,256,4,28,5.9423762
112,32,11,32,1,102,207.23522
112,32,11,32,2,52,51.923613
112,32,11,32,4,27,13.421575
112,32,11,64,1,102,207.97424
112,32,11,64,2,52,52.167128
112,32,11,64,4,27,13.461238
112,32,11,92,1,102,206.35721
112,32,11,92,2,52,52.219673
112,32,11,92,4,27,13.508133
112,32,11,128,1,102,206.63519
112,32,11,128,2,52,51.757164
112,32,11,128,4,27,13.49107
112,32,11,192,1,102,206.63971
112,32,11,192,2,52,52.155941
112,32,11,192,4,27,13.612206
112,32,11,256,1,102,205.80464
112,32,11,256,2,52,52.18792
112,32,11,256,4,27,13.66283
112,64,1,32,1,112,7.5227377
112,64,1,32,2,57,2.2707124
112,64,1,32,4,29,0.30981549
112,64,1,64,1,112,7.681175
112,64,1,64,2,57,2.369045
112,64,1,64,4,29,0.36928174
112,64,1,92,1,112,6.8538342
112,64,1,92,2,57,2.4552866
112,64,1,92,4,29,0.38019754
112,64,1,128,1,112,6.6361736
112,64,1,128,2,57,2.4153298
112,64,1,128,4,29,0.49129575
112,64,1,192,1,112,7.5295064
112,64,1,192,2,57,2.332207
112,64,1,192,4,29,0.76299747
112,64,1,256,1,112,7.4705995
112,64,1,256,2,57,2.2751081
112,64,1,256,4,29,0.87188427
112,64,3,32,1,110,19.126154
112,64,3,32,2,56,5.8565979
112,64,3,32,4,29,3.321748
112,64,3,64,1,110,19.665616
112,64,3,64,2,56,5.8327888
112,64,3,64,4,29,3.3388336
112,64,3,92,1,110,19.217119
112,64,3,92,2,56,6.0193292
112,64,3,92,4,29,3.2623439
112,64,3,128,1,110,19.272376
112,64,3,128,2,56,5.7019574
112,64,3,128,4,29,3.3078151
112,64,3,192,1,110,19.418372
112,64,3,192,2,56,5.7260716
112,64,3,192,4,29,3.3176348
112,64,3,256,1,110,19.227854
112,64,3,256,2,56,5.678589
112,64,3,256,4,29,3.3143126
112,64,5,32,1,108,54.512669
112,64,5,32,2,55,14.685254
112,64,5,32,4,28,4.6234176
112,64,5,64,1,108,54.245198
112,64,5,64,2,55,14.640054
112,64,5,64,4,28,4.623169
112,64,5,92,1,108,53.983829
112,64,5,92,2,55,14.632935
112,64,5,92,4,28,4.6464244
112,64,5,128,1,108,53.705058
112,64,5,128,2,55,14.648416
112,64,5,128,4,28,4.6313502
112,64,5,192,1,108,53.973094
112,64,5,192,2,55,14.657795
112,64,5,192,4,28,4.6489895
112,64,5,256,1,108,53.519851
112,64,5,256,2,55,14.603329
112,64,5,256,4,28,4.705659
112,64,7,32,1,106,178.57277
112,64,7,32,2,54,45.002024
112,64,7,32,4,28,12.141172
112,64,7,64,1,106,178.27671
112,64,7,64,2,54,45.127341
112,64,7,64,4,28,12.087158
112,64,7,92,1,106,177.00998
112,64,7,92,2,54,44.99208
112,64,7,92,4,28,12.128742
112,64,7,128,1,106,177.52639
112,64,7,128,2,54,45.063609
112,64,7,128,4,28,12.122527
112,64,7,192,1,106,177.63487
112,64,7,192,2,54,44.895578
112,64,7,192,4,28,12.139251
112,64,7,256,1,106,177.92641
112,64,7,256,2,54,44.838174
112,64,7,256,4,28,12.147387
112,64,11,32,1,102,437.67838
112,64,11,32,2,52,108.470847
112,64,11,32,4,27,28.283222
112,64,11,64,1,102,437.2761
112,64,11,64,2,52,108.398753
112,64,11,64,4,27,28.151012
112,64,11,92,1,102,434.70309
112,64,11,92,2,52,108.594469
112,64,11,92,4,27,28.269097
112,64,11,128,1,102,436.519
112,64,11,128,2,52,108.414799
112,64,11,128,4,27,28.335541
112,64,11,192,1,102,440.69548
112,64,11,192,2,52,109.658816
112,64,11,192,4,27,28.378142
112,64,11,256,1,102,437.35181
112,64,11,256,2,52,108.839453
112,64,11,256,4,27,28.410234
112,92,1,32,1,112,11.2856603
112,92,1,32,2,57,3.7019365
112,92,1,32,4,29,0.57920297
112,92,1,64,1,112,11.665894
112,92,1,64,2,57,3.9835551
112,92,1,64,4,29,0.72516733
112,92,1,92,1,112,10.3405509
112,92,1,92,2,57,3.9507625
112,92,1,92,4,29,0.90213437
112,92,1,128,1,112,10.9558924
112,92,1,128,2,57,3.9809448
112,92,1,128,4,29,1.07250673
112,92,1,192,1,112,10.958853
112,92,1,192,2,57,3.7988227
112,92,1,192,4,29,1.4195625
112,92,1,256,1,112,10.8782049
112,92,1,256,2,57,3.9365471
112,92,1,256,4,29,1.4627737
112,92,3,32,1,110,31.805997
112,92,3,32,2,56,8.7674553
112,92,3,32,4,29,4.8796564
112,92,3,64,1,110,31.104606
112,92,3,64,2,56,9.0519667
112,92,3,64,4,29,5.0024648
112,92,3,92,1,110,31.147207
112,92,3,92,2,56,9.2515586
112,92,3,92,4,29,4.9750058
112,92,3,128,1,110,31.112968
112,92,3,128,2,56,9.0165638
112,92,3,128,4,29,4.8666727
112,92,3,192,1,110,31.132404
112,92,3,192,2,56,8.9979866
112,92,3,192,4,29,5.0393254
112,92,3,256,1,110,31.750401
112,92,3,256,2,56,9.025649
112,92,3,256,4,29,4.9041661
112,92,5,32,1,108,111.519022
112,92,5,32,2,55,27.517195
112,92,5,32,4,28,7.4231282
112,92,5,64,1,108,111.82593
112,92,5,64,2,55,27.579232
112,92,5,64,4,28,7.5371791
112,92,5,92,1,108,108.881263
112,92,5,92,2,55,28.088975
112,92,5,92,4,28,7.510997
112,92,5,128,1,108,110.121777
112,92,5,128,2,55,27.580475
112,92,5,128,4,28,7.4364848
112,92,5,192,1,108,109.360835
112,92,5,192,2,55,28.115756
112,92,5,192,4,28,7.4207891
112,92,5,256,1,108,111.228838
112,92,5,256,2,55,28.113609
112,92,5,256,4,28,7.4487566
112,92,7,32,1,106,272.46334
112,92,7,32,2,54,68.263413
112,92,7,32,4,28,18.16588
112,92,7,64,1,106,272.94246
112,92,7,64,2,54,68.421613
112,92,7,64,4,28,18.06644
112,92,7,92,1,106,274.42841
112,92,7,92,2,54,68.068827
112,92,7,92,4,28,17.932422
112,92,7,128,1,106,270.72766
112,92,7,128,2,54,68.405793
112,92,7,128,4,28,18.196503
112,92,7,192,1,106,272.57182
112,92,7,192,2,54,68.353813
112,92,7,192,4,28,18.045422
112,92,7,256,1,106,273.6973
112,92,7,256,2,54,67.822487
112,92,7,256,4,28,18.175033
112,92,11,32,1,102,630.879
112,92,11,32,2,52,157.14571
112,92,11,32,4,27,41.11618
112,92,11,64,1,102,630.77391
112,92,11,64,2,52,156.87564
112,92,11,64,4,27,40.973348
112,92,11,92,1,102,635.29843
112,92,11,92,2,52,156.63608
112,92,11,92,4,27,41.089399
112,92,11,128,1,102,630.23603
112,92,11,128,2,52,156.32307
112,92,11,128,4,27,40.756275
112,92,11,192,1,102,632.35365
112,92,11,192,2,52,155.30268
112,92,11,192,4,27,41.041261
112,92,11,256,1,102,624.18375
112,92,11,256,2,52,156.47788
112,92,11,256,4,27,41.106349
112,128,1,32,1,112,16.731119
112,128,1,32,2,57,5.3595561
112,128,1,32,4,29,1.2939178
112,128,1,64,1,112,16.692812
112,128,1,64,2,57,5.7040705
112,128,1,64,4,29,1.5411392
112,128,1,92,1,112,16.817225
112,128,1,92,2,57,5.6296035
112,128,1,92,4,29,1.7196905
112,128,1,128,1,112,16.766488
112,128,1,128,2,57,5.5919406
112,128,1,128,4,29,1.7562573
112,128,1,192,1,112,16.605124
112,128,1,192,2,57,5.5285815
112,128,1,192,4,29,2.0449158
112,128,1,256,1,112,16.400481
112,128,1,256,2,57,5.5176431
112,128,1,256,4,29,2.0461136
112,128,3,32,1,110,48.793061
112,128,3,32,2,56,14.109971
112,128,3,32,4,29,7.0617316
112,128,3,64,1,110,49.864979
112,128,3,64,2,56,14.134831
112,128,3,64,4,29,7.0977673
112,128,3,92,1,110,49.629261
112,128,3,92,2,56,14.139351
112,128,3,92,4,29,6.9329342
112,128,3,128,1,110,49.777743
112,128,3,128,2,56,13.970077
112,128,3,128,4,29,6.8922768
112,128,3,192,1,110,49.444732
112,128,3,192,2,56,13.921826
112,128,3,192,4,29,7.0804896
112,128,3,256,1,110,49.25783
112,128,3,256,2,56,13.917419
112,128,3,256,4,29,7.1061519
112,128,5,32,1,108,172.20635
112,128,5,32,2,55,42.037582
112,128,5,32,4,28,10.9819502
112,128,5,64,1,108,167.96433
112,128,5,64,2,55,41.810678
112,128,5,64,4,28,10.9574518
112,128,5,92,1,108,167.21966
112,128,5,92,2,55,42.394436
112,128,5,92,4,28,10.9479146
112,128,5,128,1,108,166.68065
112,128,5,128,2,55,41.658806
112,128,5,128,4,28,10.9743001
112,128,5,192,1,108,170.21529
112,128,5,192,2,55,42.244033
112,128,5,192,4,28,11.0076238
112,128,5,256,1,108,170.24128
112,128,5,256,2,55,43.026445
112,128,5,256,4,28,11.2808013
112,128,7,32,1,106,387.26908
112,128,7,32,2,54,97.003946
112,128,7,32,4,28,25.674278
112,128,7,64,1,106,389.52908
112,128,7,64,2,54,95.941972
112,128,7,64,4,28,25.721399
112,128,7,92,1,106,387.98211
112,128,7,92,2,54,96.689919
112,128,7,92,4,28,25.741852
112,128,7,128,1,106,387.87815
112,128,7,128,2,54,97.798901
112,128,7,128,4,28,25.924234
112,128,7,192,1,106,389.07934
112,128,7,192,2,54,98.016765
112,128,7,192,4,28,25.882311
112,128,7,256,1,106,388.39343
112,128,7,256,2,54,97.497304
112,128,7,256,4,28,25.730778
112,128,11,32,1,102,876.62914
112,128,11,32,2,52,219.61437
112,128,11,32,4,27,57.756108
112,128,11,64,1,102,880.32085
112,128,11,64,2,52,216.64812
112,128,11,64,4,27,57.29552
112,128,11,92,1,102,874.60418
112,128,11,92,2,52,219.08666
112,128,11,92,4,27,56.715039
112,128,11,128,1,102,882.78651
112,128,11,128,2,52,217.42217
112,128,11,128,4,27,57.066017
112,128,11,192,1,102,880.88811
112,128,11,192,2,52,220.31723
112,128,11,192,4,27,57.186701
112,128,11,256,1,102,888.32012
112,128,11,256,2,52,219.90817
112,128,11,256,4,27,56.989064
112,192,1,32,1,112,24.01928
112,192,1,32,2,57,7.5840628
112,192,1,32,4,29,2.4339974
112,192,1,64,1,112,24.265055
112,192,1,64,2,57,8.1707588
112,192,1,64,4,29,2.5921974
112,192,1,92,1,112,23.960633
112,192,1,92,2,57,8.1293556
112,192,1,92,4,29,2.2922954
112,192,1,128,1,112,24.041428
112,192,1,128,2,57,8.1145413
112,192,1,128,4,29,2.4599761
112,192,1,192,1,112,23.906054
112,192,1,192,2,57,7.1045021
112,192,1,192,4,29,2.9038062
112,192,1,256,1,112,21.254283
112,192,1,256,2,57,7.9389619
112,192,1,256,4,29,2.588039
112,192,3,32,1,110,80.604821
112,192,3,32,2,56,22.507114
112,192,3,32,4,29,10.5738168
112,192,3,64,1,110,79.996768
112,192,3,64,2,56,22.716164
112,192,3,64,4,29,10.6564989
112,192,3,92,1,110,80.220169
112,192,3,92,2,56,22.570733
112,192,3,92,4,29,10.6416846
112,192,3,128,1,110,80.119938
112,192,3,128,2,56,22.168792
112,192,3,128,4,29,10.6022476
112,192,3,192,1,110,80.183783
112,192,3,192,2,56,22.484062
112,192,3,192,4,29,10.7200162
112,192,3,256,1,110,80.230791
112,192,3,256,2,56,22.448015
112,192,3,256,4,29,10.6505777
112,192,5,32,1,108,268.65863
112,192,5,32,2,55,66.982445
112,192,5,32,4,28,17.43364
112,192,5,64,1,108,267.71056
112,192,5,64,2,55,67.701464
112,192,5,64,4,28,17.456918
112,192,5,92,1,108,267.00092
112,192,5,92,2,55,67.611516
112,192,5,92,4,28,17.36471
112,192,5,128,1,108,267.51846
112,192,5,128,2,55,67.191156
112,192,5,128,4,28,17.37375
112,192,5,192,1,108,266.78509
112,192,5,192,2,55,66.211446
112,192,5,192,4,28,17.453867
112,192,5,256,1,108,267.35122
112,192,5,256,2,55,67.016232
112,192,5,256,4,28,17.355444
112,192,7,32,1,106,595.56537
112,192,7,32,2,54,147.5328
112,192,7,32,4,28,39.624467
112,192,7,64,1,106,587.38417
112,192,7,64,2,54,147.30567
112,192,7,64,4,28,39.573052
112,192,7,92,1,106,589.20573
112,192,7,92,2,54,147.07063
112,192,7,92,4,28,39.483669
112,192,7,128,1,106,594.2557
112,192,7,128,2,54,146.47738
112,192,7,128,4,28,39.889
112,192,7,192,1,106,592.60025
112,192,7,192,2,54,148.22323
112,192,7,192,4,28,39.549209
112,192,7,256,1,106,593.13813
112,192,7,256,2,54,147.28081
112,192,7,256,4,28,39.62684
112,192,11,32,1,102,1315.7155
112,192,11,32,2,52,331.52279
112,192,11,32,4,27,87.084693
112,192,11,64,1,102,1325.8177
112,192,11,64,2,52,331.81094
112,192,11,64,4,27,86.992033
112,192,11,92,1,102,1331.0157
112,192,11,92,2,52,335.22806
112,192,11,92,4,27,86.511105
112,192,11,128,1,102,1330.2699
112,192,11,128,2,52,332.79517
112,192,11,128,4,27,87.044352
112,192,11,192,1,102,1328.6653
112,192,11,192,2,52,334.65402
112,192,11,192,4,27,86.952935
112,192,11,256,1,102,1310.9695
112,192,11,256,2,52,327.93617
112,192,11,256,4,27,86.176964
112,256,1,32,1,112,30.681647
112,256,1,32,2,57,10.0312134
112,256,1,32,4,29,3.263892
112,256,1,64,1,112,31.058841
112,256,1,64,2,57,9.9134448
112,256,1,64,4,29,3.7310001
112,256,1,92,1,112,31.241901
112,256,1,92,2,57,9.8237228
112,256,1,92,4,29,3.6491994
112,256,1,128,1,112,31.209809
112,256,1,128,2,57,9.9525428
112,256,1,128,4,29,3.8313215
112,256,1,192,1,112,30.652719
112,256,1,192,2,57,9.1383891
112,256,1,192,4,29,3.7097448
112,256,1,256,1,112,30.33937
112,256,1,256,2,57,9.1820071
112,256,1,256,4,29,3.9423553
112,256,3,32,1,110,110.47106
112,256,3,32,2,56,30.057887
112,256,3,32,4,29,14.255967
112,256,3,64,1,110,110.102454
112,256,3,64,2,56,29.955622
112,256,3,64,4,29,14.325688
112,256,3,92,1,110,110.374219
112,256,3,92,2,56,29.826124
112,256,3,92,4,29,14.493041
112,256,3,128,1,110,110.296588
112,256,3,128,2,56,29.998336
112,256,3,128,4,29,14.502307
112,256,3,192,1,110,110.332748
112,256,3,192,2,56,30.213827
112,256,3,192,4,29,14.305461
112,256,3,256,1,110,109.798823
112,256,3,256,2,56,29.908162
112,256,3,256,4,29,14.545699
112,256,5,32,1,108,351.91025
112,256,5,32,2,55,89.15813
112,256,5,32,4,28,22.82374
112,256,5,64,1,108,350.86613
112,256,5,64,2,55,89.645725
112,256,5,64,4,28,22.92544
112,256,5,92,1,108,354.72734
112,256,5,92,2,55,89.061289
112,256,5,92,4,28,23.030643
112,256,5,128,1,108,352.97923
112,256,5,128,2,55,87.874789
112,256,5,128,4,28,22.969623
112,256,5,192,1,108,358.90269
112,256,5,192,2,55,89.640301
112,256,5,192,4,28,23.101946
112,256,5,256,1,108,352.32157
112,256,5,256,2,55,88.098755
112,256,5,256,4,28,23.144434
112,256,7,32,1,106,784.1974
112,256,7,32,2,54,195.63125
112,256,7,32,4,28,53.288766
112,256,7,64,1,106,788.47897
112,256,7,64,2,54,193.79161
112,256,7,64,4,28,53.564938
112,256,7,92,1,106,783.43239
112,256,7,92,2,54,194.22892
112,256,7,92,4,28,53.002311
112,256,7,128,1,106,787.96256
112,256,7,128,2,54,194.75663
112,256,7,128,4,28,52.961857
112,256,7,192,1,106,788.95809
112,256,7,192,2,54,195.49678
112,256,7,192,4,28,53.135086
112,256,7,256,1,106,779.13048
112,256,7,256,2,54,195.51599
112,256,7,256,4,28,53.317468
112,256,11,32,1,102,1743.6578
112,256,11,32,2,52,437.73262
112,256,11,32,4,27,118.57542
112,256,11,64,1,102,1746.9009
112,256,11,64,2,52,438.22191
112,256,11,64,4,27,118.19122
112,256,11,92,1,102,1763.0712
112,256,11,92,2,52,438.74736
112,256,11,92,4,27,118.51666
112,256,11,128,1,102,1772.9135
112,256,11,128,2,52,437.14163
112,256,11,128,4,27,118.77882
112,256,11,192,1,102,1753.0029
112,256,11,192,2,52,438.69764
112,256,11,192,4,27,118.64774
112,256,11,256,1,102,1764.2012
112,256,11,256,2,52,441.67519
112,256,11,256,4,27,118.44095
224,32,1,32,1,224,19.392721
224,32,1,32,2,113,6.1154696
224,32,1,32,4,57,1.9696804
224,32,1,64,1,224,19.042082
224,32,1,64,2,113,5.5268639
224,32,1,64,4,57,2.2229473
224,32,1,92,1,224,19.162427
224,32,1,92,2,113,5.8835258
224,32,1,92,4,57,2.2389029
224,32,1,128,1,224,19.372268
224,32,1,128,2,113,5.8905883
224,32,1,128,4,57,2.1978952
224,32,1,192,1,224,19.06536
224,32,1,192,2,113,5.9355058
224,32,1,192,4,57,2.146435
224,32,1,256,1,224,18.290632
224,32,1,256,2,113,5.4633014
224,32,1,256,4,57,2.0800588
224,32,3,32,1,222,51.834004
224,32,3,32,2,112,14.22218
224,32,3,32,4,57,9.4974692
224,32,3,64,1,222,51.858299
224,32,3,64,2,112,14.270431
224,32,3,64,4,57,9.4536591
224,32,3,92,1,222,51.714224
224,32,3,92,2,112,14.183421
224,32,3,92,4,57,9.3895655
224,32,3,128,1,222,51.709365
224,32,3,128,2,112,14.182178
224,32,3,128,4,57,9.4817735
224,32,3,192,1,222,51.670493
224,32,3,192,2,112,14.260826
224,32,3,192,4,57,9.0465766
224,32,3,256,1,222,51.767447
224,32,3,256,2,112,14.238339
224,32,3,256,4,57,9.2227436
224,32,5,32,1,220,176.8111
224,32,5,32,2,111,44.077006
224,32,5,32,4,56,11.575381
224,32,5,64,1,220,176.75686
224,32,5,64,2,111,44.626638
224,32,5,64,4,56,11.529051
224,32,5,92,1,220,176.73991
224,32,5,92,2,111,44.3638
224,32,5,92,4,56,11.690302
224,32,5,128,1,220,177.55803
224,32,5,128,2,111,44.384366
224,32,5,128,4,56,11.595608
224,32,5,192,1,220,176.84048
224,32,5,192,2,111,44.194526
224,32,5,192,4,56,11.622163
224,32,5,256,1,220,176.48566
224,32,5,256,2,111,44.138478
224,32,5,256,4,56,11.543967
224,32,7,32,1,218,412.20479
224,32,7,32,2,110,101.815825
224,32,7,32,4,56,26.878406
224,32,7,64,1,218,411.30305
224,32,7,64,2,110,101.95199
224,32,7,64,4,56,26.820437
224,32,7,92,1,218,410.85218
224,32,7,92,2,110,101.752206
224,32,7,92,4,56,26.854224
224,32,7,128,1,218,412.48164
224,32,7,128,2,110,102.207031
224,32,7,128,4,56,26.959088
224,32,7,192,1,218,412.1788
224,32,7,192,2,110,101.766896
224,32,7,192,4,56,26.889254
224,32,7,256,1,218,412.95624
224,32,7,256,2,110,102.684682
224,32,7,256,4,56,26.853433
224,32,11,32,1,214,984.95546
224,32,11,32,2,108,241.93187
224,32,11,32,4,55,61.474599
224,32,11,64,1,214,983.29549
224,32,11,64,2,108,240.46739
224,32,11,64,4,55,60.866772
224,32,11,92,1,214,984.45261
224,32,11,92,2,108,238.94189
224,32,11,92,4,55,61.13752
224,32,11,128,1,214,984.38029
224,32,11,128,2,108,239.10687
224,32,11,128,4,55,60.860783
224,32,11,192,1,214,984.76336
224,32,11,192,2,108,241.19059
224,32,11,192,4,55,61.598899
224,32,11,256,1,214,987.20529
224,32,11,256,2,108,239.91482
224,32,11,256,4,55,60.999321
224,64,1,32,1,224,38.242138
224,64,1,32,2,113,11.541481
224,64,1,32,4,57,4.0136357
224,64,1,64,1,224,38.368698
224,64,1,64,2,113,11.839801
224,64,1,64,4,57,4.0633331
224,64,1,92,1,224,38.596619
224,64,1,92,2,113,11.725332
224,64,1,92,4,57,4.2731176
224,64,1,128,1,224,38.866915
224,64,1,128,2,113,11.870876
224,64,1,128,4,57,4.1708413
224,64,1,192,1,224,38.118742
224,64,1,192,2,113,10.9367276
224,64,1,192,4,57,4.1024424
224,64,1,256,1,224,37.983933
224,64,1,256,2,113,11.977096
224,64,1,256,4,57,3.8908273
224,64,3,32,1,222,113.09718
224,64,3,32,2,112,32.275173
224,64,3,32,4,57,19.153274
224,64,3,64,1,222,113.38759
224,64,3,64,2,112,32.162286
224,64,3,64,4,57,19.223221
224,64,3,92,1,222,113.3051
224,64,3,92,2,112,31.747011
224,64,3,92,4,57,19.248985
224,64,3,128,1,222,113.5763
224,64,3,128,2,112,32.117651
224,64,3,128,4,57,19.096322
224,64,3,192,1,222,112.725749
224,64,3,192,2,112,32.041489
224,64,3,192,4,57,18.890775
224,64,3,256,1,222,112.886548
224,64,3,256,2,112,31.91798
224,64,3,256,4,57,18.805121
224,64,5,32,1,220,371.47507
224,64,5,32,2,111,92.190485
224,64,5,32,4,56,24.085498
224,64,5,64,1,220,371.45247
224,64,5,64,2,111,92.784074
224,64,5,64,4,56,24.083238
224,64,5,92,1,220,371.26828
224,64,5,92,2,111,92.645988
224,64,5,92,4,56,24.096911
224,64,5,128,1,220,371.65135
224,64,5,128,2,111,92.501574
224,64,5,128,4,56,24.090131
224,64,5,192,1,220,371.12138
224,64,5,192,2,111,92.730738
224,64,5,192,4,56,24.07013
224,64,5,256,1,220,370.99821
224,64,5,256,2,111,92.879559
224,64,5,256,4,56,24.006059
224,64,7,32,1,218,839.11427
224,64,7,32,2,110,208.05899
224,64,7,32,4,56,55.081172
224,64,7,64,1,218,841.13019
224,64,7,64,2,110,207.75615
224,64,7,64,4,56,55.0762
224,64,7,92,1,218,841.35506
224,64,7,92,2,110,208.04882
224,64,7,92,4,56,55.171346
224,64,7,128,1,218,843.94954
224,64,7,128,2,110,207.95277
224,64,7,128,4,56,55.190556
224,64,7,192,1,218,836.80003
224,64,7,192,2,110,208.33471
224,64,7,192,4,56,55.253723
224,64,7,256,1,218,835.9853
224,64,7,256,2,110,207.64767
224,64,7,256,4,56,55.170894
224,64,11,32,1,214,2004.507
224,64,11,32,2,108,497.96388
224,64,11,32,4,55,126.88544
224,64,11,64,1,214,2013.6261
224,64,11,64,2,108,497.52883
224,64,11,64,4,55,127.43801
224,64,11,92,1,214,2014.2024
224,64,11,92,2,108,496.04401
224,64,11,92,4,55,127.92052
224,64,11,128,1,214,2017.2534
224,64,11,128,2,108,497.64748
224,64,11,128,4,55,126.74193
224,64,11,192,1,214,2014.7109
224,64,11,192,2,108,496.01463
224,64,11,192,4,55,127.07528
224,64,11,256,1,214,2022.4627
224,64,11,256,2,108,495.85191
224,64,11,256,4,55,126.36451
224,92,1,32,1,224,51.920562
224,92,1,32,2,113,16.20985
224,92,1,32,4,57,5.4699684
224,92,1,64,1,224,52.300242
224,92,1,64,2,113,16.052667
224,92,1,64,4,57,5.7989679
224,92,1,92,1,224,52.371658
224,92,1,92,2,113,15.551964
224,92,1,92,4,57,5.0146236
224,92,1,128,1,224,52.357872
224,92,1,128,2,113,14.778592
224,92,1,128,4,57,5.62175
224,92,1,192,1,224,51.532859
224,92,1,192,2,113,15.82678
224,92,1,192,4,57,5.6457512
224,92,1,256,1,224,45.477415
224,92,1,256,2,113,15.917858
224,92,1,256,4,57,5.5882003
224,92,3,32,1,222,161.22049
224,92,3,32,2,112,45.655729
224,92,3,32,4,57,28.377916
224,92,3,64,1,222,160.94364
224,92,3,64,2,112,45.747033
224,92,3,64,4,57,28.130333
224,92,3,92,1,222,160.90861
224,92,3,92,2,112,46.030437
224,92,3,92,4,57,28.157453
224,92,3,128,1,222,161.1267
224,92,3,128,2,112,46.055636
224,92,3,128,4,57,28.200732
224,92,3,192,1,222,160.7425
224,92,3,192,2,112,45.948625
224,92,3,192,4,57,27.781841
224,92,3,256,1,222,160.24078
224,92,3,256,2,112,45.748841
224,92,3,256,4,57,27.737997
224,92,5,32,1,220,545.4397
224,92,5,32,2,111,134.7299
224,92,5,32,4,56,34.915418
224,92,5,64,1,220,545.0894
224,92,5,64,2,111,135.3853
224,92,5,64,4,56,34.115717
224,92,5,92,1,220,544.28936
224,92,5,92,2,111,135.16043
224,92,5,92,4,56,34.965703
224,92,5,128,1,220,542.89607
224,92,5,128,2,111,134.87454
224,92,5,128,4,56,35.109778
224,92,5,192,1,220,544.31196
224,92,5,192,2,111,134.88132
224,92,5,192,4,56,35.165148
224,92,5,256,1,220,527.9699
224,92,5,256,2,111,135.04178
224,92,5,256,4,56,35.184697
224,92,7,32,1,218,1206.3541
224,92,7,32,2,110,299.90991
224,92,7,32,4,56,81.418195
224,92,7,64,1,218,1215.3037
224,92,7,64,2,110,299.89296
224,92,7,64,4,56,81.496504
224,92,7,92,1,218,1209.5294
224,92,7,92,2,110,298.74827
224,92,7,92,4,56,81.462491
224,92,7,128,1,218,1214.3432
224,92,7,128,2,110,299.7099
224,92,7,128,4,56,81.584644
224,92,7,192,1,218,1209.4503
224,92,7,192,2,110,299.0771
224,92,7,192,4,56,81.37695
224,92,7,256,1,218,1214.4449
224,92,7,256,2,110,299.73928
224,92,7,256,4,56,81.528596
224,92,11,32,1,214,2898.3483
224,92,11,32,2,108,720.11623
224,92,11,32,4,55,185.71211
224,92,11,64,1,214,2898.1449
224,92,11,64,2,108,724.72437
224,92,11,64,4,55,186.56752
224,92,11,92,1,214,2918.4623
224,92,11,92,2,108,718.06528
224,92,11,92,4,55,186.91556
224,92,11,128,1,214,2901.3089
224,92,11,128,2,108,723.10847
224,92,11,128,4,55,188.18342
224,92,11,192,1,214,2888.6981
224,92,11,192,2,108,721.99994
224,92,11,192,4,55,189.75977
224,92,11,256,1,214,2929.2425
224,92,11,256,2,108,719.02691
224,92,11,256,4,55,188.58005
224,128,1,32,1,224,69.99785
224,128,1,32,2,113,22.279871
224,128,1,32,4,57,7.6779997
224,128,1,64,1,224,69.386181
224,128,1,64,2,113,22.145966
224,128,1,64,4,57,7.9860151
224,128,1,92,1,224,65.651644
224,128,1,92,2,113,21.659275
224,128,1,92,4,57,8.0185139
224,128,1,128,1,224,66.046014
224,128,1,128,2,113,21.568649
224,128,1,128,4,57,7.0271988
224,128,1,192,1,224,69.758968
224,128,1,192,2,113,21.527291
224,128,1,192,4,57,7.8682352
224,128,1,256,1,224,69.573535
224,128,1,256,2,113,20.159087
224,128,1,256,4,57,7.8377026
224,128,3,32,1,222,227.91196
224,128,3,32,2,112,67.272968
224,128,3,32,4,57,41.125785
224,128,3,64,1,222,226.47121
224,128,3,64,2,112,66.841195
224,128,3,64,4,57,40.542931
224,128,3,92,1,222,228.22497
224,128,3,92,2,112,67.157369
224,128,3,92,4,57,40.670169
224,128,3,128,1,222,227.60686
224,128,3,128,2,112,67.581006
224,128,3,128,4,57,41.453259
224,128,3,192,1,222,227.10288
224,128,3,192,2,112,67.384838
224,128,3,192,4,57,39.725037
224,128,3,256,1,222,227.15486
224,128,3,256,2,112,67.033521
224,128,3,256,4,57,39.872954
224,128,5,32,1,220,746.25765
224,128,5,32,2,111,189.19703
224,128,5,32,4,56,48.922446
224,128,5,64,1,220,749.31204
224,128,5,64,2,111,187.20936
224,128,5,64,4,56,48.483215
224,128,5,92,1,220,749.05779
224,128,5,92,2,111,185.82059
224,128,5,92,4,56,49.070024
224,128,5,128,1,220,749.59341
224,128,5,128,2,111,189.35975
224,128,5,128,4,56,49.928146
224,128,5,192,1,220,750.47933
224,128,5,192,2,111,189.36766
224,128,5,192,4,56,49.309471
224,128,5,256,1,220,747.49161
224,128,5,256,2,111,189.30099
224,128,5,256,4,56,49.276362
224,128,7,32,1,218,1694.0169
224,128,7,32,2,110,419.74867
224,128,7,32,4,56,115.26113
224,128,7,64,1,218,1690.2766
224,128,7,64,2,110,420.35661
224,128,7,64,4,56,114.5707
224,128,7,92,1,218,1689.576
224,128,7,92,2,110,416.98921
224,128,7,92,4,56,115.40803
224,128,7,128,1,218,1690.4913
224,128,7,128,2,110,418.07175
224,128,7,128,4,56,114.75715
224,128,7,192,1,218,1682.9542
224,128,7,192,2,110,416.44342
224,128,7,192,4,56,114.31193
224,128,7,256,1,218,1690.2992
224,128,7,256,2,110,417.27058
224,128,7,256,4,56,114.52211
224,128,11,32,1,214,4033.3881
224,128,11,32,2,108,1009.53974
224,128,11,32,4,55,277.49523
224,128,11,64,1,214,4043.0722
224,128,11,64,2,108,1012.41559
224,128,11,64,4,55,277.53478
224,128,11,92,1,214,4063.3444
224,128,11,92,2,108,1005.35987
224,128,11,92,4,55,277.78564
224,128,11,128,1,214,4042.6993
224,128,11,128,2,108,1007.15318
224,128,11,128,4,55,274.2284
224,128,11,192,1,214,4034.6311
224,128,11,192,2,108,1012.06529
224,128,11,192,4,55,275.04652
224,128,11,256,1,214,4022.6305
224,128,11,256,2,108,1017.65653
224,128,11,256,4,55,273.60464
224,192,1,32,1,224,100.607403
224,192,1,32,2,113,33.919888
224,192,1,32,4,57,12.255867
224,192,1,64,1,224,96.572286
224,192,1,64,2,113,34.195382
224,192,1,64,4,57,12.464691
224,192,1,92,1,224,99.856292
224,192,1,92,2,113,33.816041
224,192,1,92,4,57,12.378924
224,192,1,128,1,224,99.74058
224,192,1,128,2,113,33.674678
224,192,1,128,4,57,11.427238
224,192,1,192,1,224,99.584188
224,192,1,192,2,113,28.852177
224,192,1,192,4,57,12.28423
224,192,1,256,1,224,90.746119
224,192,1,256,2,113,33.819318
224,192,1,256,4,57,12.312367
224,192,3,32,1,222,348.82874
224,192,3,32,2,112,96.344591
224,192,3,32,4,57,64.815331
224,192,3,64,1,222,348.12249
224,192,3,64,2,112,96.594095
224,192,3,64,4,57,65.209927
224,192,3,92,1,222,347.32358
224,192,3,92,2,112,96.672856
224,192,3,92,4,57,63.770194
224,192,3,128,1,222,346.8761
224,192,3,128,2,112,96.377361
224,192,3,128,4,57,65.255579
224,192,3,192,1,222,347.49647
224,192,3,192,2,112,95.871121
224,192,3,192,4,57,65.091729
224,192,3,256,1,222,348.84569
224,192,3,256,2,112,96.07599
224,192,3,256,4,57,65.210605
224,192,5,32,1,220,1131.582
224,192,5,32,2,111,285.97927
224,192,5,32,4,56,77.255953
224,192,5,64,1,220,1122.88552
224,192,5,64,2,111,285.60637
224,192,5,64,4,56,77.402627
224,192,5,92,1,220,1131.3221
224,192,5,92,2,111,285.38263
224,192,5,92,4,56,77.210188
224,192,5,128,1,220,1126.27891
224,192,5,128,2,111,286.40076
224,192,5,128,4,56,77.207363
224,192,5,192,1,220,1131.3108
224,192,5,192,2,111,285.76118
224,192,5,192,4,56,77.502632
224,192,5,256,1,220,1132.4295
224,192,5,256,2,111,287.16577
224,192,5,256,4,56,77.985933
224,192,7,32,1,218,2516.7586
224,192,7,32,2,110,634.88372
224,192,7,32,4,56,189.44789
224,192,7,64,1,218,2513.6737
224,192,7,64,2,110,636.36967
224,192,7,64,4,56,189.6931
224,192,7,92,1,218,2519.6966
224,192,7,92,2,110,633.4215
224,192,7,92,4,56,189.20381
224,192,7,128,1,218,2522.4199
224,192,7,128,2,110,635.3199
224,192,7,128,4,56,189.00719
224,192,7,192,1,218,2513.5381
224,192,7,192,2,110,636.40922
224,192,7,192,4,56,188.9812
224,192,7,256,1,218,2513.3121
224,192,7,256,2,110,636.20582
224,192,7,256,4,56,189.24788
224,192,11,32,2,108,1507.9624
224,192,11,32,4,55,418.59946
224,192,11,64,2,108,1505.16
224,192,11,64,4,55,419.71816
224,192,11,92,2,108,1507.2957
224,192,11,92,4,55,418.80738
224,192,11,128,2,108,1514.7537
224,192,11,128,4,55,418.47855
224,192,11,192,2,108,1516.7199
224,192,11,192,4,55,417.78021
224,192,11,256,2,108,1516.4939
224,192,11,256,4,55,416.9474
224,256,1,32,1,224,138.43291
224,256,1,32,2,113,47.618313
224,256,1,32,4,57,15.096122
224,256,1,64,1,224,141.76189
224,256,1,64,2,113,47.225864
224,256,1,64,4,57,14.807859
224,256,1,92,1,224,142.6173
224,256,1,92,2,113,47.330615
224,256,1,92,4,57,16.644335
224,256,1,128,1,224,142.33932
224,256,1,128,2,113,47.413218
224,256,1,128,4,57,16.603542
224,256,1,192,1,224,141.73703
224,256,1,192,2,113,47.24869
224,256,1,192,4,57,16.492011
224,256,1,256,1,224,141.60482
224,256,1,256,2,113,46.95941
224,256,1,256,4,57,14.645026
224,256,3,32,1,222,502.60253
224,256,3,32,2,112,135.61808
224,256,3,32,4,57,101.613894
224,256,3,64,1,222,501.77763
224,256,3,64,2,112,135.3966
224,256,3,64,4,57,101.318964
224,256,3,92,1,222,502.09742
224,256,3,92,2,112,135.39547
224,256,3,92,4,57,101.259526
224,256,3,128,1,222,502.01493
224,256,3,128,2,112,135.30394
224,256,3,128,4,57,101.416257
224,256,3,192,1,222,503.57207
224,256,3,192,2,112,135.3175
224,256,3,192,4,57,101.49999
224,256,3,256,1,222,500.84877
224,256,3,256,2,112,135.03839
224,256,3,256,4,57,101.338287
224,256,5,32,1,220,1527.6018
224,256,5,32,2,111,394.8559
224,256,5,32,4,56,111.303531
224,256,5,64,1,220,1516.6521
224,256,5,64,2,111,394.50447
224,256,5,64,4,56,110.821586
224,256,5,92,1,220,1519.9065
224,256,5,92,2,111,391.99926
224,256,5,92,4,56,111.292005
224,256,5,128,1,220,1513.2621
224,256,5,128,2,111,394.55645
224,256,5,128,4,56,110.829835
224,256,5,192,1,220,1516.5278
224,256,5,192,2,111,393.20045
224,256,5,192,4,56,110.814919
224,256,5,256,1,220,1523.0027
224,256,5,256,2,111,391.43991
224,256,5,256,4,56,110.989391
224,256,7,32,1,218,3373.9088
224,256,7,32,2,110,860.5854
224,256,7,32,4,56,280.26147
224,256,7,64,1,218,3375.0049
224,256,7,64,2,110,860.63851
224,256,7,64,4,56,277.53139
224,256,7,92,1,218,3382.881
224,256,7,92,2,110,854.15231
224,256,7,92,4,56,278.00599
224,256,7,128,1,218,3367.3435
224,256,7,128,2,110,852.68218
224,256,7,128,4,56,278.28058
224,256,7,192,1,218,3384.9828
224,256,7,192,2,110,852.49573
224,256,7,192,4,56,277.68846
224,256,7,256,1,218,3360.0663
224,256,7,256,2,110,850.0199
224,256,7,256,4,56,278.69077
224,256,11,32,2,108,2053.1083
224,256,11,32,4,55,574.99824
224,256,11,64,2,108,2052.5546
224,256,11,64,4,55,577.13394
224,256,11,92,2,108,2043.7293
224,256,11,92,4,55,575.29543
224,256,11,128,2,108,2047.3679
224,256,11,128,4,55,575.78585
224,256,11,192,2,108,2041.2998
224,256,11,192,4,55,577.06501
224,256,11,256,2,108,2035.4238
224,256,11,256,4,55,579.0346
