28,32,1,32,1,28,784,32,32,0.2417296
28,32,1,32,2,15,225,32,32,0.071330459
28,32,1,32,4,8,64,32,32,0.029041791
28,32,1,64,1,28,784,64,32,0.37300622
28,32,1,64,2,15,225,64,32,0.092416485
28,32,1,64,4,8,64,64,32,0.032317096
28,32,1,92,1,28,784,92,32,0.77299119
28,32,1,92,2,15,225,92,32,0.15532415
28,32,1,92,4,8,64,92,32,0.095059781
28,32,1,128,1,28,784,128,32,0.74288347
28,32,1,128,2,15,225,128,32,0.20268132
28,32,1,128,4,8,64,128,32,0.054507584
28,32,1,192,1,28,784,192,32,1.0894669
28,32,1,192,2,15,225,192,32,0.33005718
28,32,1,192,4,8,64,192,32,0.086732359
28,32,1,256,1,28,784,256,32,1.4304557
28,32,1,256,2,15,225,256,32,0.47560457
28,32,1,256,4,8,64,256,32,0.11457296
28,32,3,32,1,26,676,32,288,1.3189812
28,32,3,32,2,14,196,32,288,0.31874927
28,32,3,32,4,8,64,32,288,0.12531587
28,32,3,64,1,26,676,64,288,2.098975
28,32,3,64,2,14,196,64,288,0.54623409
28,32,3,64,4,8,64,64,288,0.18712461
28,32,3,92,1,26,676,92,288,2.650076
28,32,3,92,2,14,196,92,288,0.72136036
28,32,3,92,4,8,64,92,288,0.23966509
28,32,3,128,1,26,676,128,288,3.4636308
28,32,3,128,2,14,196,128,288,0.94000519
28,32,3,128,4,8,64,128,288,0.35513979
28,32,3,192,1,26,676,192,288,4.8415641
28,32,3,192,2,14,196,192,288,1.3237611
28,32,3,192,4,8,64,192,288,0.53144465
28,32,3,256,1,26,676,256,288,6.5464403
28,32,3,256,2,14,196,256,288,1.7764504
28,32,3,256,4,8,64,256,288,0.70741955
28,32,5,32,1,24,576,32,800,2.8110219
28,32,5,32,2,13,169,32,800,0.74653563
28,32,5,32,4,7,49,32,800,0.23036293
28,32,5,64,1,24,576,64,800,4.7030939
28,32,5,64,2,13,169,64,800,1.2368528
28,32,5,64,4,7,49,64,800,0.42320195
28,32,5,92,1,24,576,92,800,5.9613376
28,32,5,92,2,13,169,92,800,1.6165102
28,32,5,92,4,7,49,92,800,0.59595861
28,32,5,128,1,24,576,128,800,9.0059644
28,32,5,128,2,13,169,128,800,2.2143367
28,32,5,128,4,7,49,128,800,0.79552791
28,32,5,192,1,24,576,192,800,14.880631
28,32,5,192,2,13,169,192,800,3.7802455
28,32,5,192,4,7,49,192,800,1.2363782
28,32,5,256,1,24,576,256,800,20.996982
28,32,5,256,2,13,169,256,800,5.3228537
28,32,5,256,4,7,49,256,800,1.7563364
28,32,7,32,1,22,484,32,1568,4.507909
28,32,7,32,2,12,144,32,1568,1.2642666
28,32,7,32,4,7,49,32,1568,0.49452868
28,32,7,64,1,22,484,64,1568,8.4518124
28,32,7,64,2,12,144,64,1568,2.3998262
28,32,7,64,4,7,49,64,1568,0.8940108
28,32,7,92,1,22,484,92,1568,12.922906
28,32,7,92,2,12,144,92,1568,3.3387771
28,32,7,92,4,7,49,92,1568,1.2028737
28,32,7,128,1,22,484,128,1568,17.79298
28,32,7,128,2,12,144,128,1568,4.5815511
28,32,7,128,4,7,49,128,1568,1.7188091
28,32,7,192,1,22,484,192,1568,25.567154
28,32,7,192,2,12,144,192,1568,6.5679329
28,32,7,192,4,7,49,192,1568,2.4975373
28,32,7,256,1,22,484,256,1568,34.725126
28,32,7,256,2,12,144,256,1568,9.0036931
28,32,7,256,4,7,49,256,1568,3.3693662
28,32,11,32,1,18,324,32,3872,9.2707347
28,32,11,32,2,10,100,32,3872,2.69844
28,32,11,32,4,6,36,32,3872,0.90922399
28,32,11,64,1,18,324,64,3872,17.358947
28,32,11,64,2,10,100,64,3872,4.9690733
28,32,11,64,4,6,36,64,3872,1.6471784
28,32,11,92,1,18,324,92,3872,22.430161
28,32,11,92,2,10,100,92,3872,6.4337567
28,32,11,92,4,6,36,92,3872,2.1463559
28,32,11,128,1,18,324,128,3872,30.393497
28,32,11,128,2,10,100,128,3872,8.6536643
28,32,11,128,4,6,36,128,3872,2.8861443
28,32,11,192,1,18,324,192,3872,43.654273
28,32,11,192,2,10,100,192,3872,12.251347
28,32,11,192,4,6,36,192,3872,4.0856054
28,32,11,256,1,18,324,256,3872,58.85944
28,32,11,256,2,10,100,256,3872,16.563653
28,32,11,256,4,6,36,256,3872,5.4494363
28,64,1,32,1,28,784,32,64,0.38708376
28,64,1,32,2,15,225,32,64,0.095781399
28,64,1,32,4,8,64,32,64,0.032065784
28,64,1,64,1,28,784,64,64,0.71734999
28,64,1,64,2,15,225,64,64,0.18218538
28,64,1,64,4,8,64,64,64,0.053690594
28,64,1,92,1,28,784,92,64,1.12861914
28,64,1,92,2,15,225,92,64,0.30313945
28,64,1,92,4,8,64,92,64,0.076694004
28,64,1,128,1,28,784,128,64,1.5864296
28,64,1,128,2,15,225,128,64,0.36905913
28,64,1,128,4,8,64,128,64,0.108367565
28,64,1,192,1,28,784,192,64,2.2533217
28,64,1,192,2,15,225,192,64,0.79302157
28,64,1,192,4,8,64,192,64,0.14953742
28,64,1,256,1,28,784,256,64,2.8994218
28,64,1,256,2,15,225,256,64,0.81726685
28,64,1,256,4,8,64,256,64,0.19413626
28,64,3,32,1,26,676,32,576,2.4208894
28,64,3,32,2,14,196,32,576,0.65474573
28,64,3,32,4,8,64,32,576,0.23418233
28,64,3,64,1,26,676,64,576,3.9932505
28,64,3,64,2,14,196,64,576,1.08810864
28,64,3,64,4,8,64,64,576,0.45873141
28,64,3,92,1,26,676,92,576,5.1368783
28,64,3,92,2,14,196,92,576,1.3880016
28,64,3,92,4,8,64,92,576,0.57595196
28,64,3,128,1,26,676,128,576,6.7626545
28,64,3,128,2,14,196,128,576,1.8348601
28,64,3,128,4,8,64,128,576,0.72016821
28,64,3,192,1,26,676,192,576,10.1993913
28,64,3,192,2,14,196,192,576,2.7420693
28,64,3,192,4,8,64,192,576,1.04091758
28,64,3,256,1,26,676,256,576,17.220522
28,64,3,256,2,14,196,256,576,4.3982425
28,64,3,256,4,8,64,256,576,1.4302297
28,64,5,32,1,24,576,32,1600,5.3735455
28,64,5,32,2,13,169,32,1600,1.4322072
28,64,5,32,4,7,49,32,1600,0.51063683
28,64,5,64,1,24,576,64,1600,10.2141717
28,64,5,64,2,13,169,64,1600,2.7018865
28,64,5,64,4,7,49,64,1600,0.95450987
28,64,5,92,1,24,576,92,1600,15.34879
28,64,5,92,2,13,169,92,1600,3.9230323
28,64,5,92,4,7,49,92,1600,1.2866406
28,64,5,128,1,24,576,128,1600,21.069302
28,64,5,128,2,13,169,128,1600,5.3475555
28,64,5,128,4,7,49,128,1600,1.7527091
28,64,5,192,1,24,576,192,1600,30.22863
28,64,5,192,2,13,169,192,1600,7.6327319
28,64,5,192,4,7,49,192,1600,2.5516643
28,64,5,256,1,24,576,256,1600,40.997417
28,64,5,256,2,13,169,256,1600,10.3772307
28,64,5,256,4,7,49,256,1600,3.4529297
28,64,7,32,1,22,484,32,3136,10.2534844
28,64,7,32,2,12,144,32,3136,2.76511
28,64,7,32,4,7,49,32,3136,1.04114697
28,64,7,64,1,22,484,64,3136,20.113322
28,64,7,64,2,12,144,64,3136,5.2586697
28,64,7,64,4,7,49,64,3136,1.9559057
28,64,7,92,1,22,484,92,3136,26.185603
28,64,7,92,2,12,144,92,3136,6.7834917
28,64,7,92,4,7,49,92,3136,2.5652808
28,64,7,128,1,22,484,128,3136,35.041526
28,64,7,128,2,12,144,128,3136,9.1186254
28,64,7,128,4,7,49,128,3136,3.4410082
28,64,7,192,1,22,484,192,3136,50.437324
28,64,7,192,2,12,144,192,3136,13.095457
28,64,7,192,4,7,49,192,3136,4.8900976
28,64,7,256,1,22,484,256,3136,67.55931
28,64,7,256,2,12,144,256,3136,17.599411
28,64,7,256,4,7,49,256,3136,6.5849394
28,64,11,32,1,18,324,32,7744,19.378483
28,64,11,32,2,10,100,32,7744,5.4528376
28,64,11,32,4,6,36,32,7744,1.8486009
28,64,11,64,1,18,324,64,7744,34.377086
28,64,11,64,2,10,100,64,7744,9.7916195
28,64,11,64,4,6,36,64,7744,3.2789323
28,64,11,92,1,18,324,92,7744,44.413181
28,64,11,92,2,10,100,92,7744,12.677018
28,64,11,92,4,6,36,92,7744,4.2657839
28,64,11,128,1,18,324,128,7744,59.776887
28,64,11,128,2,10,100,128,7744,16.938361
28,64,11,128,4,6,36,128,7744,5.5880082
28,64,11,192,1,18,324,192,7744,85.927799
28,64,11,192,2,10,100,192,7744,24.403141
28,64,11,192,4,6,36,192,7744,8.0648439
28,64,11,256,1,18,324,256,7744,113.11187
28,64,11,256,2,10,100,256,7744,32.335289
28,64,11,256,4,6,36,256,7744,11.0352071
28,92,1,32,1,28,784,32,92,0.75687739
28,92,1,32,2,15,225,32,92,0.16004529
28,92,1,32,4,8,64,32,92,0.039790125
28,92,1,64,1,28,784,64,92,1.1649057
28,92,1,64,2,15,225,64,92,0.25737445
28,92,1,64,4,8,64,64,92,0.076419753
28,92,1,92,1,28,784,92,92,1.6293244
28,92,1,92,2,15,225,92,92,0.401037
28,92,1,92,4,8,64,92,92,0.108397623
28,92,1,128,1,28,784,128,92,2.2350383
28,92,1,128,2,15,225,128,92,0.54634709
28,92,1,128,4,8,64,128,92,0.14271674
28,92,1,192,1,28,784,192,92,2.9283272
28,92,1,192,2,15,225,192,92,0.81773467
28,92,1,192,4,8,64,192,92,0.21787982
28,92,1,256,1,28,784,256,92,3.8273665
28,92,1,256,2,15,225,256,92,1.2484579
28,92,1,256,4,8,64,256,92,0.28767314
28,92,3,32,1,26,676,32,828,3.4322959
28,92,3,32,2,14,196,32,828,0.956093
28,92,3,32,4,8,64,32,828,0.36128021
28,92,3,64,1,26,676,64,828,5.6753007
28,92,3,64,2,14,196,64,828,1.551829
28,92,3,64,4,8,64,64,828,0.61472339
28,92,3,92,1,26,676,92,828,7.3139363
28,92,3,92,2,14,196,92,828,2.0112192
28,92,3,92,4,8,64,92,828,0.77352116
28,92,3,128,1,26,676,128,828,10.2738357
28,92,3,128,2,14,196,128,828,2.8525268
28,92,3,128,4,8,64,128,828,1.08051052
28,92,3,192,1,26,676,192,828,18.352217
28,92,3,192,2,14,196,192,828,4.736282
28,92,3,192,4,8,64,192,828,1.5565072
28,92,3,256,1,26,676,256,828,25.885475
28,92,3,256,2,14,196,256,828,6.5813573
28,92,3,256,4,8,64,256,828,2.3865826
28,92,5,32,1,24,576,32,2300,7.9341594
28,92,5,32,2,13,169,32,2300,2.1161397
28,92,5,32,4,7,49,32,2300,0.76875482
28,92,5,64,1,24,576,64,2300,17.27318
28,92,5,64,2,13,169,64,2300,4.4314645
28,92,5,64,4,7,49,64,2300,1.4614177
28,92,5,92,1,24,576,92,2300,23.804128
28,92,5,92,2,13,169,92,2300,5.8463488
28,92,5,92,4,7,49,92,2300,1.9348199
28,92,5,128,1,24,576,128,2300,30.710801
28,92,5,128,2,13,169,128,2300,7.7175949
28,92,5,128,4,7,49,128,2300,2.6244589
28,92,5,192,1,24,576,192,2300,44.39544
28,92,5,192,2,13,169,192,2300,11.1078774
28,92,5,192,4,7,49,192,2300,3.696795
28,92,5,256,1,24,576,256,2300,59.726602
28,92,5,256,2,13,169,256,2300,15.349016
28,92,5,256,4,7,49,256,2300,5.0851356
28,92,7,32,1,22,484,32,4508,16.785811
28,92,7,32,2,12,144,32,4508,4.2954464
28,92,7,32,4,7,49,32,4508,1.6094929
28,92,7,64,1,22,484,64,4508,30.078227
28,92,7,64,2,12,144,64,4508,7.747845
28,92,7,64,4,7,49,64,4508,2.9154565
28,92,7,92,1,22,484,92,4508,39.054382
28,92,7,92,2,12,144,92,4508,10.073046
28,92,7,92,4,7,49,92,4508,3.7837711
28,92,7,128,1,22,484,128,4508,52.404541
28,92,7,128,2,12,144,128,4508,13.459882
28,92,7,128,4,7,49,128,4508,5.0800393
28,92,7,192,1,22,484,192,4508,74.71334
28,92,7,192,2,12,144,192,4508,19.310005
28,92,7,192,4,7,49,192,4508,7.2034336
28,92,7,256,1,22,484,256,4508,100.643789
28,92,7,256,2,12,144,256,4508,25.572239
28,92,7,256,4,7,49,256,4508,9.573812
28,92,11,32,1,18,324,32,11132,27.353345
28,92,11,32,2,10,100,32,11132,7.6983397
28,92,11,32,4,6,36,32,11132,2.594819
28,92,11,64,1,18,324,64,11132,48.191788
28,92,11,64,2,10,100,64,11132,13.916628
28,92,11,64,4,6,36,64,11132,4.609609
28,92,11,92,1,18,324,92,11132,63.018292
28,92,11,92,2,10,100,92,11132,17.800551
28,92,11,92,4,6,36,92,11132,5.9519925
28,92,11,128,1,18,324,128,11132,86.790215
28,92,11,128,2,10,100,128,11132,23.598016
28,92,11,128,4,6,36,128,11132,7.9721274
28,92,11,192,1,18,324,192,11132,119.84328
28,92,11,192,2,10,100,192,11132,34.474266
28,92,11,192,4,6,36,192,11132,11.466562
28,92,11,256,1,18,324,256,11132,168.71804
28,92,11,256,2,10,100,256,11132,47.747811
28,92,11,256,4,6,36,256,11132,15.429924
28,128,1,32,1,28,784,32,128,0.98399383
28,128,1,32,2,15,225,32,128,0.20776519
28,128,1,32,4,8,64,32,128,0.053913317
28,128,1,64,1,28,784,64,128,1.4398799
28,128,1,64,2,15,225,64,128,0.37420741
28,128,1,64,4,8,64,64,128,0.32061603
28,128,1,92,1,28,784,92,128,2.2059182
28,128,1,92,2,15,225,92,128,0.56567461
28,128,1,92,4,8,64,92,128,0.15171267
28,128,1,128,1,28,784,128,128,2.9328246
28,128,1,128,2,15,225,128,128,0.74056358
28,128,1,128,4,8,64,128,128,0.18959366
28,128,1,192,1,28,784,192,128,4.010822
28,128,1,192,2,15,225,192,128,1.09768313
28,128,1,192,4,8,64,192,128,0.29126993
28,128,1,256,1,28,784,256,128,5.3437587
28,128,1,256,2,15,225,256,128,1.6114252
28,128,1,256,4,8,64,256,128,0.58072508
28,128,3,32,1,26,676,32,1152,4.6387404
28,128,3,32,2,14,196,32,1152,1.3023702
28,128,3,32,4,8,64,32,1152,0.5043416
28,128,3,64,1,26,676,64,1152,7.9365211
28,128,3,64,2,14,196,64,1152,2.2914027
28,128,3,64,4,8,64,64,1152,0.84938936
28,128,3,92,1,26,676,92,1152,11.624197
28,128,3,92,2,14,196,92,1152,3.3224373
28,128,3,92,4,8,64,92,1152,1.11102391
28,128,3,128,1,26,676,128,1152,17.151253
28,128,3,128,2,14,196,128,1152,4.5923539
28,128,3,128,4,8,64,128,1152,1.6421273
28,128,3,192,1,26,676,192,1152,26.062998
28,128,3,192,2,14,196,192,1152,6.7096236
28,128,3,192,4,8,64,192,1152,2.4278502
28,128,3,256,1,26,676,256,1152,35.425839
28,128,3,256,2,14,196,256,1152,9.0849627
28,128,3,256,4,8,64,256,1152,3.3219401
28,128,5,32,1,24,576,32,3200,12.373726
28,128,5,32,2,13,169,32,3200,3.2598918
28,128,5,32,4,7,49,32,3200,1.09909902
28,128,5,64,1,24,576,64,3200,24.232172
28,128,5,64,2,13,169,64,3200,6.1420472
28,128,5,64,4,7,49,64,3200,2.060442
28,128,5,92,1,24,576,92,3200,31.412418
28,128,5,92,2,13,169,92,3200,8.0020611
28,128,5,92,4,7,49,92,3200,2.6764276
28,128,5,128,1,24,576,128,3200,42.710723
28,128,5,128,2,13,169,128,3200,10.681325
28,128,5,128,4,7,49,128,3200,3.5638166
28,128,5,192,1,24,576,192,3200,60.93751
28,128,5,192,2,13,169,192,3200,15.473316
28,128,5,192,4,7,49,192,3200,5.146359
28,128,5,256,1,24,576,256,3200,82.867872
28,128,5,256,2,13,169,256,3200,20.421699
28,128,5,256,4,7,49,256,3200,6.8541958
28,128,7,32,1,22,484,32,6272,22.935384
28,128,7,32,2,12,144,32,6272,5.9542412
28,128,7,32,4,7,49,32,6272,2.2535929
28,128,7,64,1,22,484,64,6272,41.010977
28,128,7,64,2,12,144,64,6272,10.5025703
28,128,7,64,4,7,49,64,6272,3.984606
28,128,7,92,1,22,484,92,6272,52.62749
28,128,7,92,2,12,144,92,6272,13.753456
28,128,7,92,4,7,49,92,6272,5.1837394
28,128,7,128,1,22,484,128,6272,71.044456
28,128,7,128,2,12,144,128,6272,18.170513
28,128,7,128,4,7,49,128,6272,6.7955149
28,128,7,192,1,22,484,192,6272,100.528416
28,128,7,192,2,12,144,192,6272,26.325045
28,128,7,192,4,7,49,192,6272,9.7966254
28,128,7,256,1,22,484,256,6272,140.42397
28,128,7,256,2,12,144,256,6272,35.565846
28,128,7,256,4,7,49,256,6272,13.776282
28,128,11,32,1,18,324,32,15488,38.5556
28,128,11,32,2,10,100,32,15488,11.1768413
28,128,11,32,4,6,36,32,15488,3.6684998
28,128,11,64,1,18,324,64,15488,69.539748
28,128,11,64,2,10,100,64,15488,19.576911
28,128,11,64,4,6,36,64,15488,6.3145982
28,128,11,92,1,18,324,92,15488,87.038928
28,128,11,92,2,10,100,92,15488,25.227363
28,128,11,92,4,6,36,92,15488,8.3715033
28,128,11,128,1,18,324,128,15488,120.69643
28,128,11,128,2,10,100,128,15488,34.367142
28,128,11,128,4,6,36,128,15488,11.659679
28,128,11,192,1,18,324,192,15488,168.97116
28,128,11,192,2,10,100,192,15488,49.068216
28,128,11,192,4,6,36,192,15488,16.020349
28,128,11,256,1,18,324,256,15488,231.81046
28,128,11,256,2,10,100,256,15488,65.514575
28,128,11,256,4,6,36,256,15488,21.539043
28,192,1,32,1,28,784,32,192,1.2073033
28,192,1,32,2,15,225,32,192,0.46320734
28,192,1,32,4,8,64,32,192,0.13873349
28,192,1,64,1,28,784,64,192,2.177284
28,192,1,64,2,15,225,64,192,0.69607435
28,192,1,64,4,8,64,64,192,0.32299355
28,192,1,92,1,28,784,92,192,3.2375517
28,192,1,92,2,15,225,92,192,1.00408071
28,192,1,92,4,8,64,92,192,0.29776856
28,192,1,128,1,28,784,128,192,4.0313541
28,192,1,128,2,15,225,128,192,1.2561984
28,192,1,128,4,8,64,128,192,0.4640571
28,192,1,192,1,28,784,192,192,5.8997074
28,192,1,192,2,15,225,192,192,1.7625627
28,192,1,192,4,8,64,192,192,0.51718857
28,192,1,256,1,28,784,256,192,7.8218487
28,192,1,256,2,15,225,256,192,2.2649607
28,192,1,256,4,8,64,256,192,0.62286052
28,192,3,32,1,26,676,32,1728,7.0358998
28,192,3,32,2,14,196,32,1728,1.8876537
28,192,3,32,4,8,64,32,1728,0.74910864
28,192,3,64,1,26,676,64,1728,14.033922
28,192,3,64,2,14,196,64,1728,3.7231353
28,192,3,64,4,8,64,64,1728,1.3495703
28,192,3,92,1,26,676,92,1728,20.175924
28,192,3,92,2,14,196,92,1728,5.0645922
28,192,3,92,4,8,64,92,1728,1.8907386
28,192,3,128,1,26,676,128,1728,27.475611
28,192,3,128,2,14,196,128,1728,7.0554262
28,192,3,128,4,8,64,128,1728,2.5791572
28,192,3,192,1,26,676,192,1728,39.3692
28,192,3,192,2,14,196,192,1728,10.0712606
28,192,3,192,4,8,64,192,1728,3.6887946
28,192,3,256,1,26,676,256,1728,53.737489
28,192,3,256,2,14,196,256,1728,13.67978
28,192,3,256,4,8,64,256,1728,5.0062955
28,192,5,32,1,24,576,32,4800,20.440683
28,192,5,32,2,13,169,32,4800,5.2069609
28,192,5,32,4,7,49,32,4800,1.7117127
28,192,5,64,1,24,576,64,4800,36.538663
28,192,5,64,2,13,169,64,4800,9.2398179
28,192,5,64,4,7,49,64,4800,3.0792726
28,192,5,92,1,24,576,92,4800,47.37299
28,192,5,92,2,13,169,92,4800,12.072129
28,192,5,92,4,7,49,92,4800,3.9844591
28,192,5,128,1,24,576,128,4800,63.697083
28,192,5,128,2,13,169,128,4800,15.979782
28,192,5,128,4,7,49,128,4800,5.317554
28,192,5,192,1,24,576,192,4800,90.602157
28,192,5,192,2,13,169,192,4800,22.640228
28,192,5,192,4,7,49,192,4800,7.5439591
28,192,5,256,1,24,576,256,4800,126.06167
28,192,5,256,2,13,169,256,4800,31.431063
28,192,5,256,4,7,49,256,4800,10.2348055
28,192,7,32,1,22,484,32,9408,34.17911
28,192,7,32,2,12,144,32,9408,8.7469571
28,192,7,32,4,7,49,32,9408,3.3218723
28,192,7,64,1,22,484,64,9408,61.162832
28,192,7,64,2,12,144,64,9408,15.891755
28,192,7,64,4,7,49,64,9408,5.9607048
28,192,7,92,1,22,484,92,9408,80.333847
28,192,7,92,2,12,144,92,9408,20.244289
28,192,7,92,4,7,49,92,9408,7.5977019
28,192,7,128,1,22,484,128,9408,107.186376
28,192,7,128,2,12,144,128,9408,27.081693
28,192,7,128,4,7,49,128,9408,10.3143914
28,192,7,192,1,22,484,192,9408,154.61112
28,192,7,192,2,12,144,192,9408,39.180603
28,192,7,192,4,7,49,192,9408,14.831702
28,192,7,256,1,22,484,256,9408,207.87932
28,192,7,256,2,12,144,256,9408,54.155815
28,192,7,256,4,7,49,256,9408,19.720308
28,192,11,32,1,18,324,32,23232,57.423549
28,192,11,32,2,10,100,32,23232,16.608627
28,192,11,32,4,6,36,32,23232,5.3582114
28,192,11,64,1,18,324,64,23232,102.954752
28,192,11,64,2,10,100,64,23232,29.411979
28,192,11,64,4,6,36,64,23232,9.6526747
28,192,11,92,1,18,324,92,23232,131.65856
28,192,11,92,2,10,100,92,23232,37.669002
28,192,11,92,4,6,36,92,23232,12.405366
28,192,11,128,1,18,324,128,23232,180.14347
28,192,11,128,2,10,100,128,23232,50.619028
28,192,11,128,4,6,36,128,23232,16.962769
28,192,11,192,1,18,324,192,23232,256.84222
28,192,11,192,2,10,100,192,23232,72.468595
28,192,11,192,4,6,36,192,23232,24.518062
28,192,11,256,1,18,324,256,23232,342.80923
28,192,11,256,2,10,100,256,23232,97.832123
28,192,11,256,4,6,36,256,23232,32.783334
28,256,1,32,1,28,784,32,256,1.3603618
28,256,1,32,2,15,225,32,256,0.38873243
28,256,1,32,4,8,64,32,256,0.14453943
28,256,1,64,1,28,784,64,256,2.1695096
28,256,1,64,2,15,225,64,256,0.61927051
28,256,1,64,4,8,64,64,256,0.29109365
28,256,1,92,1,28,784,92,256,2.7221474
28,256,1,92,2,15,225,92,256,0.77043852
28,256,1,92,4,8,64,92,256,0.29281125
28,256,1,128,1,28,784,128,256,3.5866539
28,256,1,128,2,15,225,128,256,1.01162911
28,256,1,128,4,8,64,128,256,0.41128158
28,256,1,192,1,28,784,192,256,4.9440777
28,256,1,192,2,15,225,192,256,1.3765547
28,256,1,192,4,8,64,192,256,0.52164868
28,256,1,256,1,28,784,256,256,6.8670552
28,256,1,256,2,15,225,256,256,1.8993266
28,256,1,256,4,8,64,256,256,0.64378134
28,256,3,32,1,26,676,32,2304,10.2037079
28,256,3,32,2,14,196,32,2304,2.6650146
28,256,3,32,4,8,64,32,2304,1.0386847
28,256,3,64,1,26,676,64,2304,20.719454
28,256,3,64,2,14,196,64,2304,5.4161126
28,256,3,64,4,8,64,64,2304,1.9247968
28,256,3,92,1,26,676,92,2304,27.314699
28,256,3,92,2,14,196,92,2304,7.0131416
28,256,3,92,4,8,64,92,2304,2.5312113
28,256,3,128,1,26,676,128,2304,36.553805
28,256,3,128,2,14,196,128,2304,9.5268379
28,256,3,128,4,8,64,128,2304,3.4291319
28,256,3,192,1,26,676,192,2304,52.403863
28,256,3,192,2,14,196,192,2304,13.42327
28,256,3,192,4,8,64,192,2304,4.8747748
28,256,3,256,1,26,676,256,2304,71.282547
28,256,3,256,2,14,196,256,2304,18.319447
28,256,3,256,4,8,64,256,2304,6.4996809
28,256,5,32,1,24,576,32,6400,28.188415
28,256,5,32,2,13,169,32,6400,7.1249099
28,256,5,32,4,7,49,32,6400,2.347914
28,256,5,64,1,24,576,64,6400,49.730057
28,256,5,64,2,13,169,64,6400,12.247279
28,256,5,64,4,7,49,64,6400,4.1040357
28,256,5,92,1,24,576,92,6400,63.807597
28,256,5,92,2,13,169,92,6400,16.256406
28,256,5,92,4,7,49,92,6400,5.384224
28,256,5,128,1,24,576,128,6400,86.054698
28,256,5,128,2,13,169,128,6400,21.207614
28,256,5,128,4,7,49,128,6400,7.0172435
28,256,5,192,1,24,576,192,6400,118.91555
28,256,5,192,2,13,169,192,6400,30.562093
28,256,5,192,4,7,49,192,6400,10.0666954
28,256,5,256,1,24,576,256,6400,164.49184
28,256,5,256,2,13,169,256,6400,41.165787
28,256,5,256,4,7,49,256,6400,13.741139
28,256,7,32,1,22,484,32,12544,47.060997
28,256,7,32,2,12,144,32,12544,12.042297
28,256,7,32,4,7,49,32,12544,4.4964282
28,256,7,64,1,22,484,64,12544,81.588373
28,256,7,64,2,12,144,64,12544,21.421523
28,256,7,64,4,7,49,64,12544,7.8152043
28,256,7,92,1,22,484,92,12544,105.314418
28,256,7,92,2,12,144,92,12544,27.100564
28,256,7,92,4,7,49,92,12544,10.2035836
28,256,7,128,1,22,484,128,12544,139.55952
28,256,7,128,2,12,144,128,12544,36.561828
28,256,7,128,4,7,49,128,12544,13.434683
28,256,7,192,1,22,484,192,12544,200.39194
28,256,7,192,2,12,144,192,12544,52.177976
28,256,7,192,4,7,49,192,12544,19.802459
28,256,7,256,1,22,484,256,12544,272.71759
28,256,7,256,2,12,144,256,12544,69.751284
28,256,7,256,4,7,49,256,12544,26.22391
28,256,11,32,1,18,324,32,30976,78.039269
28,256,11,32,2,10,100,32,30976,22.729611
28,256,11,32,4,6,36,32,30976,7.2519784
28,256,11,64,1,18,324,64,30976,136.8543
28,256,11,64,2,10,100,64,30976,38.710749
28,256,11,64,4,6,36,64,30976,12.732049
28,256,11,92,1,18,324,92,30976,182.55037
28,256,11,92,2,10,100,92,30976,51.146286
28,256,11,92,4,6,36,92,30976,17.080628
28,256,11,128,1,18,324,128,30976,238.33282
28,256,11,128,2,10,100,128,30976,67.664852
28,256,11,128,4,6,36,128,30976,22.503724
28,256,11,192,1,18,324,192,30976,345.63649
28,256,11,192,2,10,100,192,30976,98.267851
28,256,11,192,4,6,36,192,30976,32.587505
28,256,11,256,1,18,324,256,30976,458.42744
28,256,11,256,2,10,100,256,30976,132.22808
28,256,11,256,4,6,36,256,30976,43.350303
56,32,1,32,1,56,3136,32,32,1.04779137
56,32,1,32,2,29,841,32,32,0.43202725
56,32,1,32,4,15,225,32,32,0.059550887
56,32,1,64,1,56,3136,64,32,1.6832367
56,32,1,64,2,29,841,64,32,0.60172161
56,32,1,64,4,15,225,64,32,0.094323021
56,32,1,92,1,56,3136,92,32,2.6359736
56,32,1,92,2,29,841,92,32,0.80879072
56,32,1,92,4,15,225,92,32,0.14907073
56,32,1,128,1,56,3136,128,32,3.1582935
56,32,1,128,2,29,841,128,32,0.86390082
56,32,1,128,4,15,225,128,32,0.36895178
56,32,1,192,1,56,3136,192,32,4.5189265
56,32,1,192,2,29,841,192,32,1.2941664
56,32,1,192,4,15,225,192,32,0.54076715
56,32,1,256,1,56,3136,256,32,5.7606383
56,32,1,256,2,29,841,256,32,1.6379237
56,32,1,256,4,15,225,256,32,0.67574791
56,32,3,32,1,54,2916,32,288,5.3377245
56,32,3,32,2,28,784,32,288,1.3938211
56,32,3,32,4,15,225,32,288,0.40757066
56,32,3,64,1,54,2916,64,288,8.6780045
56,32,3,64,2,28,784,64,288,2.2655031
56,32,3,64,4,15,225,64,288,0.65936404
56,32,3,92,1,54,2916,92,288,11.1069847
56,32,3,92,2,28,784,92,288,2.8325823
56,32,3,92,4,15,225,92,288,0.83622712
56,32,3,128,1,54,2916,128,288,14.3849
56,32,3,128,2,28,784,128,288,3.7324691
56,32,3,128,4,15,225,128,288,1.09864363
56,32,3,192,1,54,2916,192,288,20.326779
56,32,3,192,2,28,784,192,288,5.2228826
56,32,3,192,4,15,225,192,288,1.5381334
56,32,3,256,1,54,2916,256,288,27.661835
56,32,3,256,2,28,784,256,288,6.9982482
56,32,3,256,4,15,225,256,288,2.1055403
56,32,5,32,1,52,2704,32,800,12.830133
56,32,5,32,2,27,729,32,800,3.3242566
56,32,5,32,4,14,196,32,800,0.93312349
56,32,5,64,1,52,2704,64,800,21.396437
56,32,5,64,2,27,729,64,800,5.561747
56,32,5,64,4,14,196,64,800,1.5032503
56,32,5,92,1,52,2704,92,800,27.415721
56,32,5,92,2,27,729,92,800,7.4106869
56,32,5,92,4,14,196,92,800,1.949024
56,32,5,128,1,52,2704,128,800,41.888535
56,32,5,128,2,27,729,128,800,9.7520695
56,32,5,128,4,14,196,128,800,2.7009938
56,32,5,192,1,52,2704,192,800,69.633764
56,32,5,192,2,27,729,192,800,17.456692
56,32,5,192,4,14,196,192,800,4.5760367
56,32,5,256,1,52,2704,256,800,98.863022
56,32,5,256,2,27,729,256,800,24.782821
56,32,5,256,4,14,196,256,800,6.3231523
56,32,7,32,1,50,2500,32,1568,22.349705
56,32,7,32,2,26,676,32,1568,5.7718592
56,32,7,32,4,14,196,32,1568,1.7048762
56,32,7,64,1,50,2500,64,1568,42.701909
56,32,7,64,2,26,676,64,1568,10.8625318
56,32,7,64,4,14,196,64,1568,3.1702602
56,32,7,92,1,50,2500,92,1568,64.943812
56,32,7,92,2,26,676,92,1568,16.568399
56,32,7,92,4,14,196,92,1568,4.5281586
56,32,7,128,1,50,2500,128,1568,89.090782
56,32,7,128,2,26,676,128,1568,23.111777
56,32,7,128,4,14,196,128,1568,6.3634255
56,32,7,192,1,50,2500,192,1568,128.98837
56,32,7,192,2,26,676,192,1568,32.667283
56,32,7,192,4,14,196,192,1568,9.067233
56,32,7,256,1,50,2500,256,1568,175.24492
56,32,7,256,2,26,676,256,1568,43.958469
56,32,7,256,4,14,196,256,1568,12.221741
56,32,11,32,1,46,2116,32,3872,57.637458
56,32,11,32,2,24,576,32,3872,14.738251
56,32,11,32,4,13,169,32,3872,4.139755
56,32,11,64,1,46,2116,64,3872,108.903863
56,32,11,64,2,24,576,64,3872,27.619912
56,32,11,64,4,13,169,64,3872,7.4092405
56,32,11,92,1,46,2116,92,3872,140.40476
56,32,11,92,2,24,576,92,3872,35.272611
56,32,11,92,4,13,169,92,3872,9.7421933
56,32,11,128,1,46,2116,128,3872,191.48641
56,32,11,128,2,24,576,128,3872,48.348858
56,32,11,128,4,13,169,128,3872,13.031951
56,32,11,192,1,46,2116,192,3872,270.43273
56,32,11,192,2,24,576,192,3872,70.085764
56,32,11,192,4,13,169,192,3872,18.259557
56,32,11,256,1,46,2116,256,3872,369.48175
56,32,11,256,2,24,576,256,3872,95.802756
56,32,11,256,4,13,169,256,3872,25.126002
56,64,1,32,1,56,3136,32,64,1.6838469
56,64,1,32,2,29,841,32,64,0.40710849
56,64,1,32,4,15,225,32,64,0.108591305
56,64,1,64,1,56,3136,64,64,2.9515374
56,64,1,64,2,29,841,64,64,0.93443655
56,64,1,64,4,15,225,64,64,0.20784994
56,64,1,92,1,56,3136,92,64,4.756735
56,64,1,92,2,29,841,92,64,1.1433905
56,64,1,92,4,15,225,92,64,0.50001822
56,64,1,128,1,56,3136,128,64,5.6391859
56,64,1,128,2,29,841,128,64,1.6020349
56,64,1,128,4,15,225,128,64,0.60264143
56,64,1,192,1,56,3136,192,64,8.1625098
56,64,1,192,2,29,841,192,64,2.2571185
56,64,1,192,4,15,225,192,64,0.78901346
56,64,1,256,1,56,3136,256,64,10.6058071
56,64,1,256,2,29,841,256,64,2.9159311
56,64,1,256,4,15,225,256,64,0.9830774
56,64,3,32,1,54,2916,32,576,10.0942448
56,64,3,32,2,28,784,32,576,2.6223232
56,64,3,32,4,15,225,32,576,0.77428843
56,64,3,64,1,54,2916,64,576,16.682077
56,64,3,64,2,28,784,64,576,4.3035824
56,64,3,64,4,15,225,64,576,1.2782334
56,64,3,92,1,54,2916,92,576,21.475989
56,64,3,92,2,28,784,92,576,5.4658326
56,64,3,92,4,15,225,92,576,1.6176854
56,64,3,128,1,54,2916,128,576,28.196777
56,64,3,128,2,28,784,128,576,7.2447803
56,64,3,128,4,15,225,128,576,2.2382362
56,64,3,192,1,54,2916,192,576,42.205161
56,64,3,192,2,28,784,192,576,10.9560167
56,64,3,192,4,15,225,192,576,3.2722992
56,64,3,256,1,54,2916,256,576,73.487968
56,64,3,256,2,28,784,256,576,18.549063
56,64,3,256,4,15,225,256,576,5.2157184
56,64,5,32,1,52,2704,32,1600,24.590156
56,64,5,32,2,27,729,32,1600,6.2759296
56,64,5,32,4,14,196,32,1600,1.732177
56,64,5,64,1,52,2704,64,1600,50.21268
56,64,5,64,2,27,729,64,1600,12.126369
56,64,5,64,4,14,196,64,1600,3.2816556
56,64,5,92,1,52,2704,92,1600,70.488496
56,64,5,92,2,27,729,92,1600,18.502055
56,64,5,92,4,14,196,92,1600,4.7316603
56,64,5,128,1,52,2704,128,1600,99.652666
56,64,5,128,2,27,729,128,1600,25.361833
56,64,5,128,4,14,196,128,1600,6.5395699
56,64,5,192,1,52,2704,192,1600,143.0693
56,64,5,192,2,27,729,192,1600,36.391763
56,64,5,192,4,14,196,192,1600,9.341597
56,64,5,256,1,52,2704,256,1600,194.45605
56,64,5,256,2,27,729,256,1600,49.833
56,64,5,256,4,14,196,256,1600,12.74979
56,64,7,32,1,50,2500,32,3136,50.87147
56,64,7,32,2,26,676,32,3136,13.148454
56,64,7,32,4,14,196,32,3136,3.8126539
56,64,7,64,1,50,2500,64,3136,103.052497
56,64,7,64,2,26,676,64,3136,25.761401
56,64,7,64,4,14,196,64,3136,7.0671782
56,64,7,92,1,50,2500,92,3136,131.10486
56,64,7,92,2,26,676,92,3136,33.936386
56,64,7,92,4,14,196,92,3136,9.2707686
56,64,7,128,1,50,2500,128,3136,178.68577
56,64,7,128,2,26,676,128,3136,45.850089
56,64,7,128,4,14,196,128,3136,12.599726
56,64,7,192,1,50,2500,192,3136,258.9621
56,64,7,192,2,26,676,192,3136,65.896854
56,64,7,192,4,14,196,192,3136,18.078305
56,64,7,256,1,50,2500,256,3136,346.14273
56,64,7,256,2,26,676,256,3136,89.571258
56,64,7,256,4,14,196,256,3136,24.471958
56,64,11,32,1,46,2116,32,7744,122.09085
56,64,11,32,2,24,576,32,7744,31.349364
56,64,11,32,4,13,169,32,7744,8.3776053
56,64,11,64,1,46,2116,64,7744,219.94207
56,64,11,64,2,24,576,64,7744,55.728323
56,64,11,64,4,13,169,64,7744,14.764806
56,64,11,92,1,46,2116,92,7744,281.27734
56,64,11,92,2,24,576,92,7744,70.845011
56,64,11,92,4,13,169,92,7744,19.302999
56,64,11,128,1,46,2116,128,7744,376.65047
56,64,11,128,2,24,576,128,7744,97.649741
56,64,11,128,4,13,169,128,7744,26.008645
56,64,11,192,1,46,2116,192,7744,538.34443
56,64,11,192,2,24,576,192,7744,137.03849
56,64,11,192,4,13,169,192,7744,36.416284
56,64,11,256,1,46,2116,256,7744,727.93244
56,64,11,256,2,24,576,256,7744,188.37326
56,64,11,256,4,13,169,256,7744,49.936508
56,92,1,32,1,56,3136,32,92,2.3692258
56,92,1,32,2,29,841,32,92,0.67110248
56,92,1,32,4,15,225,32,92,0.14663332
56,92,1,64,1,56,3136,64,92,4.2454326
56,92,1,64,2,29,841,64,92,1.1711659
56,92,1,64,4,15,225,64,92,0.49239298
56,92,1,92,1,56,3136,92,92,6.5153314
56,92,1,92,2,29,841,92,92,1.6477547
56,92,1,92,4,15,225,92,92,0.64017664
56,92,1,128,1,56,3136,128,92,7.9642513
56,92,1,128,2,29,841,128,92,2.1040713
56,92,1,128,4,15,225,128,92,0.75329868
56,92,1,192,1,56,3136,192,92,11.682505
56,92,1,192,2,29,841,192,92,3.0282644
56,92,1,192,4,15,225,192,92,1.0057226
56,92,1,256,1,56,3136,256,92,15.236016
56,92,1,256,2,29,841,256,92,3.9342984
56,92,1,256,4,15,225,256,92,1.2838269
56,92,3,32,1,54,2916,32,828,14.21653
56,92,3,32,2,28,784,32,828,3.6843763
56,92,3,32,4,15,225,32,828,1.08944882
56,92,3,64,1,54,2916,64,828,23.855769
56,92,3,64,2,28,784,64,828,6.1046781
56,92,3,64,4,15,225,64,828,1.8021353
56,92,3,92,1,54,2916,92,828,30.777245
56,92,3,92,2,28,784,92,828,7.9542056
56,92,3,92,4,15,225,92,828,2.3059684
56,92,3,128,1,54,2916,128,828,43.161141
56,92,3,128,2,28,784,128,828,11.028009
56,92,3,128,4,15,225,128,828,3.2169405
56,92,3,192,1,54,2916,192,828,78.441662
56,92,3,192,2,28,784,192,828,19.699403
56,92,3,192,4,15,225,192,828,5.599263
56,92,3,256,1,54,2916,256,828,111.010974
56,92,3,256,2,28,784,256,828,27.486233
56,92,3,256,4,15,225,256,828,7.7558454
56,92,5,32,1,52,2704,32,2300,39.81894
56,92,5,32,2,27,729,32,2300,9.4370368
56,92,5,32,4,14,196,32,2300,2.6870383
56,92,5,64,1,52,2704,64,2300,81.535715
56,92,5,64,2,27,729,64,2300,20.542383
56,92,5,64,4,14,196,64,2300,5.0417662
56,92,5,92,1,52,2704,92,2300,107.187506
56,92,5,92,2,27,729,92,2300,27.494595
56,92,5,92,4,14,196,92,2300,6.9418499
56,92,5,128,1,52,2704,128,2300,144.2558
56,92,5,128,2,27,729,128,2300,36.438884
56,92,5,128,4,14,196,128,2300,9.407137
56,92,5,192,1,52,2704,192,2300,209.16752
56,92,5,192,2,27,729,192,2300,52.212328
56,92,5,192,4,14,196,192,2300,13.409936
56,92,5,256,1,52,2704,256,2300,281.6299
56,92,5,256,2,27,729,256,2300,72.384862
56,92,5,256,4,14,196,256,2300,18.132093
56,92,7,32,1,50,2500,32,4508,84.557222
56,92,7,32,2,26,676,32,4508,21.23496
56,92,7,32,4,14,196,32,4508,5.6450845
56,92,7,64,1,50,2500,64,4508,148.71478
56,92,7,64,2,26,676,64,4508,38.451301
56,92,7,64,4,14,196,64,4508,10.5632852
56,92,7,92,1,50,2500,92,4508,193.59273
56,92,7,92,2,26,676,92,4508,49.262237
56,92,7,92,4,14,196,92,4508,13.630625
56,92,7,128,1,50,2500,128,4508,262.81201
56,92,7,128,2,26,676,128,4508,67.047533
56,92,7,128,4,14,196,128,4508,18.326001
56,92,7,192,1,50,2500,192,4508,373.71473
56,92,7,192,2,26,676,192,4508,94.749483
56,92,7,192,4,14,196,192,4508,25.625462
56,92,7,256,1,50,2500,256,4508,509.02771
56,92,7,256,2,26,676,256,4508,132.02016
56,92,7,256,4,14,196,256,4508,35.371373
56,92,11,32,1,46,2116,32,11132,173.9522
56,92,11,32,2,24,576,32,11132,44.765515
56,92,11,32,4,13,169,32,11132,11.847259
56,92,11,64,1,46,2116,64,11132,308.44367
56,92,11,64,2,24,576,64,11132,79.062258
56,92,11,64,4,13,169,64,11132,20.923532
56,92,11,92,1,46,2116,92,11132,396.10342
56,92,11,92,2,24,576,92,11132,104.281259
56,92,11,92,4,13,169,92,11132,27.104858
56,92,11,128,1,46,2116,128,11132,523.8228
56,92,11,128,2,24,576,128,11132,134.97737
56,92,11,128,4,13,169,128,11132,36.398204
56,92,11,192,1,46,2116,192,11132,754.32246
56,92,11,192,2,24,576,192,11132,194.91144
56,92,11,192,4,13,169,192,11132,51.936156
56,92,11,256,1,46,2116,256,11132,1026.72704
56,92,11,256,2,24,576,256,11132,265.17258
56,92,11,256,4,13,169,256,11132,69.894455
56,128,1,32,1,56,3136,32,128,3.0554635
56,128,1,32,2,29,841,32,128,0.97881617
56,128,1,32,4,15,225,32,128,0.35592627
56,128,1,64,1,56,3136,64,128,5.7086922
56,128,1,64,2,29,841,64,128,1.5216241
56,128,1,64,4,15,225,64,128,0.56752329
56,128,1,92,1,56,3136,92,128,8.6089163
56,128,1,92,2,29,841,92,128,2.1907423
56,128,1,92,4,15,225,92,128,0.73135747
56,128,1,128,1,56,3136,128,128,10.9343772
56,128,1,128,2,29,841,128,128,2.7882863
56,128,1,128,4,15,225,128,128,0.82668766
56,128,1,192,1,56,3136,192,128,15.684513
56,128,1,192,2,29,841,192,128,4.157722
56,128,1,192,4,15,225,192,128,1.2889684
56,128,1,256,1,56,3136,256,128,20.902175
56,128,1,256,2,29,841,256,128,5.3289557
56,128,1,256,4,15,225,256,128,1.6409408
56,128,3,32,1,54,2916,32,1152,19.58403
56,128,3,32,2,28,784,32,1152,5.1394434
56,128,3,32,4,15,225,32,1152,1.4834188
56,128,3,64,1,54,2916,64,1152,33.155669
56,128,3,64,2,28,784,64,1152,8.6834963
56,128,3,64,4,15,225,64,1152,2.5695522
56,128,3,92,1,54,2916,92,1152,45.256726
56,128,3,92,2,28,784,92,1152,12.27406
56,128,3,92,4,15,225,92,1152,3.4315501
56,128,3,128,1,54,2916,128,1152,75.677569
56,128,3,128,2,28,784,128,1152,19.245595
56,128,3,128,4,15,225,128,1152,5.3888683
56,128,3,192,1,54,2916,192,1152,112.824737
56,128,3,192,2,28,784,192,1152,28.006824
56,128,3,192,4,15,225,192,1152,7.9754722
56,128,3,256,1,54,2916,256,1152,150.92054
56,128,3,256,2,28,784,256,1152,38.380111
56,128,3,256,4,15,225,256,1152,10.7770699
56,128,5,32,1,52,2704,32,3200,57.916681
56,128,5,32,2,27,729,32,3200,14.698927
56,128,5,32,4,14,196,32,3200,3.8893696
56,128,5,64,1,52,2704,64,3200,114.04073
56,128,5,64,2,27,729,64,3200,28.919299
56,128,5,64,4,14,196,64,3200,7.4703961
56,128,5,92,1,52,2704,92,3200,146.66157
56,128,5,92,2,27,729,92,3200,38.084955
56,128,5,92,4,14,196,92,3200,9.7458658
56,128,5,128,1,52,2704,128,3200,200.3829
56,128,5,128,2,27,729,128,3200,51.148659
56,128,5,128,4,14,196,128,3200,13.053308
56,128,5,192,1,52,2704,192,3200,285.62784
56,128,5,192,2,27,729,192,3200,72.364409
56,128,5,192,4,14,196,192,3200,18.782747
56,128,5,256,1,52,2704,256,3200,383.31747
56,128,5,256,2,27,729,256,3200,98.362658
56,128,5,256,4,14,196,256,3200,25.564329
56,128,7,32,1,50,2500,32,6272,114.64189
56,128,7,32,2,26,676,32,6272,29.782393
56,128,7,32,4,14,196,32,6272,8.2477909
56,128,7,64,1,50,2500,64,6272,209.59579
56,128,7,64,2,26,676,64,6272,53.633755
56,128,7,64,4,14,196,64,6272,14.786615
56,128,7,92,1,50,2500,92,6272,278.02068
56,128,7,92,2,26,676,92,6272,67.700447
56,128,7,92,4,14,196,92,6272,19.159602
56,128,7,128,1,50,2500,128,6272,364.5719
56,128,7,128,2,26,676,128,6272,92.916284
56,128,7,128,4,14,196,128,6272,26.085033
56,128,7,192,1,50,2500,192,6272,530.48754
56,128,7,192,2,26,676,192,6272,133.65301
56,128,7,192,4,14,196,192,6272,36.262378
56,128,7,256,1,50,2500,256,6272,707.1766
56,128,7,256,2,26,676,256,6272,179.72311
56,128,7,256,4,14,196,256,6272,48.899733
56,128,11,32,1,46,2116,32,15488,246.8033
56,128,11,32,2,24,576,32,15488,62.414081
56,128,11,32,4,13,169,32,15488,16.617215
56,128,11,64,1,46,2116,64,15488,436.50431
56,128,11,64,2,24,576,64,15488,111.136291
56,128,11,64,4,13,169,64,15488,29.547466
56,128,11,92,1,46,2116,92,15488,565.31188
56,128,11,92,2,24,576,92,15488,142.17321
56,128,11,92,4,13,169,92,15488,36.929191
56,128,11,128,1,46,2116,128,15488,738.91717
56,128,11,128,2,24,576,128,15488,190.47958
56,128,11,128,4,13,169,128,15488,50.880397
56,128,11,192,1,46,2116,192,15488,1088.07248
56,128,11,192,2,24,576,192,15488,275.81266
56,128,11,192,4,13,169,192,15488,74.461011
56,128,11,256,1,46,2116,256,15488,1458.0277
56,128,11,256,2,24,576,256,15488,368.50995
56,128,11,256,4,13,169,256,15488,100.525478
56,192,1,32,1,56,3136,32,192,4.5092311
56,192,1,32,2,29,841,32,192,1.215654
56,192,1,32,4,15,225,32,192,0.37905172
56,192,1,64,1,56,3136,64,192,8.5690612
56,192,1,64,2,29,841,64,192,2.1504917
56,192,1,64,4,15,225,64,192,0.63560353
56,192,1,92,1,56,3136,92,192,12.639389
56,192,1,92,2,29,841,92,192,3.202081
56,192,1,92,4,15,225,92,192,0.85615128
56,192,1,128,1,56,3136,128,192,15.82226
56,192,1,128,2,29,841,128,192,4.0587566
56,192,1,128,4,15,225,128,192,1.1496281
56,192,1,192,1,56,3136,192,192,23.600502
56,192,1,192,2,29,841,192,192,5.9490319
56,192,1,192,4,15,225,192,192,1.6315392
56,192,1,256,1,56,3136,256,192,30.939287
56,192,1,256,2,29,841,256,192,7.8479743
56,192,1,256,4,15,225,256,192,2.1539721
56,192,3,32,1,54,2916,32,1728,28.871274
56,192,3,32,2,28,784,32,1728,7.4282471
56,192,3,32,4,15,225,32,1728,2.1615657
56,192,3,64,1,54,2916,64,1728,58.5566
56,192,3,64,2,28,784,64,1728,14.830233
56,192,3,64,4,15,225,64,1728,4.3138654
56,192,3,92,1,54,2916,92,1728,85.392744
56,192,3,92,2,28,784,92,1728,21.238802
56,192,3,92,4,15,225,92,1728,6.0271262
56,192,3,128,1,54,2916,128,1728,115.76172
56,192,3,128,2,28,784,128,1728,29.384181
56,192,3,128,4,15,225,128,1728,8.35522
56,192,3,192,1,54,2916,192,1728,165.9066
56,192,3,192,2,28,784,192,1728,41.71621
56,192,3,192,4,15,225,192,1728,11.853135
56,192,3,256,1,54,2916,256,1728,223.83492
56,192,3,256,2,28,784,256,1728,56.67628
56,192,3,256,4,15,225,256,1728,16.168718
56,192,5,32,1,52,2704,32,4800,94.979664
56,192,5,32,2,27,729,32,4800,24.005381
56,192,5,32,4,14,196,32,4800,6.1991122
56,192,5,64,1,52,2704,64,4800,171.28088
56,192,5,64,2,27,729,64,4800,43.714276
56,192,5,64,4,14,196,64,4800,11.2185948
56,192,5,92,1,52,2704,92,4800,225.28245
56,192,5,92,2,27,729,92,4800,57.489315
56,192,5,92,4,14,196,92,4800,14.465469
56,192,5,128,1,52,2704,128,4800,295.39782
56,192,5,128,2,27,729,128,4800,76.654228
56,192,5,128,4,14,196,128,4800,19.52866
56,192,5,192,1,52,2704,192,4800,433.58439
56,192,5,192,2,27,729,192,4800,108.440563
56,192,5,192,4,14,196,192,4800,27.699464
56,192,5,256,1,52,2704,256,4800,577.40627
56,192,5,256,2,27,729,256,4800,147.1034
56,192,5,256,4,14,196,256,4800,36.666805
56,192,7,32,1,50,2500,32,9408,172.66061
56,192,7,32,2,26,676,32,9408,44.6463
56,192,7,32,4,14,196,32,9408,12.3057
56,192,7,64,1,50,2500,64,9408,303.79259
56,192,7,64,2,26,676,64,9408,79.185315
56,192,7,64,4,14,196,64,9408,21.952849
56,192,7,92,1,50,2500,92,9408,408.38991
56,192,7,92,2,26,676,92,9408,102.693157
56,192,7,92,4,14,196,92,9408,28.346954
56,192,7,128,1,50,2500,128,9408,541.26322
56,192,7,128,2,26,676,128,9408,135.32767
56,192,7,128,4,14,196,128,9408,37.921105
56,192,7,192,1,50,2500,192,9408,776.07835
56,192,7,192,2,26,676,192,9408,198.03137
56,192,7,192,4,14,196,192,9408,56.391294
56,192,7,256,1,50,2500,256,9408,1047.10772
56,192,7,256,2,26,676,256,9408,261.9566
56,192,7,256,4,14,196,256,9408,73.538592
56,192,11,32,1,46,2116,32,23232,362.7752
56,192,11,32,2,24,576,32,23232,93.678582
56,192,11,32,4,13,169,32,23232,25.129957
56,192,11,64,1,46,2116,64,23232,651.7049
56,192,11,64,2,24,576,64,23232,168.29429
56,192,11,64,4,13,169,64,23232,44.259727
56,192,11,92,1,46,2116,92,23232,836.38532
56,192,11,92,2,24,576,92,23232,221.94556
56,192,11,92,4,13,169,92,23232,56.291515
56,192,11,128,1,46,2116,128,23232,1142.2944
56,192,11,128,2,24,576,128,23232,283.67859
56,192,11,128,4,13,169,128,23232,76.936954
56,192,11,192,1,46,2116,192,23232,1613.0072
56,192,11,192,2,24,576,192,23232,418.09887
56,192,11,192,4,13,169,192,23232,110.070475
56,192,11,256,1,46,2116,256,23232,2199.771
56,192,11,256,2,24,576,256,23232,559.78505
56,192,11,256,4,13,169,256,23232,147.21753
56,256,1,32,1,56,3136,32,256,5.3411258
56,256,1,32,2,29,841,32,256,1.3777977
56,256,1,32,4,15,225,32,256,0.3920083
56,256,1,64,1,56,3136,64,256,8.5688917
56,256,1,64,2,29,841,64,256,2.1875218
56,256,1,64,4,15,225,64,256,0.62954786
56,256,1,92,1,56,3136,92,256,10.7895338
56,256,1,92,2,29,841,92,256,2.721153
56,256,1,92,4,15,225,92,256,0.77745921
56,256,1,128,1,56,3136,128,256,14.152233
56,256,1,128,2,29,841,128,256,3.5980443
56,256,1,128,4,15,225,128,256,1.00635992
56,256,1,192,1,56,3136,192,256,19.560752
56,256,1,192,2,29,841,192,256,4.9540217
56,256,1,192,4,15,225,192,256,1.3654129
56,256,1,256,1,56,3136,256,256,26.621896
56,256,1,256,2,29,841,256,256,6.7735929
56,256,1,256,4,15,225,256,256,1.9467866
56,256,3,32,1,54,2916,32,2304,39.748767
56,256,3,32,2,28,784,32,2304,10.3394661
56,256,3,32,4,15,225,32,2304,3.1364845
56,256,3,64,1,54,2916,64,2304,88.832012
56,256,3,64,2,28,784,64,2304,22.474118
56,256,3,64,4,15,225,64,2304,6.2709011
56,256,3,92,1,54,2916,92,2304,116.46119
56,256,3,92,2,28,784,92,2304,28.638268
56,256,3,92,4,15,225,92,2304,8.1652896
56,256,3,128,1,54,2916,128,2304,151.44599
56,256,3,128,2,28,784,128,2304,39.20648
56,256,3,128,4,15,225,128,2304,11.1341838
56,256,3,192,1,54,2916,192,2304,222.9377
56,256,3,192,2,28,784,192,2304,55.416895
56,256,3,192,4,15,225,192,2304,15.878082
56,256,3,256,1,54,2916,256,2304,303.60049
56,256,3,256,2,28,784,256,2304,76.198612
56,256,3,256,4,15,225,256,2304,21.738036
56,256,5,32,1,52,2704,32,6400,131.18057
56,256,5,32,2,27,729,32,6400,33.548231
56,256,5,32,4,14,196,32,6400,8.5383139
56,256,5,64,1,52,2704,64,6400,237.5486
56,256,5,64,2,27,729,64,6400,59.285789
56,256,5,64,4,14,196,64,6400,15.1872
56,256,5,92,1,52,2704,92,6400,299.33474
56,256,5,92,2,27,729,92,6400,75.141949
56,256,5,92,4,14,196,92,6400,19.660757
56,256,5,128,1,52,2704,128,6400,407.57066
56,256,5,128,2,27,729,128,6400,102.47179
56,256,5,128,4,14,196,128,6400,26.650033
56,256,5,192,1,52,2704,192,6400,566.02265
56,256,5,192,2,27,729,192,6400,144.40044
56,256,5,192,4,14,196,192,6400,37.345483
56,256,5,256,1,52,2704,256,6400,798.69756
56,256,5,256,2,27,729,256,6400,197.72853
56,256,5,256,4,14,196,256,6400,50.028716
56,256,7,32,1,50,2500,32,12544,238.96336
56,256,7,32,2,26,676,32,12544,60.306857
56,256,7,32,4,14,196,32,12544,16.423533
56,256,7,64,1,50,2500,64,12544,423.81554
56,256,7,64,2,26,676,64,12544,104.173683
56,256,7,64,4,14,196,64,12544,29.587016
56,256,7,92,1,50,2500,92,12544,542.90511
56,256,7,92,2,26,676,92,12544,135.4192
56,256,7,92,4,14,196,92,12544,37.410571
56,256,7,128,1,50,2500,128,12544,733.36322
56,256,7,128,2,26,676,128,12544,181.20454
56,256,7,128,4,14,196,128,12544,50.211324
56,256,7,192,1,50,2500,192,12544,1030.06732
56,256,7,192,2,26,676,192,12544,260.20623
56,256,7,192,4,14,196,192,12544,69.945983
56,256,7,256,1,50,2500,256,12544,1379.8204
56,256,7,256,2,26,676,256,12544,349.25475
56,256,7,256,4,14,196,256,12544,96.329449
56,256,11,32,1,46,2116,32,30976,500.65667
56,256,11,32,2,24,576,32,30976,128.4584
56,256,11,32,4,13,169,32,30976,33.925425
56,256,11,64,1,46,2116,64,30976,870.49437
56,256,11,64,2,24,576,64,30976,219.35334
56,256,11,64,4,13,169,64,30976,60.047974
56,256,11,92,1,46,2116,92,30976,1118.33388
56,256,11,92,2,24,576,92,30976,288.04152
56,256,11,92,4,13,169,92,30976,78.575115
56,256,11,128,1,46,2116,128,30976,1522.2569
56,256,11,128,2,24,576,128,30976,386.54023
56,256,11,128,4,13,169,128,30976,102.859719
56,256,11,192,1,46,2116,192,30976,2207.4211
56,256,11,192,2,24,576,192,30976,557.10017
56,256,11,192,4,13,169,192,30976,146.32935
56,256,11,256,1,46,2116,256,30976,2931.3443
56,256,11,256,2,24,576,256,30976,753.76537
56,256,11,256,4,13,169,256,30976,196.35332
112,32,1,32,1,112,12544,32,32,3.6718107
112,32,1,32,2,57,3249,32,32,0.93546824
112,32,1,32,4,29,841,32,32,0.4608027
112,32,1,64,1,112,12544,64,32,6.3301696
112,32,1,64,2,57,3249,64,32,1.659631
112,32,1,64,4,29,841,64,32,0.41938594
112,32,1,92,1,112,12544,92,32,10.2619933
112,32,1,92,2,57,3249,92,32,2.4534221
112,32,1,92,4,29,841,92,32,0.83549149
112,32,1,128,1,112,12544,128,32,11.765221
112,32,1,128,2,57,3249,128,32,3.0075402
112,32,1,128,4,29,841,128,32,0.78553871
112,32,1,192,1,112,12544,192,32,16.908755
112,32,1,192,2,57,3249,192,32,4.3793489
112,32,1,192,4,29,841,192,32,1.3225068
112,32,1,256,1,112,12544,256,32,22.338292
112,32,1,256,2,57,3249,256,32,5.7080933
112,32,1,256,4,29,841,256,32,1.6507153
112,32,3,32,1,110,12100,32,288,21.639952
112,32,3,32,2,56,3136,32,288,5.5422884
112,32,3,32,4,29,841,32,288,1.4790344
112,32,3,64,1,110,12100,64,288,35.588785
112,32,3,64,2,56,3136,64,288,8.9893308
112,32,3,64,4,29,841,64,288,2.3945943
112,32,3,92,1,110,12100,92,288,45.236951
112,32,3,92,2,56,3136,92,288,11.384637
112,32,3,92,4,29,841,92,288,3.0213262
112,32,3,128,1,110,12100,128,288,59.115385
112,32,3,128,2,56,3136,128,288,14.889219
112,32,3,128,4,29,841,128,288,3.9340837
112,32,3,192,1,110,12100,192,288,83.657177
112,32,3,192,2,56,3136,192,288,21.167386
112,32,3,192,4,29,841,192,288,5.5213269
112,32,3,256,1,110,12100,256,288,113.11526
112,32,3,256,2,56,3136,256,288,28.287629
112,32,3,256,4,29,841,256,288,7.492239
112,32,5,32,1,108,11664,32,800,54.764207
112,32,5,32,2,55,3025,32,800,13.801481
112,32,5,32,4,28,784,32,800,3.5742804
112,32,5,64,1,108,11664,64,800,91.786284
112,32,5,64,2,55,3025,64,800,23.00115
112,32,5,64,4,28,784,64,800,5.9483991
112,32,5,92,1,108,11664,92,800,117.69063
112,32,5,92,2,55,3025,92,800,29.531533
112,32,5,92,4,28,784,92,800,7.7144761
112,32,5,128,1,108,11664,128,800,161.58096
112,32,5,128,2,55,3025,128,800,40.718307
112,32,5,128,4,28,784,128,800,10.4696308
112,32,5,192,1,108,11664,192,800,299.25338
112,32,5,192,2,55,3025,192,800,75.200935
112,32,5,192,4,28,784,192,800,18.750429
112,32,5,256,1,108,11664,256,800,425.97384
112,32,5,256,2,55,3025,256,800,105.700087
112,32,5,256,4,28,784,256,800,26.3403
112,32,7,32,1,106,11236,32,1568,99.868157
112,32,7,32,2,54,2916,32,1568,25.184423
112,32,7,32,4,28,784,32,1568,6.6927527
112,32,7,64,1,106,11236,64,1568,186.44435
112,32,7,64,2,54,2916,64,1568,47.437626
112,32,7,64,4,28,784,64,1568,12.513281
112,32,7,92,1,106,11236,92,1568,291.7547
112,32,7,92,2,54,2916,92,1568,71.859638
112,32,7,92,4,28,784,92,1568,18.338431
112,32,7,128,1,106,11236,128,1568,398.60976
112,32,7,128,2,54,2916,128,1568,98.880763
112,32,7,128,4,28,784,128,1568,26.363352
112,32,7,192,1,106,11236,192,1568,564.80225
112,32,7,192,2,54,2916,192,1568,143.29191
112,32,7,192,4,28,784,192,1568,37.611485
112,32,7,256,1,106,11236,256,1568,769.20682
112,32,7,256,2,54,2916,256,1568,196.0211
112,32,7,256,4,28,784,256,1568,51.005375
112,32,11,32,1,102,10404,32,3872,293.91413
112,32,11,32,2,52,2704,32,3872,73.273268
112,32,11,32,4,27,729,32,3872,19.367183
112,32,11,64,1,102,10404,64,3872,522.6928
112,32,11,64,2,52,2704,64,3872,131.68568
112,32,11,64,4,27,729,64,3872,34.725465
112,32,11,92,1,102,10404,92,3872,686.40268
112,32,11,92,2,52,2704,92,3872,173.33974
112,32,11,92,4,27,729,92,3872,45.629061
112,32,11,128,1,102,10404,128,3872,933.04552
112,32,11,128,2,52,2704,128,3872,233.75293
112,32,11,128,4,27,729,128,3872,61.421941
112,32,11,192,1,102,10404,192,3872,1320.8683
112,32,11,192,2,52,2704,192,3872,334.15456
112,32,11,192,4,27,729,192,3872,87.968918
112,32,11,256,1,102,10404,256,3872,1805.5479
112,32,11,256,2,52,2704,256,3872,446.50255
112,32,11,256,4,27,729,256,3872,118.20252
112,64,1,32,1,112,12544,32,64,6.3183724
112,64,1,32,2,57,3249,32,64,1.675112
112,64,1,32,4,29,841,32,64,0.46765954
112,64,1,64,1,112,12544,64,64,11.533684
112,64,1,64,2,57,3249,64,64,2.9665664
112,64,1,64,4,29,841,64,64,0.81035577
112,64,1,92,1,112,12544,92,64,18.442165
112,64,1,92,2,57,3249,92,64,4.7447344
112,64,1,92,4,29,841,92,64,1.2066818
112,64,1,128,1,112,12544,128,64,21.728657
112,64,1,128,2,57,3249,128,64,5.5612159
112,64,1,128,4,29,841,128,64,1.4429648
112,64,1,192,1,112,12544,192,64,32.153811
112,64,1,192,2,57,3249,192,64,8.1730188
112,64,1,192,4,29,841,192,64,2.097167
112,64,1,256,1,112,12544,256,64,42.262113
112,64,1,256,2,57,3249,256,64,10.6322152
112,64,1,256,4,29,841,256,64,2.747821
112,64,3,32,1,110,12100,32,576,41.314156
112,64,3,32,2,56,3136,32,576,10.350574
112,64,3,32,4,29,841,32,576,2.7615957
112,64,3,64,1,110,12100,64,576,68.592243
112,64,3,64,2,56,3136,64,576,17.266513
112,64,3,64,4,29,841,64,576,4.5922296
112,64,3,92,1,110,12100,92,576,87.64054
112,64,3,92,2,56,3136,92,576,21.999179
112,64,3,92,4,29,841,92,576,5.8041094
112,64,3,128,1,110,12100,128,576,115.61482
112,64,3,128,2,56,3136,128,576,29.407233
112,64,3,128,4,29,841,128,576,7.7446358
112,64,3,192,1,110,12100,192,576,174.56353
112,64,3,192,2,56,3136,192,576,44.11068
112,64,3,192,4,29,841,192,576,11.592557
112,64,3,256,1,110,12100,256,576,294.78423
112,64,3,256,2,56,3136,256,576,75.537901
112,64,3,256,4,29,841,256,576,19.510015
112,64,5,32,1,108,11664,32,1600,106.053551
112,64,5,32,2,55,3025,32,1600,26.499517
112,64,5,32,4,28,784,32,1600,6.992666
112,64,5,64,1,108,11664,64,1600,203.63391
112,64,5,64,2,55,3025,64,1600,51.253184
112,64,5,64,4,28,784,64,1600,12.984604
112,64,5,92,1,108,11664,92,1600,312.32296
112,64,5,92,2,55,3025,92,1600,79.200118
112,64,5,92,4,28,784,92,1600,19.863253
112,64,5,128,1,108,11664,128,1600,427.29255
112,64,5,128,2,55,3025,128,1600,106.657423
112,64,5,128,4,28,784,128,1600,27.094349
112,64,5,192,1,108,11664,192,1600,630.8903
112,64,5,192,2,55,3025,192,1600,156.0191
112,64,5,192,4,28,784,192,1600,39.487172
112,64,5,256,1,108,11664,256,1600,834.84739
112,64,5,256,2,55,3025,256,1600,209.72461
112,64,5,256,4,28,784,256,1600,52.96762
112,64,7,32,1,106,11236,32,3136,228.8928
112,64,7,32,2,54,2916,32,3136,57.14975
112,64,7,32,4,28,784,32,3136,15.198161
112,64,7,64,1,106,11236,64,3136,458.92803
112,64,7,64,2,54,2916,64,3136,113.05537
112,64,7,64,4,28,784,64,3136,29.769398
112,64,7,92,1,106,11236,92,3136,598.16663
112,64,7,92,2,54,2916,92,3136,149.56567
112,64,7,92,4,28,784,92,3136,38.788154
112,64,7,128,1,106,11236,128,3136,797.4184
112,64,7,128,2,54,2916,128,3136,199.78852
112,64,7,128,4,28,784,128,3136,52.02407
112,64,7,192,1,106,11236,192,3136,1140.9723
112,64,7,192,2,54,2916,192,3136,286.568
112,64,7,192,4,28,784,192,3136,76.308448
112,64,7,256,1,106,11236,256,3136,1581.6045
112,64,7,256,2,54,2916,256,3136,380.84616
112,64,7,256,4,28,784,256,3136,103.127755
112,64,11,32,1,102,10404,32,7744,580.04369
112,64,11,32,2,52,2704,32,7744,146.58134
112,64,11,32,4,27,729,32,7744,38.906465
112,64,11,64,1,102,10404,64,7744,1064.69391
112,64,11,64,2,52,2704,64,7744,266.06867
112,64,11,64,4,27,729,64,7744,70.890776
112,64,11,92,1,102,10404,92,7744,1365.0174
112,64,11,92,2,52,2704,92,7744,353.36908
112,64,11,92,4,27,729,92,7744,90.626
112,64,11,128,1,102,10404,128,7744,1812.4296
112,64,11,128,2,52,2704,128,7744,461.46714
112,64,11,128,4,27,729,128,7744,122.52477
112,64,11,192,1,102,10404,192,7744,2622.9673
112,64,11,192,2,52,2704,192,7744,644.22656
112,64,11,192,4,27,729,192,7744,175.18051
112,64,11,256,1,102,10404,256,7744,3514.7407
112,64,11,256,2,52,2704,256,7744,878.14899
112,64,11,256,4,27,729,256,7744,234.87728
112,92,1,32,1,112,12544,32,92,8.9168187
112,92,1,32,2,57,3249,32,92,2.4804178
112,92,1,32,4,29,841,32,92,0.61780603
112,92,1,64,1,112,12544,64,92,16.591338
112,92,1,64,2,57,3249,64,92,4.3682297
112,92,1,64,4,29,841,64,92,1.10764973
112,92,1,92,1,112,12544,92,92,25.544554
112,92,1,92,2,57,3249,92,92,6.4596337
112,92,1,92,4,29,841,92,92,1.6700835
112,92,1,128,1,112,12544,128,92,31.253992
112,92,1,128,2,57,3249,128,92,8.0285144
112,92,1,128,4,29,841,128,92,2.0264968
112,92,1,192,1,112,12544,192,92,45.892351
112,92,1,192,2,57,3249,192,92,11.509728
112,92,1,192,4,29,841,192,92,2.9872002
112,92,1,256,1,112,12544,256,92,60.569356
112,92,1,256,2,57,3249,256,92,15.115445
112,92,1,256,4,29,841,256,92,3.9086248
112,92,3,32,1,110,12100,32,828,58.177711
112,92,3,32,2,56,3136,32,828,14.707063
112,92,3,32,4,29,841,32,828,3.8970197
112,92,3,64,1,110,12100,64,828,97.845457
112,92,3,64,2,56,3136,64,828,24.607784
112,92,3,64,4,29,841,64,828,6.4947654
112,92,3,92,1,110,12100,92,828,125.59498
112,92,3,92,2,56,3136,92,828,31.902612
112,92,3,92,4,29,841,92,828,8.3557285
112,92,3,128,1,110,12100,128,828,187.16981
112,92,3,128,2,56,3136,128,828,44.610479
112,92,3,128,4,29,841,128,828,11.930992
112,92,3,192,1,110,12100,192,828,319.97419
112,92,3,192,2,56,3136,192,828,80.264578
112,92,3,192,4,29,841,192,828,20.94342
112,92,3,256,1,110,12100,256,828,448.93318
112,92,3,256,2,56,3136,256,828,114.60234
112,92,3,256,4,29,841,256,828,29.576733
112,92,5,32,1,108,11664,32,2300,155.14109
112,92,5,32,2,55,3025,32,2300,39.059241
112,92,5,32,4,28,784,32,2300,10.7344011
112,92,5,64,1,108,11664,64,2300,354.45049
112,92,5,64,2,55,3025,64,2300,85.30822
112,92,5,64,4,28,784,64,2300,22.454682
112,92,5,92,1,108,11664,92,2300,465.07297
112,92,5,92,2,55,3025,92,2300,116.38548
112,92,5,92,4,28,784,92,2300,29.727588
112,92,5,128,1,108,11664,128,2300,613.71656
112,92,5,128,2,55,3025,128,2300,153.42349
112,92,5,128,4,28,784,128,2300,39.647971
112,92,5,192,1,108,11664,192,2300,867.06143
112,92,5,192,2,55,3025,192,2300,223.31625
112,92,5,192,4,28,784,192,2300,56.595937
112,92,5,256,1,108,11664,256,2300,1207.5293
112,92,5,256,2,55,3025,256,2300,300.50316
112,92,5,256,4,28,784,256,2300,75.804355
112,92,7,32,1,106,11236,32,4508,375.19164
112,92,7,32,2,54,2916,32,4508,94.298048
112,92,7,32,4,28,784,32,4508,24.685076
112,92,7,64,1,106,11236,64,4508,664.19818
112,92,7,64,2,54,2916,64,4508,169.39491
112,92,7,64,4,28,784,64,4508,43.254027
112,92,7,92,1,106,11236,92,4508,867.48631
112,92,7,92,2,54,2916,92,4508,216.59614
112,92,7,92,4,28,784,92,4508,57.368179
112,92,7,128,1,106,11236,128,4508,1172.2846
112,92,7,128,2,54,2916,128,4508,297.13689
112,92,7,128,4,28,784,128,4508,77.270869
112,92,7,192,1,106,11236,192,4508,1659.6988
112,92,7,192,2,54,2916,192,4508,419.03112
112,92,7,192,4,28,784,192,4508,109.379254
112,92,7,256,1,106,11236,256,4508,2247.4457
112,92,7,256,2,54,2916,256,4508,558.30588
112,92,7,256,4,28,784,256,4508,148.7984
112,92,11,32,1,102,10404,32,11132,826.97016
112,92,11,32,2,52,2704,32,11132,210.02067
112,92,11,32,4,27,729,32,11132,55.561761
112,92,11,64,1,102,10404,64,11132,1492.8656
112,92,11,64,2,52,2704,64,11132,390.08052
112,92,11,64,4,27,729,64,11132,100.579266
112,92,11,92,1,102,10404,92,11132,1921.5198
112,92,11,92,2,52,2704,92,11132,482.71114
112,92,11,92,4,27,729,92,11132,132.83489
112,92,11,128,1,102,10404,128,11132,2635.2052
112,92,11,128,2,52,2704,128,11132,656.65656
112,92,11,128,4,27,729,128,11132,169.89211
112,92,11,192,1,102,10404,192,11132,3673.4153
112,92,11,192,2,52,2704,192,11132,936.74514
112,92,11,192,4,27,729,192,11132,244.92072
112,92,11,256,1,102,10404,256,11132,5035.5286
112,92,11,256,2,52,2704,256,11132,1260.9557
112,92,11,256,4,27,729,256,11132,334.31615
112,128,1,32,1,112,12544,32,128,11.928619
112,128,1,32,2,57,3249,32,128,3.2038325
112,128,1,32,4,29,841,32,128,0.85469132
112,128,1,64,1,112,12544,64,128,22.530618
112,128,1,64,2,57,3249,64,128,5.7441742
112,128,1,64,4,29,841,64,128,1.4956002
112,128,1,92,1,112,12544,92,128,34.185325
112,128,1,92,2,57,3249,92,128,8.6439463
112,128,1,92,4,29,841,92,128,2.2368576
112,128,1,128,1,112,12544,128,128,42.696824
112,128,1,128,2,57,3249,128,128,10.7677813
112,128,1,128,4,29,841,128,128,2.776862
112,128,1,192,1,112,12544,192,128,62.998969
112,128,1,192,2,57,3249,192,128,15.706322
112,128,1,192,4,29,841,192,128,4.0477843
112,128,1,256,1,112,12544,256,128,83.104268
112,128,1,256,2,57,3249,256,128,20.837652
112,128,1,256,4,29,841,256,128,5.2774842
112,128,3,32,1,110,12100,32,1152,80.351362
112,128,3,32,2,56,3136,32,1152,20.330621
112,128,3,32,4,29,841,32,1152,5.3847212
112,128,3,64,1,110,12100,64,1152,136.10624
112,128,3,64,2,56,3136,64,1152,34.314936
112,128,3,64,4,29,841,64,1152,9.355157
112,128,3,92,1,110,12100,92,1152,188.10771
112,128,3,92,2,56,3136,92,1152,47.298862
112,128,3,92,4,29,841,92,1152,13.045963
112,128,3,128,1,110,12100,128,1152,312.01447
112,128,3,128,2,56,3136,128,1152,78.020737
112,128,3,128,4,29,841,128,1152,19.507755
112,128,3,192,1,110,12100,192,1152,461.40725
112,128,3,192,2,56,3136,192,1152,116.12445
112,128,3,192,4,29,841,192,1152,29.87155
112,128,3,256,1,110,12100,256,1152,617.58794
112,128,3,256,2,56,3136,256,1152,157.409
112,128,3,256,4,29,841,256,1152,40.713561
112,128,5,32,1,108,11664,32,3200,259.40845
112,128,5,32,2,55,3025,32,3200,62.325602
112,128,5,32,4,28,784,32,3200,15.402917
112,128,5,64,1,108,11664,64,3200,490.60532
112,128,5,64,2,55,3025,64,3200,124.43221
112,128,5,64,4,28,784,64,3200,31.196927
112,128,5,92,1,108,11664,92,3200,638.18219
112,128,5,92,2,55,3025,92,3200,161.14478
112,128,5,92,4,28,784,92,3200,40.730398
112,128,5,128,1,108,11664,128,3200,879.94343
112,128,5,128,2,55,3025,128,3200,213.65249
112,128,5,128,4,28,784,128,3200,53.587764
112,128,5,192,1,108,11664,192,3200,1222.7843
112,128,5,192,2,55,3025,192,3200,310.06409
112,128,5,192,4,28,784,192,3200,76.577501
112,128,5,256,1,108,11664,256,3200,1656.1167
112,128,5,256,2,55,3025,256,3200,420.07976
112,128,5,256,4,28,784,256,3200,105.99739
112,128,7,32,1,106,11236,32,6272,527.35518
112,128,7,32,2,54,2916,32,6272,130.96813
112,128,7,32,4,28,784,32,6272,34.499578
112,128,7,64,1,106,11236,64,6272,931.33018
112,128,7,64,2,54,2916,64,6272,235.47618
112,128,7,64,4,28,784,64,6272,61.570084
112,128,7,92,1,106,11236,92,6272,1200.1504
112,128,7,92,2,54,2916,92,6272,307.45605
112,128,7,92,4,28,784,92,6272,77.463308
112,128,7,128,1,106,11236,128,6272,1576.3839
112,128,7,128,2,54,2916,128,6272,408.5967
112,128,7,128,4,28,784,128,6272,107.41328
112,128,7,192,1,106,11236,192,6272,2323.5738
112,128,7,192,2,54,2916,192,6272,572.60264
112,128,7,192,4,28,784,192,6272,154.88684
112,128,7,256,1,106,11236,256,6272,3170.1133
112,128,7,256,2,54,2916,256,6272,777.18123
112,128,7,256,4,28,784,256,6272,206.53236
112,128,11,32,1,102,10404,32,15488,1214.3432
112,128,11,32,2,52,2704,32,15488,300.75289
112,128,11,32,4,27,729,32,15488,80.41871
112,128,11,64,1,102,10404,64,15488,2143.6213
112,128,11,64,2,52,2704,64,15488,532.86732
112,128,11,64,4,27,729,64,15488,140.59008
112,128,11,92,1,102,10404,92,15488,2763.5958
112,128,11,92,2,52,2704,92,15488,700.35253
112,128,11,92,4,27,729,92,15488,182.73569
112,128,11,128,1,102,10404,128,15488,3707.6995
112,128,11,128,2,52,2704,128,15488,932.75172
112,128,11,128,4,27,729,128,15488,241.36461
112,128,11,192,1,102,10404,192,15488,5312.2656
112,128,11,192,2,52,2704,192,15488,1347.4798
112,128,11,192,4,27,729,192,15488,348.83326
112,128,11,256,1,102,10404,256,15488,7195.3993
112,128,11,256,2,52,2704,256,15488,1769.6591
112,128,11,256,4,27,729,256,15488,477.21143
112,192,1,32,1,112,12544,32,192,17.744955
112,192,1,32,2,57,3249,32,192,4.5221018
112,192,1,32,4,29,841,32,192,1.2054049
112,192,1,64,1,112,12544,64,192,33.405738
112,192,1,64,2,57,3249,64,192,8.3852554
112,192,1,64,4,29,841,64,192,2.2509939
112,192,1,92,1,112,12544,92,192,50.02849
112,192,1,92,2,57,3249,92,192,12.598709
112,192,1,92,4,29,841,92,192,3.1963971
112,192,1,128,1,112,12544,128,192,63.259434
112,192,1,128,2,57,3249,128,192,15.824633
112,192,1,128,4,29,841,128,192,4.0794695
112,192,1,192,1,112,12544,192,192,93.239351
112,192,1,192,2,57,3249,192,192,23.381169
112,192,1,192,4,29,841,192,192,5.9440599
112,192,1,256,1,112,12544,256,192,123.6107
112,192,1,256,2,57,3249,256,192,31.01737
112,192,1,256,4,29,841,256,192,7.8423695
112,192,3,32,1,110,12100,32,1728,121.37217
112,192,3,32,2,56,3136,32,1728,30.002291
112,192,3,32,4,29,841,32,1728,7.9004402
112,192,3,64,1,110,12100,64,1728,251.00125
112,192,3,64,2,56,3136,64,1728,63.020439
112,192,3,64,4,29,841,64,1728,15.7635
112,192,3,92,1,110,12100,92,1728,357.02915
112,192,3,92,2,56,3136,92,1728,87.025255
112,192,3,92,4,29,841,92,1728,22.698084
112,192,3,128,1,110,12100,128,1728,482.72809
112,192,3,128,2,56,3136,128,1728,122.13266
112,192,3,128,4,29,841,128,1728,31.560448
112,192,3,192,1,110,12100,192,1728,692.41541
112,192,3,192,2,56,3136,192,1728,171.9408
112,192,3,192,4,29,841,192,1728,45.186779
112,192,3,256,1,110,12100,256,1728,941.53973
112,192,3,256,2,56,3136,256,1728,235.59483
112,192,3,256,4,29,841,256,1728,60.259736
112,192,5,32,1,108,11664,32,4800,416.76999
112,192,5,32,2,55,3025,32,4800,102.313138
112,192,5,32,4,28,784,32,4800,26.092943
112,192,5,64,1,108,11664,64,4800,736.38823
112,192,5,64,2,55,3025,64,4800,184.67025
112,192,5,64,4,28,784,64,4800,46.872626
112,192,5,92,1,108,11664,92,4800,952.09167
112,192,5,92,2,55,3025,92,4800,241.9895
112,192,5,92,4,28,784,92,4800,62.521883
112,192,5,128,1,108,11664,128,4800,1322.7102
112,192,5,128,2,55,3025,128,4800,329.46393
112,192,5,128,4,28,784,128,4800,82.306714
112,192,5,192,1,108,11664,192,4800,1838.2614
112,192,5,192,2,55,3025,192,4800,467.70587
112,192,5,192,4,28,784,192,4800,114.14356
112,192,5,256,1,108,11664,256,4800,2490.3053
112,192,5,256,2,55,3025,256,4800,634.11306
112,192,5,256,4,28,784,256,4800,156.50387
112,192,7,32,1,106,11236,32,9408,775.07265
112,192,7,32,2,54,2916,32,9408,194.75324
112,192,7,32,4,28,784,32,9408,51.595574
112,192,7,64,1,106,11236,64,9408,1400.2056
112,192,7,64,2,54,2916,64,9408,345.44891
112,192,7,64,4,28,784,64,9408,91.926517
112,192,7,92,1,106,11236,92,9408,1814.8478
112,192,7,92,2,54,2916,92,9408,442.62778
112,192,7,92,4,28,784,92,9408,118.75057
112,192,7,128,1,106,11236,128,9408,2509.6396
112,192,7,128,2,54,2916,128,9408,605.50033
112,192,7,128,4,28,784,128,9408,156.79428
112,192,7,192,1,106,11236,192,9408,3423.4932
112,192,7,192,2,54,2916,192,9408,865.13026
112,192,7,192,4,28,784,192,9408,228.63064
112,192,7,256,1,106,11236,256,9408,4772.0126
112,192,7,256,2,54,2916,256,9408,1178.6465
112,192,7,256,4,28,784,256,9408,305.42883
112,192,11,32,1,102,10404,32,23232,1784.9593
112,192,11,32,2,52,2704,32,23232,437.63883
112,192,11,32,4,27,729,32,23232,118.50536
112,192,11,64,1,102,10404,64,23232,3144.1233
112,192,11,64,2,52,2704,64,23232,798.47947
112,192,11,64,4,27,729,64,23232,208.35844
112,192,11,92,1,102,10404,92,23232,4150.3092
112,192,11,92,2,52,2704,92,23232,1030.8199
112,192,11,92,4,27,729,92,23232,276.21042
112,192,11,128,1,102,10404,128,23232,5686.3408
112,192,11,128,2,52,2704,128,23232,1388.8039
112,192,11,128,4,27,729,128,23232,366.94716
112,192,11,192,1,102,10404,192,23232,7915.6048
112,192,11,192,2,52,2704,192,23232,1972.4941
112,192,11,192,4,27,729,192,23232,516.66651
112,192,11,256,1,102,10404,256,23232,10719.5755
112,192,11,256,2,52,2704,256,23232,2698.2931
112,192,11,256,4,27,729,256,23232,718.89583
112,256,1,32,1,112,12544,32,256,20.582498
112,256,1,32,2,57,3249,32,256,5.361285
112,256,1,32,4,29,841,32,256,1.3758315
112,256,1,64,1,112,12544,64,256,33.163014
112,256,1,64,2,57,3249,64,256,8.5511507
112,256,1,64,4,29,841,64,256,2.2207212
112,256,1,92,1,112,12544,92,256,42.095777
112,256,1,92,2,57,3249,92,256,10.8156255
112,256,1,92,4,29,841,92,256,2.7198083
112,256,1,128,1,112,12544,128,256,55.670015
112,256,1,128,2,57,3249,128,256,14.241277
112,256,1,128,4,29,841,128,256,3.609898
112,256,1,192,1,112,12544,192,256,76.720107
112,256,1,192,2,57,3249,192,256,19.704036
112,256,1,192,4,29,841,192,256,4.9645985
112,256,1,256,1,112,12544,256,256,105.179383
112,256,1,256,2,57,3249,256,256,26.998977
112,256,1,256,4,29,841,256,256,6.7580328
112,256,3,32,1,110,12100,32,2304,163.43529
112,256,3,32,2,56,3136,32,2304,42.339744
112,256,3,32,4,29,841,32,2304,10.7421868
112,256,3,64,1,110,12100,64,2304,365.67704
112,256,3,64,2,56,3136,64,2304,93.459588
112,256,3,64,4,29,841,64,2304,23.185566
112,256,3,92,1,110,12100,92,2304,488.63573
112,256,3,92,2,56,3136,92,2304,123.43781
112,256,3,92,4,29,841,92,2304,32.409643
112,256,3,128,1,110,12100,128,2304,646.36
112,256,3,128,2,56,3136,128,2304,164.73818
112,256,3,128,4,29,841,128,2304,42.256237
112,256,3,192,1,110,12100,192,2304,955.48732
112,256,3,192,2,56,3136,192,2304,230.85448
112,256,3,192,4,29,841,192,2304,59.712251
112,256,3,256,1,110,12100,256,2304,1249.7913
112,256,3,256,2,56,3136,256,2304,319.37755
112,256,3,256,4,29,841,256,2304,82.00523
112,256,5,32,1,108,11664,32,6400,572.70208
112,256,5,32,2,55,3025,32,6400,145.82989
112,256,5,32,4,28,784,32,6400,37.221861
112,256,5,64,1,108,11664,64,6400,1031.4301
112,256,5,64,2,55,3025,64,6400,253.18102
112,256,5,64,4,28,784,64,6400,64.791036
112,256,5,92,1,108,11664,92,6400,1313.5685
112,256,5,92,2,55,3025,92,6400,322.67489
112,256,5,92,4,28,784,92,6400,85.16245
112,256,5,128,1,108,11664,128,6400,1812.9268
112,256,5,128,2,55,3025,128,6400,430.79555
112,256,5,128,4,28,784,128,6400,112.167868
112,256,5,192,1,108,11664,192,6400,2525.2336
112,256,5,192,2,55,3025,192,6400,627.35001
112,256,5,192,4,28,784,192,6400,154.90605
112,256,5,256,1,108,11664,256,6400,3425.8888
112,256,5,256,2,55,3025,256,6400,854.393
112,256,5,256,4,28,784,256,6400,218.61545
112,256,7,32,1,106,11236,32,12544,1074.14862
112,256,7,32,2,54,2916,32,12544,261.35657
112,256,7,32,4,28,784,32,12544,70.296283
112,256,7,64,1,106,11236,64,12544,1882.7269
112,256,7,64,2,54,2916,64,12544,470.27662
112,256,7,64,4,28,784,64,12544,123.64234
112,256,7,92,1,106,11236,92,12544,2492.3393
112,256,7,92,2,54,2916,92,12544,601.8041
112,256,7,92,4,28,784,92,12544,164.23646
112,256,7,128,1,106,11236,128,12544,3284.4241
112,256,7,128,2,54,2916,128,12544,833.66315
112,256,7,128,4,28,784,128,12544,211.95975
112,256,7,192,1,106,11236,192,12544,4581.2686
112,256,7,192,2,54,2916,192,12544,1176.5334
112,256,7,192,4,28,784,192,12544,302.14166
112,256,7,256,1,106,11236,256,12544,6182.3091
112,256,7,256,2,54,2916,256,12544,1599.7975
112,256,7,256,4,28,784,256,12544,418.01864
112,256,11,32,1,102,10404,32,30976,2434.1556
112,256,11,32,2,52,2704,32,30976,615.73022
112,256,11,32,4,27,729,32,30976,160.6408
112,256,11,64,1,102,10404,64,30976,4334.1376
112,256,11,64,2,52,2704,64,30976,1097.80743
112,256,11,64,4,27,729,64,30976,300.80374
112,256,11,92,1,102,10404,92,30976,5672.0237
112,256,11,92,2,52,2704,92,30976,1454.3891
112,256,11,92,4,27,729,92,30976,375.68545
112,256,11,128,1,102,10404,128,30976,7693.4242
112,256,11,128,2,52,2704,128,30976,1897.9367
112,256,11,128,4,27,729,128,30976,508.98364
112,256,11,192,1,102,10404,192,30976,10510.2995
112,256,11,192,2,52,2704,192,30976,2744.7474
112,256,11,192,4,27,729,192,30976,682.9381
112,256,11,256,1,102,10404,256,30976,14334.841
112,256,11,256,2,52,2704,256,30976,3686.2182
112,256,11,256,4,27,729,256,30976,953.39004
224,32,1,32,1,224,50176,32,32,14.020023
224,32,1,32,2,113,12769,32,32,3.6369615
224,32,1,32,4,57,3249,32,32,1.01230259
224,32,1,64,1,224,50176,64,32,24.943507
224,32,1,64,2,113,12769,64,32,6.3917659
224,32,1,64,4,57,3249,64,32,1.6350535
224,32,1,92,1,224,50176,92,32,40.146979
224,32,1,92,2,113,12769,92,32,10.3785302
224,32,1,92,4,57,3249,92,32,2.5571109
224,32,1,128,1,224,50176,128,32,47.179647
224,32,1,128,2,113,12769,128,32,11.540351
224,32,1,128,4,57,3249,128,32,3.0295187
224,32,1,192,1,224,50176,192,32,67.73785
224,32,1,192,2,113,12769,192,32,16.942881
224,32,1,192,4,57,3249,192,32,4.3428273
224,32,1,256,1,224,50176,256,32,89.217003
224,32,1,256,2,113,12769,256,32,22.3627
224,32,1,256,4,57,3249,256,32,5.6294679
224,32,3,32,1,222,49284,32,288,87.116333
224,32,3,32,2,112,12544,32,288,22.020988
224,32,3,32,4,57,3249,32,288,5.6778545
224,32,3,64,1,222,49284,64,288,143.86143
224,32,3,64,2,112,12544,64,288,36.013891
224,32,3,64,4,57,3249,64,288,9.2233312
224,32,3,92,1,222,49284,92,288,182.57071
224,32,3,92,2,112,12544,92,288,45.919697
224,32,3,92,4,57,3249,92,288,11.725332
224,32,3,128,1,222,49284,128,288,238.42887
224,32,3,128,2,112,12544,128,288,60.186286
224,32,3,128,4,57,3249,128,288,15.420997
224,32,3,192,1,222,49284,192,288,338.65083
224,32,3,192,2,112,12544,192,288,84.713162
224,32,3,192,4,57,3249,192,288,21.730465
224,32,3,256,1,222,49284,256,288,459.22974
224,32,3,256,2,112,12544,256,288,114.67805
224,32,3,256,4,57,3249,256,288,29.208579
224,32,5,32,1,220,48400,32,800,225.56608
224,32,5,32,2,111,12321,32,800,56.627916
224,32,5,32,4,56,3136,32,800,14.39055
224,32,5,64,1,220,48400,64,800,382.97282
224,32,5,64,2,111,12321,64,800,94.214767
224,32,5,64,4,56,3136,64,800,24.063576
224,32,5,92,1,220,48400,92,800,485.79265
224,32,5,92,2,111,12321,92,800,124.16666
224,32,5,92,4,56,3136,92,800,30.816004
224,32,5,128,1,220,48400,128,800,669.10012
224,32,5,128,2,111,12321,128,800,178.31513
224,32,5,128,4,56,3136,128,800,43.141027
224,32,5,192,1,220,48400,192,800,1275.2389
224,32,5,192,2,111,12321,192,800,312.04046
224,32,5,192,4,56,3136,192,800,77.832592
224,32,5,256,1,220,48400,256,800,1830.0237
224,32,5,256,2,111,12321,256,800,447.23366
224,32,5,256,4,56,3136,256,800,110.627
224,32,7,32,1,218,47524,32,1568,422.21659
224,32,7,32,2,110,12100,32,1568,105.563357
224,32,7,32,4,56,3136,32,1568,27.059658
224,32,7,64,1,218,47524,64,1568,796.43191
224,32,7,64,2,110,12100,64,1568,200.5863
224,32,7,64,4,56,3136,64,1568,56.825553
224,32,7,92,1,218,47524,92,1568,1217.3038
224,32,7,92,2,110,12100,92,1568,314.1965
224,32,7,92,4,56,3136,92,1568,76.163695
224,32,7,128,1,218,47524,128,1568,1758.1896
224,32,7,128,2,110,12100,128,1568,439.26942
224,32,7,128,4,56,3136,128,1568,108.38282
224,32,7,192,1,218,47524,192,1568,2541.8785
224,32,7,192,2,110,12100,192,1568,619.0705
224,32,7,192,4,56,3136,192,1568,155.46314
224,32,7,256,1,218,47524,256,1568,3474.6709
224,32,7,256,2,110,12100,256,1568,834.62026
224,32,7,256,4,56,3136,256,1568,213.99262
224,32,11,32,1,214,45796,32,3872,1304.6867
224,32,11,32,2,108,11664,32,3872,322.73817
224,32,11,32,4,55,3025,32,3872,80.772626
224,32,11,64,1,214,45796,64,3872,2431.6583
224,32,11,64,2,108,11664,64,3872,608.75134
224,32,11,64,4,55,3025,64,3872,149.90241
224,32,11,92,1,214,45796,92,3872,3201.9002
224,32,11,92,2,108,11664,92,3872,799.87502
224,32,11,92,4,55,3025,92,3872,201.70839
224,32,11,128,1,214,45796,128,3872,4102.1034
224,32,11,128,2,108,11664,128,3872,1056.95454
224,32,11,128,4,55,3025,128,3872,274.01709
224,32,11,192,1,214,45796,192,3872,5974.3552
224,32,11,192,2,108,11664,192,3872,1484.368
224,32,11,192,4,55,3025,192,3872,376.75104
224,32,11,256,1,214,45796,256,3872,7992.6482
224,32,11,256,2,108,11664,256,3872,1961.115
224,32,11,256,4,55,3025,256,3872,502.511
224,64,1,32,1,224,50176,32,64,25.0295
224,64,1,32,2,113,12769,32,64,6.4092922
224,64,1,32,4,57,3249,32,64,1.7171932
224,64,1,64,1,224,50176,64,64,45.858903
224,64,1,64,2,113,12769,64,64,11.752
224,64,1,64,4,57,3249,64,64,2.9686343
224,64,1,92,1,224,50176,92,64,72.237171
224,64,1,92,2,113,12769,92,64,18.486574
224,64,1,92,4,57,3249,92,64,4.6869349
224,64,1,128,1,224,50176,128,64,87.692972
224,64,1,128,2,113,12769,128,64,21.880868
224,64,1,128,4,57,3249,128,64,5.5822452
224,64,1,192,1,224,50176,192,64,128.0968
224,64,1,192,2,113,12769,192,64,32.272235
224,64,1,192,4,57,3249,192,64,8.1891213
224,64,1,256,1,224,50176,256,64,170.25145
224,64,1,256,2,113,12769,256,64,42.404719
224,64,1,256,4,57,3249,256,64,10.7989467
224,64,3,32,1,222,49284,32,576,166.32244
224,64,3,32,2,112,12544,32,576,41.401053
224,64,3,32,4,57,3249,32,576,10.727994
224,64,3,64,1,222,49284,64,576,278.08283
224,64,3,64,2,112,12544,64,576,69.878861
224,64,3,64,4,57,3249,64,576,17.846429
224,64,3,92,1,222,49284,92,576,357.27323
224,64,3,92,2,112,12544,92,576,89.642448
224,64,3,92,4,57,3249,92,576,22.899789
224,64,3,128,1,222,49284,128,576,470.93202
224,64,3,128,2,112,12544,128,576,126.52836
224,64,3,128,4,57,3249,128,576,30.302532
224,64,3,192,1,222,49284,192,576,720.11058
224,64,3,192,2,112,12544,192,576,190.37223
224,64,3,192,4,57,3249,192,576,45.738332
224,64,3,256,1,222,49284,256,576,1266.4362
224,64,3,256,2,112,12544,256,576,317.92663
224,64,3,256,4,57,3249,256,576,75.853736
224,64,5,32,1,220,48400,32,1600,435.81614
224,64,5,32,2,111,12321,32,1600,109.015168
224,64,5,32,4,56,3136,32,1600,27.560361
224,64,5,64,1,220,48400,64,1600,856.15467
224,64,5,64,2,111,12321,64,1600,211.75635
224,64,5,64,4,56,3136,64,1600,55.352033
224,64,5,92,1,220,48400,92,1600,1304.6076
224,64,5,92,2,111,12321,92,1600,323.59019
224,64,5,92,4,56,3136,92,1600,81.975059
224,64,5,128,1,220,48400,128,1600,1815.2998
224,64,5,128,2,111,12321,128,1600,468.48896
224,64,5,128,4,56,3136,128,1600,111.463765
224,64,5,192,1,220,48400,192,1600,2571.1116
224,64,5,192,2,111,12321,192,1600,662.83766
224,64,5,192,4,56,3136,192,1600,161.59791
224,64,5,256,1,220,48400,256,1600,3517.8595
224,64,5,256,2,111,12321,256,1600,859.80457
224,64,5,256,4,56,3136,256,1600,223.38292
224,64,7,32,1,218,47524,32,3136,970.4327
224,64,7,32,2,110,12100,32,3136,245.80551
224,64,7,32,4,56,3136,32,3136,62.033723
224,64,7,64,1,218,47524,64,3136,2021.7395
224,64,7,64,2,110,12100,64,3136,503.30878
224,64,7,64,4,56,3136,64,3136,128.09454
224,64,7,92,1,218,47524,92,3136,2621.5322
224,64,7,92,2,110,12100,92,3136,634.73343
224,64,7,92,4,56,3136,92,3136,166.00039
224,64,7,128,1,218,47524,128,3136,3449.3702
224,64,7,128,2,110,12100,128,3136,849.94871
224,64,7,128,4,56,3136,128,3136,218.91151
224,64,7,192,1,218,47524,192,3136,4867.4976
224,64,7,192,2,110,12100,192,3136,1245.2826
224,64,7,192,4,56,3136,192,3136,316.16157
224,64,7,256,1,218,47524,256,3136,6726.551
224,64,7,256,2,110,12100,256,3136,1685.3611
224,64,7,256,4,56,3136,256,3136,434.16521
224,64,11,32,1,214,45796,32,7744,2721.8423
224,64,11,32,2,108,11664,32,7744,661.09859
224,64,11,32,4,55,3025,32,7744,169.78928
224,64,11,64,1,214,45796,64,7744,4838.6939
224,64,11,64,2,108,11664,64,7744,1208.7497
224,64,11,64,4,55,3025,64,7744,312.51054
224,64,11,92,1,214,45796,92,7744,6130.1483
224,64,11,92,2,108,11664,92,7744,1545.9078
224,64,11,92,4,55,3025,92,7744,392.87049
224,64,11,128,1,214,45796,128,7744,7829.3519
224,64,11,128,2,108,11664,128,7744,2031.0394
224,64,11,128,4,55,3025,128,7744,533.01648
224,64,11,192,1,214,45796,192,7744,11689.285
224,64,11,192,2,108,11664,192,7744,2869.6689
224,64,11,192,4,55,3025,192,7744,762.11155
224,64,11,256,1,214,45796,256,7744,15851.527
224,64,11,256,2,108,11664,256,7744,3963.3959
224,64,11,256,4,55,3025,256,7744,1001.73822
224,92,1,32,1,224,50176,32,92,35.874336
224,92,1,32,2,113,12769,32,92,8.8708616
224,92,1,32,4,57,3249,32,92,2.4446985
224,92,1,64,1,224,50176,64,92,66.46434
224,92,1,64,2,113,12769,64,92,16.556421
224,92,1,64,4,57,3249,64,92,4.4014291
224,92,1,92,1,224,50176,92,92,102.199008
224,92,1,92,2,113,12769,92,92,25.698799
224,92,1,92,4,57,3249,92,92,6.4600405
224,92,1,128,1,224,50176,128,92,126.08766
224,92,1,128,2,113,12769,128,92,31.511632
224,92,1,128,4,57,3249,128,92,7.9600477
224,92,1,192,1,224,50176,192,92,183.97191
224,92,1,192,2,113,12769,192,92,45.819805
224,92,1,192,4,57,3249,192,92,11.597755
224,92,1,256,1,224,50176,256,92,242.5432
224,92,1,256,2,113,12769,256,92,60.552293
224,92,1,256,4,57,3249,256,92,15.241666
224,92,3,32,1,222,49284,32,828,236.83557
224,92,3,32,2,112,12544,32,828,59.136403
224,92,3,32,4,57,3249,32,828,15.180307
224,92,3,64,1,222,49284,64,828,398.24703
224,92,3,64,2,112,12544,64,828,99.525428
224,92,3,64,4,57,3249,64,828,25.50297
224,92,3,92,1,222,49284,92,828,508.93618
224,92,3,92,2,112,12544,92,828,131.30826
224,92,3,92,4,57,3249,92,828,34.267363
224,92,3,128,1,222,49284,128,828,751.62628
224,92,3,128,2,112,12544,128,828,183.25097
224,92,3,128,4,57,3249,128,828,53.684831
224,92,3,192,1,222,49284,192,828,1331.4677
224,92,3,192,2,112,12544,192,828,338.42935
224,92,3,192,4,57,3249,192,828,85.211831
224,92,3,256,1,222,49284,256,828,1889.1905
224,92,3,256,2,112,12544,256,828,466.3736
224,92,3,256,4,57,3249,256,828,115.23401
224,92,5,32,1,220,48400,32,2300,642.42986
224,92,5,32,2,111,12321,32,2300,160.68261
224,92,5,32,4,56,3136,32,2300,41.796327
224,92,5,64,1,220,48400,64,2300,1510.9908
224,92,5,64,2,111,12321,64,2300,378.0076
224,92,5,64,4,56,3136,64,2300,89.061289
224,92,5,92,1,220,48400,92,2300,2023.1407
224,92,5,92,2,111,12321,92,2300,498.18084
224,92,5,92,4,56,3136,92,2300,121.41285
224,92,5,128,1,220,48400,128,2300,2542.8955
224,92,5,128,2,111,12321,128,2300,669.47528
224,92,5,128,4,56,3136,128,2300,163.58445
224,92,5,192,1,220,48400,192,2300,3647.1428
224,92,5,192,2,111,12321,192,2300,946.72869
224,92,5,192,4,56,3136,192,2300,228.2487
224,92,5,256,1,220,48400,256,2300,5041.608
224,92,5,256,2,111,12321,256,2300,1296.8332
224,92,5,256,4,56,3136,256,2300,317.61023
224,92,7,32,1,218,47524,32,4508,1565.8749
224,92,7,32,2,110,12100,32,4508,398.48659
224,92,7,32,4,56,3136,32,4508,101.473435
224,92,7,64,1,218,47524,64,4508,2982.7932
224,92,7,64,2,110,12100,64,4508,733.89093
224,92,7,64,4,56,3136,64,4508,184.49058
224,92,7,92,1,218,47524,92,4508,3929.2134
224,92,7,92,2,110,12100,92,4508,920.54207
224,92,7,92,4,56,3136,92,4508,237.09095
224,92,7,128,1,218,47524,128,4508,5073.474
224,92,7,128,2,110,12100,128,4508,1262.5829
224,92,7,128,4,56,3136,128,4508,325.62532
224,92,7,192,1,218,47524,192,4508,7018.5882
224,92,7,192,2,110,12100,192,4508,1821.7182
224,92,7,192,4,56,3136,192,4508,455.13123
224,92,7,256,1,218,47524,256,4508,9997.2456
224,92,7,256,2,110,12100,256,4508,2481.9094
224,92,7,256,4,56,3136,256,4508,613.8951
224,92,11,32,1,214,45796,32,11132,3884.5219
224,92,11,32,2,108,11664,32,11132,960.99268
224,92,11,32,4,55,3025,32,11132,238.05371
224,92,11,64,1,214,45796,64,11132,6936.5502
224,92,11,64,2,108,11664,64,11132,1699.6104
224,92,11,64,4,55,3025,64,11132,433.19115
224,92,11,92,1,214,45796,92,11132,9131.6882
224,92,11,92,2,108,11664,92,11132,2225.8175
224,92,11,92,4,55,3025,92,11132,544.19896
224,92,11,128,1,214,45796,128,11132,11621.033
224,92,11,128,2,108,11664,128,11132,3029.078
224,92,11,128,4,55,3025,128,11132,748.84535
224,92,11,192,1,214,45796,192,11132,16662.98
224,92,11,192,2,108,11664,192,11132,4200.5264
224,92,11,192,4,55,3025,192,11132,1055.91268
224,92,11,256,1,214,45796,256,11132,21881.998
224,92,11,256,2,108,11664,256,11132,5714.4778
224,92,11,256,4,55,3025,256,11132,1443.3942
224,128,1,32,1,224,50176,32,128,47.578198
224,128,1,32,2,113,12769,32,128,12.293609
224,128,1,32,4,57,3249,32,128,3.1952897
224,128,1,64,1,224,50176,64,128,90.114223
224,128,1,64,2,113,12769,64,128,23.012902
224,128,1,64,4,57,3249,64,128,5.8322464
224,128,1,92,1,224,50176,92,128,136.0972
224,128,1,92,2,113,12769,92,128,34.422399
224,128,1,92,4,57,3249,92,128,8.8999591
224,128,1,128,1,224,50176,128,128,170.69215
224,128,1,128,2,113,12769,128,128,42.984409
224,128,1,128,4,57,3249,128,128,10.9088731
224,128,1,192,1,224,50176,192,128,251.47472
224,128,1,192,2,113,12769,192,128,64.90268
224,128,1,192,4,57,3249,192,128,15.890286
224,128,1,256,1,224,50176,256,128,332.57821
224,128,1,256,2,113,12769,256,128,83.828259
224,128,1,256,4,57,3249,256,128,20.949409
224,128,3,32,1,222,49284,32,1152,327.00618
224,128,3,32,2,112,12544,32,1152,82.244112
224,128,3,32,4,57,3249,32,1152,21.042973
224,128,3,64,1,222,49284,64,1152,573.03091
224,128,3,64,2,112,12544,64,1152,149.14757
224,128,3,64,4,57,3249,64,1152,36.12723
224,128,3,92,1,222,49284,92,1152,764.0608
224,128,3,92,2,112,12544,92,1152,191.59376
224,128,3,92,4,57,3249,92,1152,50.044762
224,128,3,128,1,222,49284,128,1152,1297.5903
224,128,3,128,2,112,12544,128,1152,310.83362
224,128,3,128,4,57,3249,128,1152,81.433789
224,128,3,192,1,222,49284,192,1152,1872.0823
224,128,3,192,2,112,12544,192,1152,487.73286
224,128,3,192,4,57,3249,192,1152,121.4524
224,128,3,256,1,222,49284,256,1152,2665.6587
224,128,3,256,2,112,12544,256,1152,637.15954
224,128,3,256,4,57,3249,256,1152,162.58214
224,128,5,32,1,220,48400,32,3200,1033.65055
224,128,5,32,2,111,12321,32,3200,257.85696
224,128,5,32,4,56,3136,32,3200,66.300603
224,128,5,64,1,220,48400,64,3200,2114.1396
224,128,5,64,2,111,12321,64,3200,518.09483
224,128,5,64,4,56,3136,64,3200,132.44956
224,128,5,92,1,220,48400,92,3200,2773.3816
224,128,5,92,2,111,12321,92,3200,666.50903
224,128,5,92,4,56,3136,92,3200,170.1441
224,128,5,128,1,220,48400,128,3200,3753.6453
224,128,5,128,2,111,12321,128,3200,909.0285
224,128,5,128,4,56,3136,128,3200,222.72865
224,128,5,192,1,220,48400,192,3200,5313.0453
224,128,5,192,2,111,12321,192,3200,1286.4146
224,128,5,192,4,56,3136,192,3200,319.84763
224,128,5,256,1,220,48400,256,3200,7150.6739
224,128,5,256,2,111,12321,256,3200,1790.8014
224,128,5,256,4,56,3136,256,3200,436.22294
224,128,7,32,1,218,47524,32,6272,2337.3711
224,128,7,32,2,110,12100,32,6272,567.15152
224,128,7,32,4,56,3136,32,6272,143.94957
224,128,7,64,1,218,47524,64,6272,3955.0791
224,128,7,64,2,110,12100,64,6272,997.1459
224,128,7,64,4,56,3136,64,6272,258.06488
224,128,7,92,1,218,47524,92,6272,5223.99
224,128,7,92,2,110,12100,92,6272,1301.0707
224,128,7,92,4,56,3136,92,6272,329.85378
224,128,7,128,1,218,47524,128,6272,6724.8334
224,128,7,128,2,110,12100,128,6272,1796.474
224,128,7,128,4,56,3136,128,6272,444.18266
224,128,7,192,1,218,47524,192,6272,10022.3881
224,128,7,192,2,110,12100,192,6272,2563.7779
224,128,7,192,4,56,3136,192,6272,651.33765
224,128,7,256,1,218,47524,256,6272,13413.552
224,128,7,256,2,110,12100,256,6272,3258.2985
224,128,7,256,4,56,3136,256,6272,856.74227
224,128,11,32,1,214,45796,32,15488,5495.9471
224,128,11,32,2,108,11664,32,15488,1348.3838
224,128,11,32,4,55,3025,32,15488,341.48826
224,128,11,64,1,214,45796,64,15488,9526.0469
224,128,11,64,2,108,11664,64,15488,2375.3956
224,128,11,64,4,55,3025,64,15488,612.9233
224,128,11,92,1,214,45796,92,15488,12352.708
224,128,11,92,2,108,11664,92,15488,3178.7691
224,128,11,92,4,55,3025,92,15488,783.56121
224,128,11,128,1,214,45796,128,15488,16495.627
224,128,11,128,2,108,11664,128,15488,4188.0851
224,128,11,128,4,55,3025,128,15488,1082.12642
224,128,11,192,1,214,45796,192,15488,24179.401
224,128,11,192,2,108,11664,192,15488,5751.9599
224,128,11,192,4,55,3025,192,15488,1499.5552
224,128,11,256,1,214,45796,256,15488,32108.724
224,128,11,256,2,108,11664,256,15488,8039.6788
224,128,11,256,4,55,3025,256,15488,2034.3277
224,192,1,32,1,224,50176,32,192,70.625678
224,192,1,32,2,113,12769,32,192,17.902364
224,192,1,32,4,57,3249,32,192,4.7371634
224,192,1,64,1,224,50176,64,192,132.34108
224,192,1,64,2,113,12769,64,192,33.412066
224,192,1,64,4,57,3249,64,192,8.5982943
224,192,1,92,1,224,50176,92,192,199.74445
224,192,1,92,2,113,12769,92,192,50.040807
224,192,1,92,4,57,3249,92,192,12.790583
224,192,1,128,1,224,50176,128,192,252.07927
224,192,1,128,2,113,12769,128,192,63.304408
224,192,1,128,4,57,3249,128,192,16.081256
224,192,1,192,1,224,50176,192,192,371.67282
224,192,1,192,2,113,12769,192,192,93.808532
224,192,1,192,4,57,3249,192,192,23.531007
224,192,1,256,1,224,50176,256,192,491.62232
224,192,1,256,2,113,12769,256,192,123.53386
224,192,1,256,4,57,3249,256,192,30.948101
224,192,3,32,1,222,49284,32,1728,483.84792
224,192,3,32,2,112,12544,32,1728,121.65128
224,192,3,32,4,57,3249,32,1728,31.118166
224,192,3,64,1,222,49284,64,1728,997.31653
224,192,3,64,2,112,12544,64,1728,253.46126
224,192,3,64,4,57,3249,64,1728,64.456217
224,192,3,92,1,222,49284,92,1728,1492.4023
224,192,3,92,2,112,12544,92,1728,376.58154
224,192,3,92,4,57,3249,92,1728,88.745002
224,192,3,128,1,222,49284,128,1728,2059.1086
224,192,3,128,2,112,12544,128,1728,502.67485
224,192,3,128,4,57,3249,128,1728,124.71245
224,192,3,192,1,222,49284,192,1728,2812.4457
224,192,3,192,2,112,12544,192,1728,721.42929
224,192,3,192,4,57,3249,192,1728,185.1279
224,192,3,256,1,222,49284,256,1728,3945.9713
224,192,3,256,2,112,12544,256,1728,972.14804
224,192,3,256,4,57,3249,256,1728,244.81789
224,192,5,32,1,220,48400,32,4800,1760.1784
224,192,5,32,2,111,12321,32,4800,428.54798
224,192,5,32,4,56,3136,32,4800,109.991149
224,192,5,64,1,220,48400,64,4800,3098.5617
224,192,5,64,2,111,12321,64,4800,781.48766
224,192,5,64,4,56,3136,64,4800,197.39518
224,192,5,92,1,220,48400,92,4800,4043.592
224,192,5,92,2,111,12321,92,4800,1022.77995
224,192,5,92,4,56,3136,92,4800,252.60924
224,192,5,128,1,220,48400,128,4800,5297.5869
224,192,5,128,2,111,12321,128,4800,1362.6557
224,192,5,128,4,56,3136,128,4800,346.85915
224,192,5,192,1,220,48400,192,4800,7772.6598
224,192,5,192,2,111,12321,192,4800,1960.3579
224,192,5,192,4,56,3136,192,4800,480.60482
224,192,5,256,1,220,48400,256,4800,10498.6266
224,192,5,256,2,111,12321,256,4800,2685.7388
224,192,5,256,4,56,3136,256,4800,665.26264
224,192,7,32,1,218,47524,32,9408,3325.9855
224,192,7,32,2,110,12100,32,9408,851.02108
224,192,7,32,4,56,3136,32,9408,212.87844
224,192,7,64,1,218,47524,64,9408,6116.5092
224,192,7,64,2,110,12100,64,9408,1490.1423
224,192,7,64,4,56,3136,64,9408,377.4991
224,192,7,92,1,218,47524,92,9408,7797.0678
224,192,7,92,2,110,12100,92,9408,1963.2281
224,192,7,92,4,56,3136,92,9408,491.96584
224,192,7,128,1,218,47524,128,9408,10492.276
224,192,7,128,2,110,12100,128,9408,2644.2452
224,192,7,128,4,56,3136,128,9408,671.71155
224,192,7,192,1,218,47524,192,9408,15123.129
224,192,7,192,2,110,12100,192,9408,3816.6654
224,192,7,192,4,56,3136,192,9408,942.23355
224,192,7,256,1,218,47524,256,9408,20343.051
224,192,7,256,2,110,12100,256,9408,4863.8251
224,192,7,256,4,56,3136,256,9408,1262.097
224,192,11,32,2,108,11664,32,23232,1983.037
224,192,11,32,4,55,3025,32,23232,518.52762
224,192,11,64,2,108,11664,64,23232,3574.0092
224,192,11,64,4,55,3025,64,23232,945.58174
224,192,11,92,2,108,11664,92,23232,4585.2236
224,192,11,92,4,55,3025,92,23232,1198.6023
224,192,11,128,2,108,11664,128,23232,6085.6376
224,192,11,128,4,55,3025,128,23232,1585.9211
224,192,11,192,2,108,11664,192,23232,8342.5414
224,192,11,192,4,55,3025,192,23232,2271.2209
224,192,11,256,2,108,11664,256,23232,11914.494
224,192,11,256,4,55,3025,256,23232,3083.431
224,256,1,32,1,224,50176,32,256,81.341129
224,256,1,32,2,113,12769,32,256,20.494358
224,256,1,32,4,57,3249,32,256,5.3914334
224,256,1,64,1,224,50176,64,256,132.55239
224,256,1,64,2,113,12769,64,256,33.760784
224,256,1,64,4,57,3249,64,256,8.6668288
224,256,1,92,1,224,50176,92,256,169.54972
224,256,1,92,2,113,12769,92,256,42.30042
224,256,1,92,4,57,3249,92,256,10.89207
224,256,1,128,1,224,50176,128,256,218.61658
224,256,1,128,2,113,12769,128,256,56.142807
224,256,1,128,4,57,3249,128,256,14.330208
224,256,1,192,1,224,50176,192,256,307.12157
224,256,1,192,2,113,12769,192,256,77.104081
224,256,1,192,4,57,3249,192,256,19.489675
224,256,1,256,1,224,50176,256,256,422.23693
224,256,1,256,2,113,12769,256,256,105.455668
224,256,1,256,4,57,3249,256,256,26.775011
224,256,3,32,1,222,49284,32,2304,663.13711
224,256,3,32,2,112,12544,32,2304,167.15412
224,256,3,32,4,57,3249,32,2304,42.56258
224,256,3,64,1,222,49284,64,2304,1505.1374
224,256,3,64,2,112,12544,64,2304,372.80282
224,256,3,64,4,57,3249,64,2304,95.269961
224,256,3,92,1,222,49284,92,2304,1915.9828
224,256,3,92,2,112,12544,92,2304,487.64924
224,256,3,92,4,57,3249,92,2304,124.97461
224,256,3,128,1,222,49284,128,2304,2686.0778
224,256,3,128,2,112,12544,128,2304,636.27814
224,256,3,128,4,57,3249,128,2304,166.76201
224,256,3,192,1,222,49284,192,2304,3744.5827
224,256,3,192,2,112,12544,192,2304,930.8827
224,256,3,192,4,57,3249,192,2304,238.67182
224,256,3,256,1,222,49284,256,2304,5176.6317
224,256,3,256,2,112,12544,256,2304,1271.5099
224,256,3,256,4,57,3249,256,2304,319.60694
224,256,5,32,1,220,48400,32,6400,2351.9933
224,256,5,32,2,111,12321,32,6400,581.20872
224,256,5,32,4,56,3136,32,6400,147.53506
224,256,5,64,1,220,48400,64,6400,4185.2375
224,256,5,64,2,111,12321,64,6400,1061.32312
224,256,5,64,4,56,3136,64,6400,258.65248
224,256,5,92,1,220,48400,92,6400,5514.626
224,256,5,92,2,111,12321,92,6400,1353.6496
224,256,5,92,4,56,3136,92,6400,331.86066
224,256,5,128,1,220,48400,128,6400,7156.5047
224,256,5,128,2,111,12321,128,6400,1809.9436
224,256,5,128,4,56,3136,128,6400,457.88391
224,256,5,192,1,220,48400,192,6400,10441.7424
224,256,5,192,2,111,12321,192,6400,2606.0173
224,256,5,192,4,56,3136,192,6400,626.91383
224,256,5,256,1,220,48400,256,6400,13856.964
224,256,5,256,2,111,12321,256,6400,3534.9338
224,256,5,256,4,56,3136,256,6400,872.00179
224,256,7,32,1,218,47524,32,12544,4466.6301
224,256,7,32,2,110,12100,32,12544,1113.55172
224,256,7,32,4,56,3136,32,12544,284.92272
224,256,7,64,1,218,47524,64,12544,8121.4569
224,256,7,64,2,110,12100,64,12544,2034.565
224,256,7,64,4,56,3136,64,12544,497.0305
224,256,7,92,1,218,47524,92,12544,10464.3876
224,256,7,92,2,110,12100,92,12544,2627.9054
224,256,7,92,4,56,3136,92,12544,649.52174
224,256,7,128,1,218,47524,128,12544,13691.532
224,256,7,128,2,110,12100,128,12544,3383.4912
224,256,7,128,4,56,3136,128,12544,880.96382
224,256,7,192,1,218,47524,192,12544,20197.055
224,256,7,192,2,110,12100,192,12544,4920.2121
224,256,7,192,4,56,3136,192,12544,1227.6207
224,256,7,256,1,218,47524,256,12544,27174.014
224,256,7,256,2,110,12100,256,12544,6590.7137
224,256,7,256,4,56,3136,256,12544,1705.0231
224,256,11,32,2,108,11664,32,30976,2681.6934
224,256,11,32,4,55,3025,32,30976,695.05396
224,256,11,64,2,108,11664,64,30976,4858.3559
224,256,11,64,4,55,3025,64,30976,1219.9932
224,256,11,92,2,108,11664,92,30976,6441.8362
224,256,11,92,4,55,3025,92,30976,1583.2317
224,256,11,128,2,108,11664,128,30976,8205.1108
224,256,11,128,4,55,3025,128,30976,2147.3503
224,256,11,192,2,108,11664,192,30976,11555.267
224,256,11,192,4,55,3025,192,30976,2990.1495
224,256,11,256,2,108,11664,256,30976,15961.024
224,256,11,256,4,55,3025,256,30976,4152.1737
