28,32,1,2,15,225,32,32,0.734548
28,32,1,2,15,225,64,32,0.767465
28,32,1,2,15,225,92,32,1.18612
28,32,1,2,15,225,128,32,0.571784
28,32,1,2,15,225,192,32,1.18253
28,32,1,2,15,225,256,32,0.945229
28,32,3,2,14,196,32,288,0.96799
28,32,3,2,14,196,64,288,1.04091
28,32,3,2,14,196,92,288,1.3992
28,32,3,2,14,196,128,288,1.28018
28,32,3,2,14,196,192,288,1.37857
28,32,3,2,14,196,256,288,1.50592
28,32,5,2,13,169,32,800,1.90723
28,32,5,2,13,169,64,800,2.06958
28,32,5,2,13,169,92,800,3.08819
28,32,5,2,13,169,128,800,2.00249
28,32,5,2,13,169,192,800,2.00661
28,32,5,2,13,169,256,800,2.40552
28,32,7,2,12,144,32,1568,3.2558
28,32,7,2,12,144,64,1568,3.69034
28,32,7,2,12,144,92,1568,6.01748
28,32,7,2,12,144,128,1568,3.35336
28,32,7,2,12,144,192,1568,4.30541
28,32,7,2,12,144,256,1568,4.28713
28,32,11,2,10,100,32,3872,6.99568
28,32,11,2,10,100,64,3872,6.87369
28,32,11,2,10,100,92,3872,13.6018
28,32,11,2,10,100,128,3872,7.23886
28,32,11,2,10,100,192,3872,6.7215
28,32,11,2,10,100,256,3872,7.50496
28,64,1,2,15,225,32,64,0.830487
28,64,1,2,15,225,64,64,0.867311
28,64,1,2,15,225,92,64,0.880749
28,64,1,2,15,225,128,64,0.958563
28,64,1,2,15,225,192,64,0.975803
28,64,1,2,15,225,256,64,1.17799
28,64,3,2,14,196,32,576,1.63285
28,64,3,2,14,196,64,576,1.48441
28,64,3,2,14,196,92,576,2.44641
28,64,3,2,14,196,128,576,1.96905
28,64,3,2,14,196,192,576,2.38823
28,64,3,2,14,196,256,576,2.33
28,64,5,2,13,169,32,1600,3.32804
28,64,5,2,13,169,64,1600,3.11736
28,64,5,2,13,169,92,1600,5.69872
28,64,5,2,13,169,128,1600,3.53263
28,64,5,2,13,169,192,1600,3.98556
28,64,5,2,13,169,256,1600,3.37158
28,64,7,2,12,144,32,3136,6.58358
28,64,7,2,12,144,64,3136,6.87109
28,64,7,2,12,144,92,3136,12.254
28,64,7,2,12,144,128,3136,6.75947
28,64,7,2,12,144,192,3136,8.30091
28,64,7,2,12,144,256,3136,8.21481
28,64,11,2,10,100,32,7744,14.1318
28,64,11,2,10,100,64,7744,13.3435
28,64,11,2,10,100,92,7744,27.5279
28,64,11,2,10,100,128,7744,15.3799
28,64,11,2,10,100,192,7744,12.874
28,64,11,2,10,100,256,7744,13.1375
28,92,1,2,15,225,32,92,0.836008
28,92,1,2,15,225,64,92,0.783975
28,92,1,2,15,225,92,92,1.14284
28,92,1,2,15,225,128,92,1.06086
28,92,1,2,15,225,192,92,1.10674
28,92,1,2,15,225,256,92,1.24857
28,92,3,2,14,196,32,828,2.09223
28,92,3,2,14,196,64,828,2.1164
28,92,3,2,14,196,92,828,3.54565
28,92,3,2,14,196,128,828,2.28109
28,92,3,2,14,196,192,828,2.53089
28,92,3,2,14,196,256,828,3.04548
28,92,5,2,13,169,32,2300,4.06665
28,92,5,2,13,169,64,2300,4.63786
28,92,5,2,13,169,92,2300,8.26414
28,92,5,2,13,169,128,2300,4.91651
28,92,5,2,13,169,192,2300,5.71606
28,92,5,2,13,169,256,2300,4.35457
28,92,7,2,12,144,32,4508,8.96071
28,92,7,2,12,144,64,4508,9.04321
28,92,7,2,12,144,92,4508,16.81
28,92,7,2,12,144,128,4508,9.3178
28,92,7,2,12,144,192,4508,11.4489
28,92,7,2,12,144,256,4508,11.1726
28,92,11,2,10,100,32,11132,20.0256
28,92,11,2,10,100,64,11132,19.6503
28,92,11,2,10,100,92,11132,40.4012
28,92,11,2,10,100,128,11132,20.4173
28,92,11,2,10,100,192,11132,18.5995
28,92,11,2,10,100,256,11132,18.6861
28,128,1,2,15,225,32,128,1.12607
28,128,1,2,15,225,64,128,1.02059
28,128,1,2,15,225,92,128,1.68462
28,128,1,2,15,225,128,128,1.31727
28,128,1,2,15,225,192,128,1.09982
28,128,1,2,15,225,256,128,1.36758
28,128,3,2,14,196,32,1152,2.86563
28,128,3,2,14,196,64,1152,2.62209
28,128,3,2,14,196,92,1152,4.34426
28,128,3,2,14,196,128,1152,2.98012
28,128,3,2,14,196,192,1152,2.79011
28,128,3,2,14,196,256,1152,3.82175
28,128,5,2,13,169,32,3200,6.05299
28,128,5,2,13,169,64,3200,5.82663
28,128,5,2,13,169,92,3200,11.0095
28,128,5,2,13,169,128,3200,6.37727
28,128,5,2,13,169,192,3200,7.91418
28,128,5,2,13,169,256,3200,6.26352
28,128,7,2,12,144,32,6272,13.0173
28,128,7,2,12,144,64,6272,12.9776
28,128,7,2,12,144,92,6272,24.3425
28,128,7,2,12,144,128,6272,12.7827
28,128,7,2,12,144,192,6272,17.0078
28,128,7,2,12,144,256,6272,16.6238
28,128,11,2,10,100,32,15488,27.7389
28,128,11,2,10,100,64,15488,25.7853
28,128,11,2,10,100,92,15488,53.9011
28,128,11,2,10,100,128,15488,27.8308
28,128,11,2,10,100,192,15488,26.6936
28,128,11,2,10,100,256,15488,26.7999
28,192,1,2,15,225,32,192,1.41362
28,192,1,2,15,225,64,192,1.22357
28,192,1,2,15,225,92,192,1.59243
28,192,1,2,15,225,128,192,1.54784
28,192,1,2,15,225,192,192,1.72462
28,192,1,2,15,225,256,192,1.92619
28,192,3,2,14,196,32,1728,3.60237
28,192,3,2,14,196,64,1728,3.39596
28,192,3,2,14,196,92,1728,6.3744
28,192,3,2,14,196,128,1728,4.62598
28,192,3,2,14,196,192,1728,3.59752
28,192,3,2,14,196,256,1728,4.63755
28,192,5,2,13,169,32,4800,9.0054
28,192,5,2,13,169,64,4800,8.67518
28,192,5,2,13,169,92,4800,16.8924
28,192,5,2,13,169,128,4800,9.43905
28,192,5,2,13,169,192,4800,11.8916
28,192,5,2,13,169,256,4800,8.55976
28,192,7,2,12,144,32,9408,19.434
28,192,7,2,12,144,64,9408,19.4483
28,192,7,2,12,144,92,9408,35.8247
28,192,7,2,12,144,128,9408,19.2612
28,192,7,2,12,144,192,9408,26.3402
28,192,7,2,12,144,256,9408,26.3063
28,192,11,2,10,100,32,23232,42.1906
28,192,11,2,10,100,64,23232,38.7746
28,192,11,2,10,100,92,23232,80.4399
28,192,11,2,10,100,128,23232,41.1239
28,192,11,2,10,100,192,23232,41.1443
28,192,11,2,10,100,256,23232,42.1759
28,256,1,2,15,225,32,256,1.65248
28,256,1,2,15,225,64,256,1.643
28,256,1,2,15,225,92,256,1.85717
28,256,1,2,15,225,128,256,1.97337
28,256,1,2,15,225,192,256,2.18577
28,256,1,2,15,225,256,256,2.40682
28,256,3,2,14,196,32,2304,4.5928
28,256,3,2,14,196,64,2304,4.63926
28,256,3,2,14,196,92,2304,8.1372
28,256,3,2,14,196,128,2304,6.48644
28,256,3,2,14,196,192,2304,4.69228
28,256,3,2,14,196,256,2304,6.10315
28,256,5,2,13,169,32,6400,11.708
28,256,5,2,13,169,64,6400,11.1644
28,256,5,2,13,169,92,6400,22.7025
28,256,5,2,13,169,128,6400,12.2729
28,256,5,2,13,169,192,6400,16.7138
28,256,5,2,13,169,256,6400,11.9458
28,256,7,2,12,144,32,12544,25.6588
28,256,7,2,12,144,64,12544,25.7737
28,256,7,2,12,144,92,12544,47.0996
28,256,7,2,12,144,128,12544,26.3867
28,256,7,2,12,144,192,12544,35.5269
28,256,7,2,12,144,256,12544,35.4589
28,256,11,2,10,100,32,30976,54.5
28,256,11,2,10,100,64,30976,50.9507
28,256,11,2,10,100,92,30976,107.187
28,256,11,2,10,100,128,30976,54.0795
28,256,11,2,10,100,192,30976,56.9315
28,256,11,2,10,100,256,30976,57.4279
56,32,1,2,29,841,32,32,1.00304
56,32,1,2,29,841,64,32,0.811058
56,32,1,2,29,841,92,32,1.3431
56,32,1,2,29,841,128,32,1.13424
56,32,1,2,29,841,192,32,1.37643
56,32,1,2,29,841,256,32,1.40128
56,32,3,2,28,784,32,288,1.42274
56,32,3,2,28,784,64,288,1.68972
56,32,3,2,28,784,92,288,2.78136
56,32,3,2,28,784,128,288,2.49422
56,32,3,2,28,784,192,288,3.016
56,32,3,2,28,784,256,288,4.1393
56,32,5,2,27,729,32,800,2.51677
56,32,5,2,27,729,64,800,2.94902
56,32,5,2,27,729,92,800,4.79072
56,32,5,2,27,729,128,800,5.33948
56,32,5,2,27,729,192,800,6.86743
56,32,5,2,27,729,256,800,9.68322
56,32,7,2,26,676,32,1568,6.61508
56,32,7,2,26,676,64,1568,7.79354
56,32,7,2,26,676,92,1568,12.2733
56,32,7,2,26,676,128,1568,12.2526
56,32,7,2,26,676,192,1568,11.1117
56,32,7,2,26,676,256,1568,13.6327
56,32,11,2,24,576,32,3872,8.537
56,32,11,2,24,576,64,3872,11.6675
56,32,11,2,24,576,92,3872,20.945
56,32,11,2,24,576,128,3872,24.5067
56,32,11,2,24,576,192,3872,21.1906
56,32,11,2,24,576,256,3872,27.1127
56,64,1,2,29,841,32,64,1.67832
56,64,1,2,29,841,64,64,1.87051
56,64,1,2,29,841,92,64,1.91368
56,64,1,2,29,841,128,64,1.88129
56,64,1,2,29,841,192,64,2.24505
56,64,1,2,29,841,256,64,2.51479
56,64,3,2,28,784,32,576,2.49088
56,64,3,2,28,784,64,576,2.76125
56,64,3,2,28,784,92,576,3.66158
56,64,3,2,28,784,128,576,3.89138
56,64,3,2,28,784,192,576,5.45355
56,64,3,2,28,784,256,576,7.03431
56,64,5,2,27,729,32,1600,4.63509
56,64,5,2,27,729,64,1600,6.2645
56,64,5,2,27,729,92,1600,11.0149
56,64,5,2,27,729,128,1600,11.3166
56,64,5,2,27,729,192,1600,10.8213
56,64,5,2,27,729,256,1600,14.156
56,64,7,2,26,676,32,3136,14.0193
56,64,7,2,26,676,64,3136,17.7171
56,64,7,2,26,676,92,3136,29.89
56,64,7,2,26,676,128,3136,29.3751
56,64,7,2,26,676,192,3136,22.8152
56,64,7,2,26,676,256,3136,29.7186
56,64,11,2,24,576,32,7744,22.9803
56,64,11,2,24,576,64,7744,25.2274
56,64,11,2,24,576,92,7744,53.7078
56,64,11,2,24,576,128,7744,60.678
56,64,11,2,24,576,192,7744,46.1449
56,64,11,2,24,576,256,7744,60.05
56,92,1,2,29,841,32,92,1.83962
56,92,1,2,29,841,64,92,1.75024
56,92,1,2,29,841,92,92,1.95223
56,92,1,2,29,841,128,92,1.9216
56,92,1,2,29,841,192,92,2.17843
56,92,1,2,29,841,256,92,2.49708
56,92,3,2,28,784,32,828,3.40611
56,92,3,2,28,784,64,828,3.33892
56,92,3,2,28,784,92,828,5.32396
56,92,3,2,28,784,128,828,5.33677
56,92,3,2,28,784,192,828,8.07745
56,92,3,2,28,784,256,828,10.9262
56,92,5,2,27,729,32,2300,6.55768
56,92,5,2,27,729,64,2300,9.80327
56,92,5,2,27,729,92,2300,17.7831
56,92,5,2,27,729,128,2300,18.2041
56,92,5,2,27,729,192,2300,15.4468
56,92,5,2,27,729,256,2300,21.4821
56,92,7,2,26,676,32,4508,18.3581
56,92,7,2,26,676,64,4508,25.2502
56,92,7,2,26,676,92,4508,44.333
56,92,7,2,26,676,128,4508,39.8352
56,92,7,2,26,676,192,4508,31.0796
56,92,7,2,26,676,256,4508,42.6267
56,92,11,2,24,576,32,11132,33.7396
56,92,11,2,24,576,64,11132,39.3201
56,92,11,2,24,576,92,11132,83.9269
56,92,11,2,24,576,128,11132,107.483
56,92,11,2,24,576,192,11132,68.1173
56,92,11,2,24,576,256,11132,92.0816
56,128,1,2,29,841,32,128,2.63601
56,128,1,2,29,841,64,128,2.90911
56,128,1,2,29,841,92,128,2.93463
56,128,1,2,29,841,128,128,2.99796
56,128,1,2,29,841,192,128,3.1227
56,128,1,2,29,841,256,128,3.76906
56,128,3,2,28,784,32,1152,3.90827
56,128,3,2,28,784,64,1152,4.51729
56,128,3,2,28,784,92,1152,7.6675
56,128,3,2,28,784,128,1152,8.2636
56,128,3,2,28,784,192,1152,8.40626
56,128,3,2,28,784,256,1152,11.2442
56,128,5,2,27,729,32,3200,10.5313
56,128,5,2,27,729,64,3200,14.8157
56,128,5,2,27,729,92,3200,27.9386
56,128,5,2,27,729,128,3200,26.8347
56,128,5,2,27,729,192,3200,22.0408
56,128,5,2,27,729,256,3200,31.7836
56,128,7,2,26,676,32,6272,32.9876
56,128,7,2,26,676,64,6272,41.138
56,128,7,2,26,676,92,6272,71.6271
56,128,7,2,26,676,128,6272,61.7487
56,128,7,2,26,676,192,6272,48.2623
56,128,7,2,26,676,256,6272,64.2686
56,128,11,2,24,576,32,15488,46.0968
56,128,11,2,24,576,64,15488,57.1801
56,128,11,2,24,576,92,15488,124.556
56,128,11,2,24,576,128,15488,177.456
56,128,11,2,24,576,192,15488,101.858
56,128,11,2,24,576,256,15488,143.312
56,192,1,2,29,841,32,192,3.26213
56,192,1,2,29,841,64,192,3.96705
56,192,1,2,29,841,92,192,3.96585
56,192,1,2,29,841,128,192,3.66811
56,192,1,2,29,841,192,192,4.17225
56,192,1,2,29,841,256,192,4.92623
56,192,3,2,28,784,32,1728,5.48297
56,192,3,2,28,784,64,1728,7.59366
56,192,3,2,28,784,92,1728,13.1435
56,192,3,2,28,784,128,1728,13.0337
56,192,3,2,28,784,192,1728,12.1442
56,192,3,2,28,784,256,1728,17.0737
56,192,5,2,27,729,32,4800,19.0652
56,192,5,2,27,729,64,4800,26.4028
56,192,5,2,27,729,92,4800,48.0434
56,192,5,2,27,729,128,4800,44.9776
56,192,5,2,27,729,192,4800,36.4187
56,192,5,2,27,729,256,4800,49.3233
56,192,7,2,26,676,32,9408,53.8487
56,192,7,2,26,676,64,9408,69.5768
56,192,7,2,26,676,92,9408,125.611
56,192,7,2,26,676,128,9408,115.064
56,192,7,2,26,676,192,9408,73.8898
56,192,7,2,26,676,256,9408,103.62
56,192,11,2,24,576,32,23232,68.8775
56,192,11,2,24,576,64,23232,97.4676
56,192,11,2,24,576,92,23232,207.154
56,192,11,2,24,576,128,23232,325.367
56,192,11,2,24,576,192,23232,172.6
56,192,11,2,24,576,256,23232,294.63
56,256,1,2,29,841,32,256,4.25994
56,256,1,2,29,841,64,256,4.49676
56,256,1,2,29,841,92,256,4.9944
56,256,1,2,29,841,128,256,5.07482
56,256,1,2,29,841,192,256,5.86944
56,256,1,2,29,841,256,256,6.24031
56,256,3,2,28,784,32,2304,7.53112
56,256,3,2,28,784,64,2304,10.2583
56,256,3,2,28,784,92,2304,19.4849
56,256,3,2,28,784,128,2304,19.2862
56,256,3,2,28,784,192,2304,17.0053
56,256,3,2,28,784,256,2304,24.66
56,256,5,2,27,729,32,6400,32.356
56,256,5,2,27,729,64,6400,42.3649
56,256,5,2,27,729,92,6400,75.5096
56,256,5,2,27,729,128,6400,68.9953
56,256,5,2,27,729,192,6400,52.2021
56,256,5,2,27,729,256,6400,74.3311
56,256,7,2,26,676,32,12544,71.9072
56,256,7,2,26,676,64,12544,95.7326
56,256,7,2,26,676,92,12544,175.442
56,256,7,2,26,676,128,12544,175.04
56,256,7,2,26,676,192,12544,104.903
56,256,7,2,26,676,256,12544,146.858
56,256,11,2,24,576,32,30976,92.4228
56,256,11,2,24,576,64,30976,139.611
56,256,11,2,24,576,92,30976,300.767
56,256,11,2,24,576,128,30976,482.647
56,256,11,2,24,576,192,30976,279.666
56,256,11,2,24,576,256,30976,536.736
112,32,1,2,57,3249,32,32,1.60228
112,32,1,2,57,3249,64,32,2.05113
112,32,1,2,57,3249,92,32,2.30175
112,32,1,2,57,3249,128,32,2.60737
112,32,1,2,57,3249,192,32,3.65554
112,32,1,2,57,3249,256,32,4.71282
112,32,3,2,56,3136,32,288,2.82383
112,32,3,2,56,3136,64,288,4.05747
112,32,3,2,56,3136,92,288,6.77599
112,32,3,2,56,3136,128,288,7.31952
112,32,3,2,56,3136,192,288,11.0256
112,32,3,2,56,3136,256,288,14.6614
112,32,5,2,55,3025,32,800,6.2886
112,32,5,2,55,3025,64,800,10.4454
112,32,5,2,55,3025,92,800,21.6135
112,32,5,2,55,3025,128,800,20.9077
112,32,5,2,55,3025,192,800,32.5117
112,32,5,2,55,3025,256,800,43.9384
112,32,7,2,54,2916,32,1568,22.1806
112,32,7,2,54,2916,64,1568,31.9797
112,32,7,2,54,2916,92,1568,55.4292
112,32,7,2,54,2916,128,1568,52.7115
112,32,7,2,54,2916,192,1568,45.3367
112,32,7,2,54,2916,256,1568,64.9911
112,32,11,2,52,2704,32,3872,61.6041
112,32,11,2,52,2704,64,3872,76.2847
112,32,11,2,52,2704,92,3872,155.696
112,32,11,2,52,2704,128,3872,120.707
112,32,11,2,52,2704,192,3872,90.3968
112,32,11,2,52,2704,256,3872,188.707
112,64,1,2,57,3249,32,64,3.10473
112,64,1,2,57,3249,64,64,3.03483
112,64,1,2,57,3249,92,64,3.84337
112,64,1,2,57,3249,128,64,4.4017
112,64,1,2,57,3249,192,64,5.64393
112,64,1,2,57,3249,256,64,6.18315
112,64,3,2,56,3136,32,576,5.36019
112,64,3,2,56,3136,64,576,8.29283
112,64,3,2,56,3136,92,576,14.8016
112,64,3,2,56,3136,128,576,15.003
112,64,3,2,56,3136,192,576,23.0487
112,64,3,2,56,3136,256,576,30.8587
112,64,5,2,55,3025,32,1600,16.1897
112,64,5,2,55,3025,64,1600,25.8773
112,64,5,2,55,3025,92,1600,52.1097
112,64,5,2,55,3025,128,1600,48.5697
112,64,5,2,55,3025,192,1600,40.3827
112,64,5,2,55,3025,256,1600,64.5086
112,64,7,2,54,2916,32,3136,68.0858
112,64,7,2,54,2916,64,3136,74.6965
112,64,7,2,54,2916,92,3136,137.693
112,64,7,2,54,2916,128,3136,118.674
112,64,7,2,54,2916,192,3136,98.3898
112,64,7,2,54,2916,256,3136,154.459
112,64,11,2,52,2704,32,7744,146.786
112,64,11,2,52,2704,64,7744,251.44
112,64,11,2,52,2704,92,7744,434.835
112,64,11,2,52,2704,128,7744,425.667
112,64,11,2,52,2704,192,7744,313.363
112,64,11,2,52,2704,256,7744,549.541
112,92,1,2,57,3249,32,92,3.09203
112,92,1,2,57,3249,64,92,3.22214
112,92,1,2,57,3249,92,92,3.61907
112,92,1,2,57,3249,128,92,4.41115
112,92,1,2,57,3249,192,92,5.3399
112,92,1,2,57,3249,256,92,7.16928
112,92,3,2,56,3136,32,828,7.38017
112,92,3,2,56,3136,64,828,11.4025
112,92,3,2,56,3136,92,828,25.3732
112,92,3,2,56,3136,128,828,23.9463
112,92,3,2,56,3136,192,828,36.1437
112,92,3,2,56,3136,256,828,47.4452
112,92,5,2,55,3025,32,2300,33.8575
112,92,5,2,55,3025,64,2300,42.9046
112,92,5,2,55,3025,92,2300,88.2324
112,92,5,2,55,3025,128,2300,78.3249
112,92,5,2,55,3025,192,2300,62.783
112,92,5,2,55,3025,256,2300,101.8
112,92,7,2,54,2916,32,4508,96.6129
112,92,7,2,54,2916,64,4508,125.476
112,92,7,2,54,2916,92,4508,222.046
112,92,7,2,54,2916,128,4508,174.978
112,92,7,2,54,2916,192,4508,144.077
112,92,7,2,54,2916,256,4508,291.608
112,92,11,2,52,2704,32,11132,221.287
112,92,11,2,52,2704,64,11132,402.9
112,92,11,2,52,2704,92,11132,686.372
112,92,11,2,52,2704,128,11132,752.433
112,92,11,2,52,2704,192,11132,548.037
112,92,11,2,52,2704,256,11132,991.997
112,128,1,2,57,3249,32,128,5.36341
112,128,1,2,57,3249,64,128,5.7568
112,128,1,2,57,3249,92,128,6.36821
112,128,1,2,57,3249,128,128,7.35488
112,128,1,2,57,3249,192,128,8.64656
112,128,1,2,57,3249,256,128,10.5874
112,128,3,2,56,3136,32,1152,12.0528
112,128,3,2,56,3136,64,1152,19.5404
112,128,3,2,56,3136,92,1152,39.5173
112,128,3,2,56,3136,128,1152,36.2324
112,128,3,2,56,3136,192,1152,32.4273
112,128,3,2,56,3136,256,1152,48.3054
112,128,5,2,55,3025,32,3200,63.2615
112,128,5,2,55,3025,64,3200,72.0343
112,128,5,2,55,3025,92,3200,138.639
112,128,5,2,55,3025,128,3200,119.774
112,128,5,2,55,3025,192,3200,95.8362
112,128,5,2,55,3025,256,3200,157.806
112,128,7,2,54,2916,32,6272,157.819
112,128,7,2,54,2916,64,6272,229.306
112,128,7,2,54,2916,92,6272,379.753
112,128,7,2,54,2916,128,6272,333.19
112,128,7,2,54,2916,192,6272,249.353
112,128,7,2,54,2916,256,6272,410.929
112,128,11,2,52,2704,32,15488,330.559
112,128,11,2,52,2704,64,15488,606.932
112,128,11,2,52,2704,92,15488,1055.24
112,128,11,2,52,2704,128,15488,1174.02
112,128,11,2,52,2704,192,15488,922.374
112,128,11,2,52,2704,256,15488,1691.83
112,192,1,2,57,3249,32,192,7.78269
112,192,1,2,57,3249,64,192,6.71806
112,192,1,2,57,3249,92,192,8.97736
112,192,1,2,57,3249,128,192,9.27138
112,192,1,2,57,3249,192,192,11.8304
112,192,1,2,57,3249,256,192,14.0156
112,192,3,2,56,3136,32,1728,19.2741
112,192,3,2,56,3136,64,1728,30.6005
112,192,3,2,56,3136,92,1728,57.6635
112,192,3,2,56,3136,128,1728,57.6548
112,192,3,2,56,3136,192,1728,45.6382
112,192,3,2,56,3136,256,1728,74.9447
112,192,5,2,55,3025,32,4800,119.498
112,192,5,2,55,3025,64,4800,159.597
112,192,5,2,55,3025,92,4800,264.765
112,192,5,2,55,3025,128,4800,213.705
112,192,5,2,55,3025,192,4800,171.609
112,192,5,2,55,3025,256,4800,297.698
112,192,7,2,54,2916,32,9408,258.234
112,192,7,2,54,2916,64,9408,407.246
112,192,7,2,54,2916,92,9408,650.99
112,192,7,2,54,2916,128,9408,704.354
112,192,7,2,54,2916,192,9408,431.056
112,192,7,2,54,2916,256,9408,878.623
112,192,11,2,52,2704,32,23232,542.087
112,192,11,2,52,2704,64,23232,1016.03
112,192,11,2,52,2704,92,23232,1744.36
112,192,11,2,52,2704,128,23232,1937.96
112,192,11,2,52,2704,192,23232,1874.46
112,192,11,2,52,2704,256,23232,3181.05
112,256,1,2,57,3249,32,256,8.92413
112,256,1,2,57,3249,64,256,10.1011
112,256,1,2,57,3249,92,256,12.9919
112,256,1,2,57,3249,128,256,12.8996
112,256,1,2,57,3249,192,256,15.7897
112,256,1,2,57,3249,256,256,19.1833
112,256,3,2,56,3136,32,2304,32.8303
112,256,3,2,56,3136,64,2304,42.0529
112,256,3,2,56,3136,92,2304,85.0207
112,256,3,2,56,3136,128,2304,78.453
112,256,3,2,56,3136,192,2304,62.163
112,256,3,2,56,3136,256,2304,103.121
112,256,5,2,55,3025,32,6400,184.762
112,256,5,2,55,3025,64,6400,264.33
112,256,5,2,55,3025,92,6400,413.736
112,256,5,2,55,3025,128,6400,376.914
112,256,5,2,55,3025,192,6400,272.614
112,256,5,2,55,3025,256,6400,425.789
112,256,7,2,54,2916,32,12544,346.79
112,256,7,2,54,2916,64,12544,577.854
112,256,7,2,54,2916,92,12544,935.502
112,256,7,2,54,2916,128,12544,1046.78
112,256,7,2,54,2916,192,12544,678.34
112,256,7,2,54,2916,256,12544,1297.71
112,256,11,2,52,2704,32,30976,768.944
112,256,11,2,52,2704,64,30976,1488.43
112,256,11,2,52,2704,92,30976,2491.53
112,256,11,2,52,2704,128,30976,2797.62
112,256,11,2,52,2704,192,30976,2871.55
112,256,11,2,52,2704,256,30976,4507.74
224,32,1,2,113,12769,32,32,4.02926
224,32,1,2,113,12769,64,32,5.71867
224,32,1,2,113,12769,92,32,7.60334
224,32,1,2,113,12769,128,32,8.48993
224,32,1,2,113,12769,192,32,11.8291
224,32,1,2,113,12769,256,32,15.931
224,32,3,2,112,12544,32,288,9.13249
224,32,3,2,112,12544,64,288,16.6333
224,32,3,2,112,12544,92,288,30.8619
224,32,3,2,112,12544,128,288,30.6969
224,32,3,2,112,12544,192,288,44.2374
224,32,3,2,112,12544,256,288,58.0405
224,32,5,2,111,12321,32,800,29.8058
224,32,5,2,111,12321,64,800,55.4667
224,32,5,2,111,12321,92,800,96.1689
224,32,5,2,111,12321,128,800,93.7895
224,32,5,2,111,12321,192,800,141.632
224,32,5,2,111,12321,256,800,184.764
224,32,7,2,110,12100,32,1568,91.6129
224,32,7,2,110,12100,64,1568,131.048
224,32,7,2,110,12100,92,1568,231.813
224,32,7,2,110,12100,128,1568,226.046
224,32,7,2,110,12100,192,1568,189.072
224,32,7,2,110,12100,256,1568,338.133
224,32,11,2,108,11664,32,3872,271.429
224,32,11,2,108,11664,64,3872,362.437
224,32,11,2,108,11664,92,3872,684.749
224,32,11,2,108,11664,128,3872,612.085
224,32,11,2,108,11664,192,3872,743.773
224,32,11,2,108,11664,256,3872,1502.49
224,64,1,2,113,12769,32,64,8.38668
224,64,1,2,113,12769,64,64,10.8958
224,64,1,2,113,12769,92,64,12.92
224,64,1,2,113,12769,128,64,14.2412
224,64,1,2,113,12769,192,64,17.726
224,64,1,2,113,12769,256,64,21.8283
224,64,3,2,112,12544,32,576,20.5144
224,64,3,2,112,12544,64,576,34.4383
224,64,3,2,112,12544,92,576,66.2318
224,64,3,2,112,12544,128,576,66.0624
224,64,3,2,112,12544,192,576,95.7126
224,64,3,2,112,12544,256,576,127.316
224,64,5,2,111,12321,32,1600,73.7906
224,64,5,2,111,12321,64,1600,112.548
224,64,5,2,111,12321,92,1600,218.941
224,64,5,2,111,12321,128,1600,216.123
224,64,5,2,111,12321,192,1600,173.793
224,64,5,2,111,12321,256,1600,279.033
224,64,7,2,110,12100,32,3136,286.63
224,64,7,2,110,12100,64,3136,315.745
224,64,7,2,110,12100,92,3136,587.184
224,64,7,2,110,12100,128,3136,503.651
224,64,7,2,110,12100,192,3136,461.783
224,64,7,2,110,12100,256,3136,909.7
224,64,11,2,108,11664,32,7744,670.116
224,64,11,2,108,11664,64,7744,1133.18
224,64,11,2,108,11664,92,7744,2000.62
224,64,11,2,108,11664,128,7744,2281.71
224,64,11,2,108,11664,192,7744,2020.73
224,64,11,2,108,11664,256,7744,3105.06
224,92,1,2,113,12769,32,92,8.07077
224,92,1,2,113,12769,64,92,9.95633
224,92,1,2,113,12769,92,92,13.2474
224,92,1,2,113,12769,128,92,15.2935
224,92,1,2,113,12769,192,92,21.2032
224,92,1,2,113,12769,256,92,25.9451
224,92,3,2,112,12544,32,828,30.5432
224,92,3,2,112,12544,64,828,50.8362
224,92,3,2,112,12544,92,828,101.221
224,92,3,2,112,12544,128,828,99.0617
224,92,3,2,112,12544,192,828,147.161
224,92,3,2,112,12544,256,828,197.119
224,92,5,2,111,12321,32,2300,150.902
224,92,5,2,111,12321,64,2300,184.295
224,92,5,2,111,12321,92,2300,363.511
224,92,5,2,111,12321,128,2300,333.135
224,92,5,2,111,12321,192,2300,268.397
224,92,5,2,111,12321,256,2300,652.968
224,92,7,2,110,12100,32,4508,414.962
224,92,7,2,110,12100,64,4508,552.752
224,92,7,2,110,12100,92,4508,967.961
224,92,7,2,110,12100,128,4508,828.158
224,92,7,2,110,12100,192,4508,818.356
224,92,7,2,110,12100,256,4508,1490.88
224,92,11,2,108,11664,32,11132,1041.52
224,92,11,2,108,11664,64,11132,1805.8
224,92,11,2,108,11664,92,11132,3257.95
224,92,11,2,108,11664,128,11132,3814.08
224,92,11,2,108,11664,192,11132,2873.99
224,92,11,2,108,11664,256,11132,4954.76
224,128,1,2,113,12769,32,128,20.4236
224,128,1,2,113,12769,64,128,23.1754
224,128,1,2,113,12769,92,128,27.4561
224,128,1,2,113,12769,128,128,30.6483
224,128,1,2,113,12769,192,128,36.6949
224,128,1,2,113,12769,256,128,42.0079
224,128,3,2,112,12544,32,1152,44.355
224,128,3,2,112,12544,64,1152,74.8
224,128,3,2,112,12544,92,1152,146.92
224,128,3,2,112,12544,128,1152,142.659
224,128,3,2,112,12544,192,1152,123.089
224,128,3,2,112,12544,256,1152,197.176
224,128,5,2,111,12321,32,3200,286.607
224,128,5,2,111,12321,64,3200,318.525
224,128,5,2,111,12321,92,3200,600.098
224,128,5,2,111,12321,128,3200,515.033
224,128,5,2,111,12321,192,3200,433.99
224,128,5,2,111,12321,256,3200,899.185
224,128,7,2,110,12100,32,6272,683.476
224,128,7,2,110,12100,64,6272,999.174
224,128,7,2,110,12100,92,6272,1654.66
224,128,7,2,110,12100,128,6272,1481.44
224,128,7,2,110,12100,192,6272,1465.19
224,128,7,2,110,12100,256,6272,2359.35
224,128,11,2,108,11664,32,15488,1545.61
224,128,11,2,108,11664,64,15488,2744.51
224,128,11,2,108,11664,92,15488,4952.68
224,128,11,2,108,11664,128,15488,5528.16
224,128,11,2,108,11664,192,15488,4144.6
224,128,11,2,108,11664,256,15488,8415.21
224,192,1,2,113,12769,32,192,21.2094
224,192,1,2,113,12769,64,192,25.5321
224,192,1,2,113,12769,92,192,32.0004
224,192,1,2,113,12769,128,192,34.6604
224,192,1,2,113,12769,192,192,43.4296
224,192,1,2,113,12769,256,192,52.7971
224,192,3,2,112,12544,32,1728,72.6489
224,192,3,2,112,12544,64,1728,118.281
224,192,3,2,112,12544,92,1728,232.993
224,192,3,2,112,12544,128,1728,228.078
224,192,3,2,112,12544,192,1728,182.209
224,192,3,2,112,12544,256,1728,296.615
224,192,5,2,111,12321,32,4800,528.397
224,192,5,2,111,12321,64,4800,696.178
224,192,5,2,111,12321,92,4800,1156.74
224,192,5,2,111,12321,128,4800,900.004
224,192,5,2,111,12321,192,4800,880.389
224,192,5,2,111,12321,256,4800,1570.75
224,192,7,2,110,12100,32,9408,1111.94
224,192,7,2,110,12100,64,9408,1771.83
224,192,7,2,110,12100,92,9408,2900.9
224,192,7,2,110,12100,128,9408,3150.92
224,192,7,2,110,12100,192,9408,2226.36
224,192,7,2,110,12100,256,9408,3968.74
224,192,11,2,108,11664,32,23232,2533.81
224,192,11,2,108,11664,64,23232,4643.36
224,192,11,2,108,11664,92,23232,7868.64
224,192,11,2,108,11664,128,23232,9062.93
224,192,11,2,108,11664,192,23232,8327.77
224,192,11,2,108,11664,256,23232,14966.1
224,256,1,2,113,12769,32,256,58.386
224,256,1,2,113,12769,64,256,68.3827
224,256,1,2,113,12769,92,256,77.014
224,256,1,2,113,12769,128,256,79.2323
224,256,1,2,113,12769,192,256,91.5033
224,256,1,2,113,12769,256,256,101.016
224,256,3,2,112,12544,32,2304,130.853
224,256,3,2,112,12544,64,2304,166.693
224,256,3,2,112,12544,92,2304,356.213
224,256,3,2,112,12544,128,2304,320.72
224,256,3,2,112,12544,192,2304,253.072
224,256,3,2,112,12544,256,2304,413.178
224,256,5,2,111,12321,32,6400,834.36
224,256,5,2,111,12321,64,6400,1169.24
224,256,5,2,111,12321,92,6400,1846.03
224,256,5,2,111,12321,128,6400,1695.88
224,256,5,2,111,12321,192,6400,1389.86
224,256,5,2,111,12321,256,6400,2415.39
224,256,7,2,110,12100,32,12544,1565.77
224,256,7,2,110,12100,64,12544,2521.29
224,256,7,2,110,12100,92,12544,4096.87
224,256,7,2,110,12100,128,12544,4672.38
224,256,7,2,110,12100,192,12544,2973.25
224,256,7,2,110,12100,256,12544,5838.67
224,256,11,2,108,11664,32,30976,3669.92
224,256,11,2,108,11664,64,30976,6749.07
224,256,11,2,108,11664,92,30976,11347.7
224,256,11,2,108,11664,128,30976,12938.9
224,256,11,2,108,11664,192,30976,12269.6
224,256,11,2,108,11664,256,30976,20429.4
28,32,1,1,28,784,32,32,1.6516
28,32,1,1,28,784,64,32,1.14846
28,32,1,1,28,784,92,32,1.03117
28,32,1,1,28,784,128,32,1.23102
28,32,1,1,28,784,192,32,1.43097
28,32,1,1,28,784,256,32,1.42925
28,32,3,1,26,676,32,288,1.22206
28,32,3,1,26,676,64,288,1.38456
28,32,3,1,26,676,92,288,1.42493
28,32,3,1,26,676,128,288,1.55977
28,32,3,1,26,676,192,288,2.20677
28,32,3,1,26,676,256,288,2.28
28,32,5,1,24,576,32,800,1.71999
28,32,5,1,24,576,64,800,2.29354
28,32,5,1,24,576,92,800,3.3819
28,32,5,1,24,576,128,800,3.65019
28,32,5,1,24,576,192,800,5.5034
28,32,5,1,24,576,256,800,7.4086
28,32,7,1,22,484,32,1568,4.05019
28,32,7,1,22,484,64,1568,5.34731
28,32,7,1,22,484,92,1568,8.15799
28,32,7,1,22,484,128,1568,7.91856
28,32,7,1,22,484,192,1568,8.41154
28,32,7,1,22,484,256,1568,10.7623
28,32,11,1,18,324,32,3872,7.64829
28,32,11,1,18,324,64,3872,10.4999
28,32,11,1,18,324,92,3872,17.4099
28,32,11,1,18,324,128,3872,17.8857
28,32,11,1,18,324,192,3872,14.6281
28,32,11,1,18,324,256,3872,15.6142
28,64,1,1,28,784,32,64,1.63061
28,64,1,1,28,784,64,64,1.51951
28,64,1,1,28,784,92,64,1.53779
28,64,1,1,28,784,128,64,1.65665
28,64,1,1,28,784,192,64,1.83572
28,64,1,1,28,784,256,64,1.96525
28,64,3,1,26,676,32,576,1.20893
28,64,3,1,26,676,64,576,1.63707
28,64,3,1,26,676,92,576,1.40211
28,64,3,1,26,676,128,576,2.02921
28,64,3,1,26,676,192,576,2.2737
28,64,3,1,26,676,256,576,2.86517
28,64,5,1,24,576,32,1600,3.26674
28,64,5,1,24,576,64,1600,4.89641
28,64,5,1,24,576,92,1600,7.8558
28,64,5,1,24,576,128,1600,8.21174
28,64,5,1,24,576,192,1600,8.71826
28,64,5,1,24,576,256,1600,11.9686
28,64,7,1,22,484,32,3136,9.32854
28,64,7,1,22,484,64,3136,11.1956
28,64,7,1,22,484,92,3136,18.2917
28,64,7,1,22,484,128,3136,21.0019
28,64,7,1,22,484,192,3136,17.9576
28,64,7,1,22,484,256,3136,23.5402
28,64,11,1,18,324,32,7744,15.9725
28,64,11,1,18,324,64,7744,23.5361
28,64,11,1,18,324,92,7744,38.7776
28,64,11,1,18,324,128,7744,39.4119
28,64,11,1,18,324,192,7744,31.5512
28,64,11,1,18,324,256,7744,35.3689
28,92,1,1,28,784,32,92,1.34534
28,92,1,1,28,784,64,92,1.52451
28,92,1,1,28,784,92,92,1.77691
28,92,1,1,28,784,128,92,1.83858
28,92,1,1,28,784,192,92,2.0652
28,92,1,1,28,784,256,92,2.2514
28,92,3,1,26,676,32,828,1.15726
28,92,3,1,26,676,64,828,2.0078
28,92,3,1,26,676,92,828,1.8866
28,92,3,1,26,676,128,828,2.27364
28,92,3,1,26,676,192,828,2.64115
28,92,3,1,26,676,256,828,3.17601
28,92,5,1,24,576,32,2300,5.00792
28,92,5,1,24,576,64,2300,7.28906
28,92,5,1,24,576,92,2300,13.3102
28,92,5,1,24,576,128,2300,12.9789
28,92,5,1,24,576,192,2300,12.6016
28,92,5,1,24,576,256,2300,17.7281
28,92,7,1,22,484,32,4508,14.1201
28,92,7,1,22,484,64,4508,17.9447
28,92,7,1,22,484,92,4508,29.2396
28,92,7,1,22,484,128,4508,33.6459
28,92,7,1,22,484,192,4508,28.087
28,92,7,1,22,484,256,4508,35.094
28,92,11,1,18,324,32,11132,24.5656
28,92,11,1,18,324,64,11132,34.949
28,92,11,1,18,324,92,11132,58.578
28,92,11,1,18,324,128,11132,63.2012
28,92,11,1,18,324,192,11132,48.1742
28,92,11,1,18,324,256,11132,53.8699
28,128,1,1,28,784,32,128,2.15343
28,128,1,1,28,784,64,128,2.29463
28,128,1,1,28,784,92,128,2.47646
28,128,1,1,28,784,128,128,2.50005
28,128,1,1,28,784,192,128,2.78277
28,128,1,1,28,784,256,128,3.44127
28,128,3,1,26,676,32,1152,1.77134
28,128,3,1,26,676,64,1152,1.93598
28,128,3,1,26,676,92,1152,2.17994
28,128,3,1,26,676,128,1152,2.62219
28,128,3,1,26,676,192,1152,3.11356
28,128,3,1,26,676,256,1152,3.97404
28,128,5,1,24,576,32,3200,7.10583
28,128,5,1,24,576,64,3200,11.6565
28,128,5,1,24,576,92,3200,21.785
28,128,5,1,24,576,128,3200,19.8787
28,128,5,1,24,576,192,3200,18.2121
28,128,5,1,24,576,256,3200,25.2456
28,128,7,1,22,484,32,6272,26.1156
28,128,7,1,22,484,64,6272,31.8079
28,128,7,1,22,484,92,6272,48.3365
28,128,7,1,22,484,128,6272,53.4494
28,128,7,1,22,484,192,6272,46.923
28,128,7,1,22,484,256,6272,58.406
28,128,11,1,18,324,32,15488,33.3155
28,128,11,1,18,324,64,15488,48.144
28,128,11,1,18,324,92,15488,82.586
28,128,11,1,18,324,128,15488,93.702
28,128,11,1,18,324,192,15488,68.0417
28,128,11,1,18,324,256,15488,77.9845
28,192,1,1,28,784,32,192,2.69511
28,192,1,1,28,784,64,192,2.99694
28,192,1,1,28,784,92,192,3.61997
28,192,1,1,28,784,128,192,3.57903
28,192,1,1,28,784,192,192,3.53856
28,192,1,1,28,784,256,192,4.92469
28,192,3,1,26,676,32,1728,2.26145
28,192,3,1,26,676,64,1728,2.84975
28,192,3,1,26,676,92,1728,3.10059
28,192,3,1,26,676,128,1728,3.20684
28,192,3,1,26,676,192,1728,4.19618
28,192,3,1,26,676,256,1728,5.24334
28,192,5,1,24,576,32,4800,12.6945
28,192,5,1,24,576,64,4800,20.9785
28,192,5,1,24,576,92,4800,36.9486
28,192,5,1,24,576,128,4800,33.0275
28,192,5,1,24,576,192,4800,29.4558
28,192,5,1,24,576,256,4800,40.8836
28,192,7,1,22,484,32,9408,58.2026
28,192,7,1,22,484,64,9408,62.8556
28,192,7,1,22,484,92,9408,96.1669
28,192,7,1,22,484,128,9408,112.558
28,192,7,1,22,484,192,9408,90.2414
28,192,7,1,22,484,256,9408,106.569
28,192,11,1,18,324,32,23232,49.6976
28,192,11,1,18,324,64,23232,73.5103
28,192,11,1,18,324,92,23232,127.507
28,192,11,1,18,324,128,23232,160.456
28,192,11,1,18,324,192,23232,110.673
28,192,11,1,18,324,256,23232,125.619
28,256,1,1,28,784,32,256,3.28762
28,256,1,1,28,784,64,256,3.81018
28,256,1,1,28,784,92,256,4.8201
28,256,1,1,28,784,128,256,4.43369
28,256,1,1,28,784,192,256,5.09573
28,256,1,1,28,784,256,256,5.86481
28,256,3,1,26,676,32,2304,2.97626
28,256,3,1,26,676,64,2304,3.32246
28,256,3,1,26,676,92,2304,4.90573
28,256,3,1,26,676,128,2304,4.36629
28,256,3,1,26,676,192,2304,5.74137
28,256,3,1,26,676,256,2304,7.57094
28,256,5,1,24,576,32,6400,23.1582
28,256,5,1,24,576,64,6400,30.9536
28,256,5,1,24,576,92,6400,58.2576
28,256,5,1,24,576,128,6400,49.6726
28,256,5,1,24,576,192,6400,41.8361
28,256,5,1,24,576,256,6400,58.8827
28,256,7,1,22,484,32,12544,76.9189
28,256,7,1,22,484,64,12544,84.2921
28,256,7,1,22,484,92,12544,129.34
28,256,7,1,22,484,128,12544,161.916
28,256,7,1,22,484,192,12544,119.126
28,256,7,1,22,484,256,12544,150.395
28,256,11,1,18,324,32,30976,66.4767
28,256,11,1,18,324,64,30976,100.048
28,256,11,1,18,324,92,30976,174.483
28,256,11,1,18,324,128,30976,234.118
28,256,11,1,18,324,192,30976,169.981
28,256,11,1,18,324,256,30976,200.826
56,32,1,1,56,3136,32,32,1.55066
56,32,1,1,56,3136,64,32,2.12562
56,32,1,1,56,3136,92,32,2.27072
56,32,1,1,56,3136,128,32,2.75172
56,32,1,1,56,3136,192,32,3.33434
56,32,1,1,56,3136,256,32,3.88815
56,32,3,1,54,2916,32,288,1.93858
56,32,3,1,54,2916,64,288,2.35698
56,32,3,1,54,2916,92,288,2.93319
56,32,3,1,54,2916,128,288,4.08675
56,32,3,1,54,2916,192,288,5.29521
56,32,3,1,54,2916,256,288,6.59566
56,32,5,1,52,2704,32,800,5.75579
56,32,5,1,52,2704,64,800,9.32701
56,32,5,1,52,2704,92,800,19.4835
56,32,5,1,52,2704,128,800,18.7288
56,32,5,1,52,2704,192,800,28.8825
56,32,5,1,52,2704,256,800,39.3423
56,32,7,1,50,2500,32,1568,21.7744
56,32,7,1,50,2500,64,1568,30.7235
56,32,7,1,50,2500,92,1568,51.1993
56,32,7,1,50,2500,128,1568,51.0334
56,32,7,1,50,2500,192,1568,43.6859
56,32,7,1,50,2500,256,1568,59.9971
56,32,11,1,46,2116,32,3872,63.6285
56,32,11,1,46,2116,64,3872,72.4866
56,32,11,1,46,2116,92,3872,139.642
56,32,11,1,46,2116,128,3872,108.425
56,32,11,1,46,2116,192,3872,85.121
56,32,11,1,46,2116,256,3872,135.294
56,64,1,1,56,3136,32,64,3.02626
56,64,1,1,56,3136,64,64,3.311
56,64,1,1,56,3136,92,64,3.59861
56,64,1,1,56,3136,128,64,4.47535
56,64,1,1,56,3136,192,64,5.24802
56,64,1,1,56,3136,256,64,6.39987
56,64,3,1,54,2916,32,576,2.7561
56,64,3,1,54,2916,64,576,3.4483
56,64,3,1,54,2916,92,576,4.22701
56,64,3,1,54,2916,128,576,6.03554
56,64,3,1,54,2916,192,576,8.61241
56,64,3,1,54,2916,256,576,9.984
56,64,5,1,52,2704,32,1600,14.5987
56,64,5,1,52,2704,64,1600,22.5722
56,64,5,1,52,2704,92,1600,46.8162
56,64,5,1,52,2704,128,1600,45.5919
56,64,5,1,52,2704,192,1600,36.1885
56,64,5,1,52,2704,256,1600,56.7619
56,64,7,1,50,2500,32,3136,96.5055
56,64,7,1,50,2500,64,3136,105.644
56,64,7,1,50,2500,92,3136,163.51
56,64,7,1,50,2500,128,3136,147.723
56,64,7,1,50,2500,192,3136,126.617
56,64,7,1,50,2500,256,3136,176.598
56,64,11,1,46,2116,32,7744,171.422
56,64,11,1,46,2116,64,7744,256.478
56,64,11,1,46,2116,92,7744,413.833
56,64,11,1,46,2116,128,7744,389.033
56,64,11,1,46,2116,192,7744,226.911
56,64,11,1,46,2116,256,7744,338.092
56,92,1,1,56,3136,32,92,2.6624
56,92,1,1,56,3136,64,92,3.15689
56,92,1,1,56,3136,92,92,3.84107
56,92,1,1,56,3136,128,92,4.73109
56,92,1,1,56,3136,192,92,5.73194
56,92,1,1,56,3136,256,92,7.04186
56,92,3,1,54,2916,32,828,3.33512
56,92,3,1,54,2916,64,828,4.5165
56,92,3,1,54,2916,92,828,5.68001
56,92,3,1,54,2916,128,828,8.16022
56,92,3,1,54,2916,192,828,11.648
56,92,3,1,54,2916,256,828,15.0955
56,92,5,1,52,2704,32,2300,29.5259
56,92,5,1,52,2704,64,2300,36.6709
56,92,5,1,52,2704,92,2300,81.949
56,92,5,1,52,2704,128,2300,70.5336
56,92,5,1,52,2704,192,2300,53.2997
56,92,5,1,52,2704,256,2300,87.6916
56,92,7,1,50,2500,32,4508,177.609
56,92,7,1,50,2500,64,4508,206.778
56,92,7,1,50,2500,92,4508,294.476
56,92,7,1,50,2500,128,4508,250.512
56,92,7,1,50,2500,192,4508,218.229
56,92,7,1,50,2500,256,4508,295.26
56,92,11,1,46,2116,32,11132,262.12
56,92,11,1,46,2116,64,11132,402.118
56,92,11,1,46,2116,92,11132,662.302
56,92,11,1,46,2116,128,11132,679.736
56,92,11,1,46,2116,192,11132,364.531
56,92,11,1,46,2116,256,11132,631.78
56,128,1,1,56,3136,32,128,5.03745
56,128,1,1,56,3136,64,128,5.5745
56,128,1,1,56,3136,92,128,6.05108
56,128,1,1,56,3136,128,128,7.45728
56,128,1,1,56,3136,192,128,8.40113
56,128,1,1,56,3136,256,128,10.2361
56,128,3,1,54,2916,32,1152,4.5037
56,128,3,1,54,2916,64,1152,7.25804
56,128,3,1,54,2916,92,1152,7.96211
56,128,3,1,54,2916,128,1152,12.7045
56,128,3,1,54,2916,192,1152,18.2658
56,128,3,1,54,2916,256,1152,23.0933
56,128,5,1,52,2704,32,3200,56.9084
56,128,5,1,52,2704,64,3200,62.8814
56,128,5,1,52,2704,92,3200,132.727
56,128,5,1,52,2704,128,3200,107.344
56,128,5,1,52,2704,192,3200,83.6585
56,128,5,1,52,2704,256,3200,136.909
56,128,7,1,50,2500,32,6272,292.146
56,128,7,1,50,2500,64,6272,358.866
56,128,7,1,50,2500,92,6272,490.103
56,128,7,1,50,2500,128,6272,458.732
56,128,7,1,50,2500,192,6272,356.641
56,128,7,1,50,2500,256,6272,456.503
56,128,11,1,46,2116,32,15488,384.168
56,128,11,1,46,2116,64,15488,597.084
56,128,11,1,46,2116,92,15488,980.909
56,128,11,1,46,2116,128,15488,1046.37
56,128,11,1,46,2116,192,15488,543.703
56,128,11,1,46,2116,256,15488,1199.38
56,192,1,1,56,3136,32,192,6.50515
56,192,1,1,56,3136,64,192,7.17846
56,192,1,1,56,3136,92,192,8.54058
56,192,1,1,56,3136,128,192,9.66381
56,192,1,1,56,3136,192,192,12.2175
56,192,1,1,56,3136,256,192,14.5173
56,192,3,1,54,2916,32,1728,6.48314
56,192,3,1,54,2916,64,1728,10.9617
56,192,3,1,54,2916,92,1728,12.0129
56,192,3,1,54,2916,128,1728,21.4808
56,192,3,1,54,2916,192,1728,31.2497
56,192,3,1,54,2916,256,1728,40.5769
56,192,5,1,52,2704,32,4800,111.992
56,192,5,1,52,2704,64,4800,142.53
56,192,5,1,52,2704,92,4800,244.136
56,192,5,1,52,2704,128,4800,194.395
56,192,5,1,52,2704,192,4800,150.885
56,192,5,1,52,2704,256,4800,233.942
56,192,7,1,50,2500,32,9408,514.877
56,192,7,1,50,2500,64,9408,645.24
56,192,7,1,50,2500,92,9408,866.057
56,192,7,1,50,2500,128,9408,905.001
56,192,7,1,50,2500,192,9408,620.641
56,192,7,1,50,2500,256,9408,799.913
56,192,11,1,46,2116,32,23232,622.296
56,192,11,1,46,2116,64,23232,988.767
56,192,11,1,46,2116,92,23232,1628.24
56,192,11,1,46,2116,128,23232,1725.77
56,192,11,1,46,2116,192,23232,1197.4
56,192,11,1,46,2116,256,23232,2312.08
56,256,1,1,56,3136,32,256,9.36908
56,256,1,1,56,3136,64,256,9.88105
56,256,1,1,56,3136,92,256,13.0643
56,256,1,1,56,3136,128,256,12.7585
56,256,1,1,56,3136,192,256,16.4297
56,256,1,1,56,3136,256,256,19.2379
56,256,3,1,54,2916,32,2304,12.4484
56,256,3,1,54,2916,64,2304,20.1673
56,256,3,1,54,2916,92,2304,21.5474
56,256,3,1,54,2916,128,2304,33.7809
56,256,3,1,54,2916,192,2304,46.9022
56,256,3,1,54,2916,256,2304,62.0635
56,256,5,1,52,2704,32,6400,168.645
56,256,5,1,52,2704,64,6400,238.952
56,256,5,1,52,2704,92,6400,392.209
56,256,5,1,52,2704,128,6400,343.697
56,256,5,1,52,2704,192,6400,234.511
56,256,5,1,52,2704,256,6400,349.068
56,256,7,1,50,2500,32,12544,700.931
56,256,7,1,50,2500,64,12544,905.638
56,256,7,1,50,2500,92,12544,1233.73
56,256,7,1,50,2500,128,12544,1312.35
56,256,7,1,50,2500,192,12544,866.437
56,256,7,1,50,2500,256,12544,1336.11
56,256,11,1,46,2116,32,30976,875.742
56,256,11,1,46,2116,64,30976,1414.34
56,256,11,1,46,2116,92,30976,2370.31
56,256,11,1,46,2116,128,30976,2460.21
56,256,11,1,46,2116,192,30976,2095.63
56,256,11,1,46,2116,256,30976,3598.06
112,32,1,1,112,12544,32,32,3.79205
112,32,1,1,112,12544,64,32,5.12449
112,32,1,1,112,12544,92,32,6.82359
112,32,1,1,112,12544,128,32,8.35712
112,32,1,1,112,12544,192,32,11.7289
112,32,1,1,112,12544,256,32,14.1044
112,32,3,1,110,12100,32,288,4.24002
112,32,3,1,110,12100,64,288,6.13854
112,32,3,1,110,12100,92,288,9.38399
112,32,3,1,110,12100,128,288,11.697
112,32,3,1,110,12100,192,288,15.2922
112,32,3,1,110,12100,256,288,21.0792
112,32,5,1,108,11664,32,800,27.5037
112,32,5,1,108,11664,64,800,46.6792
112,32,5,1,108,11664,92,800,92.2075
112,32,5,1,108,11664,128,800,90.217
112,32,5,1,108,11664,192,800,131.134
112,32,5,1,108,11664,256,800,175.805
112,32,7,1,106,11236,32,1568,109.571
112,32,7,1,106,11236,64,1568,149.037
112,32,7,1,106,11236,92,1568,241.501
112,32,7,1,106,11236,128,1568,238.525
112,32,7,1,106,11236,192,1568,203.96
112,32,7,1,106,11236,256,1568,298.611
112,32,11,1,102,10404,32,3872,312.531
112,32,11,1,102,10404,64,3872,372.667
112,32,11,1,102,10404,92,3872,671.838
112,32,11,1,102,10404,128,3872,539.116
112,32,11,1,102,10404,192,3872,459.987
112,32,11,1,102,10404,256,3872,905.865
112,64,1,1,112,12544,32,64,7.68715
112,64,1,1,112,12544,64,64,9.64605
112,64,1,1,112,12544,92,64,12.1951
112,64,1,1,112,12544,128,64,13.4095
112,64,1,1,112,12544,192,64,17.4713
112,64,1,1,112,12544,256,64,22.1677
112,64,3,1,110,12100,32,576,6.37706
112,64,3,1,110,12100,64,576,9.4484
112,64,3,1,110,12100,92,576,13.3984
112,64,3,1,110,12100,128,576,16.3925
112,64,3,1,110,12100,192,576,23.4756
112,64,3,1,110,12100,256,576,29.6486
112,64,5,1,108,11664,32,1600,67.446
112,64,5,1,108,11664,64,1600,106.852
112,64,5,1,108,11664,92,1600,205.499
112,64,5,1,108,11664,128,1600,200.733
112,64,5,1,108,11664,192,1600,159.04
112,64,5,1,108,11664,256,1600,256.464
112,64,7,1,106,11236,32,3136,464.021
112,64,7,1,106,11236,64,3136,493.57
112,64,7,1,106,11236,92,3136,746.542
112,64,7,1,106,11236,128,3136,670.566
112,64,7,1,106,11236,192,3136,599.731
112,64,7,1,106,11236,256,3136,824.183
112,64,11,1,102,10404,32,7744,848.274
112,64,11,1,102,10404,64,7744,1270.62
112,64,11,1,102,10404,92,7744,2023.45
112,64,11,1,102,10404,128,7744,2067.47
112,64,11,1,102,10404,192,7744,1640.16
112,64,11,1,102,10404,256,7744,2684.25
112,92,1,1,112,12544,32,92,6.70422
112,92,1,1,112,12544,64,92,8.96251
112,92,1,1,112,12544,92,92,11.8229
112,92,1,1,112,12544,128,92,14.1692
112,92,1,1,112,12544,192,92,19.3703
112,92,1,1,112,12544,256,92,26.4312
112,92,3,1,110,12100,32,828,9.03803
112,92,3,1,110,12100,64,828,13.4968
112,92,3,1,110,12100,92,828,21.2024
112,92,3,1,110,12100,128,828,24.5914
112,92,3,1,110,12100,192,828,33.1508
112,92,3,1,110,12100,256,828,39.8574
112,92,5,1,108,11664,32,2300,137.548
112,92,5,1,108,11664,64,2300,169.946
112,92,5,1,108,11664,92,2300,340.238
112,92,5,1,108,11664,128,2300,310.961
112,92,5,1,108,11664,192,2300,250.238
112,92,5,1,108,11664,256,2300,409.253
112,92,7,1,106,11236,32,4508,840.746
112,92,7,1,106,11236,64,4508,968.566
112,92,7,1,106,11236,92,4508,1360.9
112,92,7,1,106,11236,128,4508,1145.16
112,92,7,1,106,11236,192,4508,1056.15
112,92,7,1,106,11236,256,4508,1556.57
112,92,11,1,102,10404,32,11132,1325.12
112,92,11,1,102,10404,64,11132,2056.79
112,92,11,1,102,10404,92,11132,3237.05
112,92,11,1,102,10404,128,11132,3638
112,92,11,1,102,10404,192,11132,2914.15
112,92,11,1,102,10404,256,11132,4978.63
112,128,1,1,112,12544,32,128,16.4737
112,128,1,1,112,12544,64,128,20.2795
112,128,1,1,112,12544,92,128,24.1093
112,128,1,1,112,12544,128,128,26.3687
112,128,1,1,112,12544,192,128,34.4384
112,128,1,1,112,12544,256,128,37.2114
112,128,3,1,110,12100,32,1152,12.7228
112,128,3,1,110,12100,64,1152,19.9983
112,128,3,1,110,12100,92,1152,29.7219
112,128,3,1,110,12100,128,1152,32.1241
112,128,3,1,110,12100,192,1152,43.6733
112,128,3,1,110,12100,256,1152,55.3144
112,128,5,1,108,11664,32,3200,261.762
112,128,5,1,108,11664,64,3200,294.432
112,128,5,1,108,11664,92,3200,568.063
112,128,5,1,108,11664,128,3200,479.37
112,128,5,1,108,11664,192,3200,402.784
112,128,5,1,108,11664,256,3200,716.439
112,128,7,1,106,11236,32,6272,1367.91
112,128,7,1,106,11236,64,6272,1666.4
112,128,7,1,106,11236,92,6272,2283.15
112,128,7,1,106,11236,128,6272,2126.65
112,128,7,1,106,11236,192,6272,1720.28
112,128,7,1,106,11236,256,6272,2630.45
112,128,11,1,102,10404,32,15488,1959.91
112,128,11,1,102,10404,64,15488,3056.83
112,128,11,1,102,10404,92,15488,4893.12
112,128,11,1,102,10404,128,15488,5662.12
112,128,11,1,102,10404,192,15488,4660.71
112,128,11,1,102,10404,256,15488,8587.56
112,192,1,1,112,12544,32,192,20.161
112,192,1,1,112,12544,64,192,25.406
112,192,1,1,112,12544,92,192,31.0085
112,192,1,1,112,12544,128,192,33.5792
112,192,1,1,112,12544,192,192,44.2732
112,192,1,1,112,12544,256,192,52.8772
112,192,3,1,110,12100,32,1728,15.8959
112,192,3,1,110,12100,64,1728,26.3146
112,192,3,1,110,12100,92,1728,43.5388
112,192,3,1,110,12100,128,1728,44.4905
112,192,3,1,110,12100,192,1728,62.8994
112,192,3,1,110,12100,256,1728,81.9021
112,192,5,1,108,11664,32,4800,494.06
112,192,5,1,108,11664,64,4800,653.016
112,192,5,1,108,11664,92,4800,1098.21
112,192,5,1,108,11664,128,4800,851.606
112,192,5,1,108,11664,192,4800,779.428
112,192,5,1,108,11664,256,4800,1527.01
112,192,7,1,106,11236,32,9408,2408.37
112,192,7,1,106,11236,64,9408,3032.99
112,192,7,1,106,11236,92,9408,4087.07
112,192,7,1,106,11236,128,9408,4334.14
112,192,7,1,106,11236,192,9408,3183.17
112,192,7,1,106,11236,256,9408,4928.31
112,192,11,1,102,10404,32,23232,3236.93
112,192,11,1,102,10404,64,23232,5134.76
112,192,11,1,102,10404,92,23232,8157.19
112,192,11,1,102,10404,128,23232,9293.88
112,192,11,1,102,10404,192,23232,9709.99
112,192,11,1,102,10404,256,23232,14046.1
112,256,1,1,112,12544,32,256,53.7768
112,256,1,1,112,12544,64,256,62.9608
112,256,1,1,112,12544,92,256,71.9952
112,256,1,1,112,12544,128,256,71.376
112,256,1,1,112,12544,192,256,84.4666
112,256,1,1,112,12544,256,256,99.7641
112,256,3,1,110,12100,32,2304,35.716
112,256,3,1,110,12100,64,2304,46.8582
112,256,3,1,110,12100,92,2304,75.6856
112,256,3,1,110,12100,128,2304,72.671
112,256,3,1,110,12100,192,2304,98.3162
112,256,3,1,110,12100,256,2304,124.34
112,256,5,1,108,11664,32,6400,792.873
112,256,5,1,108,11664,64,6400,1116.3
112,256,5,1,108,11664,92,6400,1775.39
112,256,5,1,108,11664,128,6400,1615.52
112,256,5,1,108,11664,192,6400,1218.51
112,256,5,1,108,11664,256,6400,2488.15
112,256,7,1,106,11236,32,12544,3352.84
112,256,7,1,106,11236,64,12544,4275.26
112,256,7,1,106,11236,92,12544,5767.09
112,256,7,1,106,11236,128,12544,6306.63
112,256,7,1,106,11236,192,12544,4445.77
112,256,7,1,106,11236,256,12544,7626.93
112,256,11,1,102,10404,32,30976,4599.92
112,256,11,1,102,10404,64,30976,7385.36
112,256,11,1,102,10404,92,30976,11719
112,256,11,1,102,10404,128,30976,13017.3
112,256,11,1,102,10404,192,30976,13288.6
112,256,11,1,102,10404,256,30976,21845.9
224,32,1,1,224,50176,32,32,17.6129
224,32,1,1,224,50176,64,32,23.082
224,32,1,1,224,50176,92,32,31.5724
224,32,1,1,224,50176,128,32,34.229
224,32,1,1,224,50176,192,32,46.1024
224,32,1,1,224,50176,256,32,56.9517
224,32,3,1,222,49284,32,288,13.6199
224,32,3,1,222,49284,64,288,24.1655
224,32,3,1,222,49284,92,288,36.7895
224,32,3,1,222,49284,128,288,41.2305
224,32,3,1,222,49284,192,288,59.7184
224,32,3,1,222,49284,256,288,77.604
224,32,5,1,220,48400,32,800,118.645
224,32,5,1,220,48400,64,800,196.646
224,32,5,1,220,48400,92,800,383.743
224,32,5,1,220,48400,128,800,372.011
224,32,5,1,220,48400,192,800,552.274
224,32,5,1,220,48400,256,800,739.751
224,32,7,1,218,47524,32,1568,473.988
224,32,7,1,218,47524,64,1568,638.657
224,32,7,1,218,47524,92,1568,1025.83
224,32,7,1,218,47524,128,1568,1022.85
224,32,7,1,218,47524,192,1568,884.576
224,32,7,1,218,47524,256,1568,1615.32
224,32,11,1,214,45796,32,3872,1369.5
224,32,11,1,214,45796,64,3872,1658.14
224,32,11,1,214,45796,92,3872,3092.98
224,32,11,1,214,45796,128,3872,3104.99
224,32,11,1,214,45796,192,3872,3725.1
224,32,11,1,214,45796,256,3872,6231.2
224,64,1,1,224,50176,32,64,31.7501
224,64,1,1,224,50176,64,64,39.2865
224,64,1,1,224,50176,92,64,45.6297
224,64,1,1,224,50176,128,64,56.151
224,64,1,1,224,50176,192,64,69.2727
224,64,1,1,224,50176,256,64,85.3599
224,64,3,1,222,49284,32,576,21.9623
224,64,3,1,222,49284,64,576,36.5106
224,64,3,1,222,49284,92,576,49.1402
224,64,3,1,222,49284,128,576,60.9078
224,64,3,1,222,49284,192,576,85.4536
224,64,3,1,222,49284,256,576,112.463
224,64,5,1,220,48400,32,1600,280.52
224,64,5,1,220,48400,64,1600,448.032
224,64,5,1,220,48400,92,1600,864.431
224,64,5,1,220,48400,128,1600,852.203
224,64,5,1,220,48400,192,1600,669.655
224,64,5,1,220,48400,256,1600,1374.49
224,64,7,1,218,47524,32,3136,1968.91
224,64,7,1,218,47524,64,3136,2087.53
224,64,7,1,218,47524,92,3136,3180.35
224,64,7,1,218,47524,128,3136,2860.32
224,64,7,1,218,47524,192,3136,3040.11
224,64,7,1,218,47524,256,3136,5045.51
224,64,11,1,214,45796,32,7744,3757.55
224,64,11,1,214,45796,64,7744,5621.16
224,64,11,1,214,45796,92,7744,9253.51
224,64,11,1,214,45796,128,7744,10250.4
224,64,11,1,214,45796,192,7744,9883.82
224,64,11,1,214,45796,256,7744,14953.9
224,92,1,1,224,50176,32,92,35.1609
224,92,1,1,224,50176,64,92,45.437
224,92,1,1,224,50176,92,92,56.9193
224,92,1,1,224,50176,128,92,67.0038
224,92,1,1,224,50176,192,92,83.0306
224,92,1,1,224,50176,256,92,104.841
224,92,3,1,222,49284,32,828,35.2522
224,92,3,1,222,49284,64,828,49.29
224,92,3,1,222,49284,92,828,75.2341
224,92,3,1,222,49284,128,828,83.0458
224,92,3,1,222,49284,192,828,117.216
224,92,3,1,222,49284,256,828,154.055
224,92,5,1,220,48400,32,2300,570.582
224,92,5,1,220,48400,64,2300,707.937
224,92,5,1,220,48400,92,2300,1416.22
224,92,5,1,220,48400,128,2300,1299.03
224,92,5,1,220,48400,192,2300,1145.08
224,92,5,1,220,48400,256,2300,2475.46
224,92,7,1,218,47524,32,4508,3554.41
224,92,7,1,218,47524,64,4508,4106.79
224,92,7,1,218,47524,92,4508,5777.81
224,92,7,1,218,47524,128,4508,5109.36
224,92,7,1,218,47524,192,4508,5508.88
224,92,7,1,218,47524,256,4508,8809.83
224,92,11,1,214,45796,32,11132,5868.25
224,92,11,1,214,45796,64,11132,9133.58
224,92,11,1,214,45796,92,11132,15055
224,92,11,1,214,45796,128,11132,16560.7
224,128,1,1,224,50176,32,128,79.7295
224,128,1,1,224,50176,64,128,89.6396
224,128,1,1,224,50176,92,128,107.239
224,128,1,1,224,50176,128,128,118.304
224,128,1,1,224,50176,192,128,144.635
224,128,1,1,224,50176,256,128,169.046
224,128,3,1,222,49284,32,1152,47.3415
224,128,3,1,222,49284,64,1152,73.1623
224,128,3,1,222,49284,92,1152,114.608
224,128,3,1,222,49284,128,1152,119.558
224,128,3,1,222,49284,192,1152,167.166
224,128,3,1,222,49284,256,1152,215.085
224,128,5,1,220,48400,32,3200,1095.48
224,128,5,1,220,48400,64,3200,1226.08
224,128,5,1,220,48400,92,3200,2372.52
224,128,5,1,220,48400,128,3200,2027.77
224,128,5,1,220,48400,192,3200,2174.95
224,128,5,1,220,48400,256,3200,4163.92
224,128,7,1,218,47524,32,6272,5806.43
224,128,7,1,218,47524,64,6272,7079.25
224,128,7,1,218,47524,92,6272,9719.28
224,128,7,1,218,47524,128,6272,9043.13
224,128,7,1,218,47524,192,6272,8683.95
224,128,7,1,218,47524,256,6272,13211.9
224,128,11,1,214,45796,32,15488,7312.22
224,128,11,1,214,45796,64,15488,11049
224,128,11,1,214,45796,92,15488,11405.5
224,128,11,1,214,45796,128,15488,19692.1
224,192,1,1,224,50176,32,192,83.1197
224,192,1,1,224,50176,64,192,99.3638
224,192,1,1,224,50176,92,192,131.072
224,192,1,1,224,50176,128,192,134.996
224,192,1,1,224,50176,192,192,169.635
224,192,1,1,224,50176,256,192,207.1
224,192,3,1,222,49284,32,1728,60.0495
224,192,3,1,222,49284,64,1728,98.1337
224,192,3,1,222,49284,92,1728,171.233
224,192,3,1,222,49284,128,1728,172.881
224,192,3,1,222,49284,192,1728,240.93
224,192,3,1,222,49284,256,1728,317.043
224,192,5,1,220,48400,32,4800,2054.26
224,192,5,1,220,48400,64,4800,2725.31
224,192,5,1,220,48400,92,4800,4630.96
224,192,5,1,220,48400,128,4800,3586.06
224,192,5,1,220,48400,192,4800,4141.55
224,192,5,1,220,48400,256,4800,7265.63
224,192,7,1,218,47524,32,9408,10245.8
224,192,7,1,218,47524,64,9408,12897.5
224,192,7,1,218,47524,92,9408,17383.8
224,192,7,1,218,47524,128,9408,18554.3
224,192,7,1,218,47524,192,9408,15171.8
224,192,7,1,218,47524,256,9408,22467
224,256,1,1,224,50176,32,256,269.392
224,256,1,1,224,50176,64,256,312.952
224,256,1,1,224,50176,92,256,358.851
224,256,1,1,224,50176,128,256,360.496
224,256,1,1,224,50176,192,256,405.753
224,256,1,1,224,50176,256,256,459.023
224,256,3,1,222,49284,32,2304,130.465
224,256,3,1,222,49284,64,2304,183.264
224,256,3,1,222,49284,92,2304,294.057
224,256,3,1,222,49284,128,2304,285.161
224,256,3,1,222,49284,192,2304,386.274
224,256,3,1,222,49284,256,2304,487.2
224,256,5,1,220,48400,32,6400,3306.85
224,256,5,1,220,48400,64,6400,4647.33
224,256,5,1,220,48400,92,6400,7418.31
224,256,5,1,220,48400,128,6400,6852.82
224,256,5,1,220,48400,192,6400,6959.95
224,256,5,1,220,48400,256,6400,10896.6
224,256,7,1,218,47524,32,12544,13849.8
224,256,7,1,218,47524,64,12544,17379.9
224,256,7,1,218,47524,92,12544,17596.6
224,256,7,1,218,47524,128,12544,25315.1