28,32,1,32,2,15,225,32,32,0.0433164
28,32,1,64,2,15,225,64,32,0.0432297
28,32,1,92,2,15,225,92,32,0.0443583
28,32,1,128,2,15,225,128,32,0.0428826
28,32,1,192,2,15,225,192,32,0.0456609
28,32,1,256,2,15,225,256,32,0.04444515
28,32,3,32,2,14,196,32,288,0.218928
28,32,3,64,2,14,196,64,288,0.07083465
28,32,3,92,2,14,196,92,288,0.1007832
28,32,3,128,2,14,196,128,288,0.06901185
28,32,3,192,2,14,196,192,288,0.0677967
28,32,3,256,2,14,196,256,288,0.07109505
28,32,5,32,2,13,169,32,800,0.0639768
28,32,5,64,2,13,169,64,800,0.06614715
28,32,5,92,2,13,169,92,800,0.10790115
28,32,5,128,2,13,169,128,800,0.062154
28,32,5,192,2,13,169,192,800,0.0616332
28,32,5,256,2,13,169,256,800,0.064845
28,32,7,32,2,12,144,32,1568,0.0684906
28,32,7,64,2,12,144,64,1568,0.0747408
28,32,7,92,2,12,144,92,1568,0.10000155
28,32,7,128,2,12,144,128,1568,0.07795305
28,32,7,192,2,12,144,192,1568,0.06944565
28,32,7,256,2,12,144,256,1568,0.0698802
28,32,11,32,2,10,100,32,3872,0.0767373
28,32,11,64,2,10,100,64,3872,0.0686649
28,32,11,92,2,10,100,92,3872,0.10113045
28,32,11,128,2,10,100,128,3872,0.07413315
28,32,11,192,2,10,100,192,3872,0.06866445
28,32,11,256,2,10,100,256,3872,0.0693588
28,64,1,32,2,15,225,32,64,0.04036515
28,64,1,64,2,15,225,64,64,0.04314285
28,64,1,92,2,15,225,92,64,0.04366365
28,64,1,128,2,15,225,128,64,0.04401135
28,64,1,192,2,15,225,192,64,0.0441849
28,64,1,256,2,15,225,256,64,0.04288305
28,64,3,32,2,14,196,32,576,0.06753585
28,64,3,64,2,14,196,64,576,0.0677961
28,64,3,92,2,14,196,92,576,0.10156395
28,64,3,128,2,14,196,128,576,0.06979305
28,64,3,192,2,14,196,192,576,0.0674493
28,64,3,256,2,14,196,256,576,0.06744915
28,64,5,32,2,13,169,32,1600,0.063543
28,64,5,64,2,13,169,64,1600,0.06284835
28,64,5,92,2,13,169,92,1600,0.0991335
28,64,5,128,2,13,169,128,1600,0.06432435
28,64,5,192,2,13,169,192,1600,0.06614685
28,64,5,256,2,13,169,256,1600,0.062067
28,64,7,32,2,12,144,32,3136,0.07352565
28,64,7,64,2,12,144,64,3136,0.0684909
28,64,7,92,2,12,144,92,3136,0.10434195
28,64,7,128,2,12,144,128,3136,0.07014
28,64,7,192,2,12,144,192,3136,0.07708485
28,64,7,256,2,12,144,256,3136,0.07005345
28,64,11,32,2,10,100,32,7744,0.0706608
28,64,11,64,2,10,100,64,7744,0.0778656
28,64,11,92,2,10,100,92,7744,0.102693
28,64,11,128,2,10,100,128,7744,0.07317855
28,64,11,192,2,10,100,192,7744,0.0691854
28,64,11,256,2,10,100,256,7744,0.06727545
28,92,1,32,2,15,225,32,92,0.0435771
28,92,1,64,2,15,225,64,92,0.04366365
28,92,1,92,2,15,225,92,92,0.0407991
28,92,1,128,2,15,225,128,92,0.04635495
28,92,1,192,2,15,225,192,92,0.04349055
28,92,1,256,2,15,225,256,92,0.0462681
28,92,3,32,2,14,196,32,828,0.08168565
28,92,3,64,2,14,196,64,828,0.08654685
28,92,3,92,2,14,196,92,828,0.10251915
28,92,3,128,2,14,196,128,828,0.0682302
28,92,3,192,2,14,196,192,828,0.06996645
28,92,3,256,2,14,196,256,828,0.0732651
28,92,5,32,2,13,169,32,2300,0.0637161
28,92,5,64,2,13,169,64,2300,0.064758
28,92,5,92,2,13,169,92,2300,0.10303995
28,92,5,128,2,13,169,128,2300,0.0624141
28,92,5,192,2,13,169,192,2300,0.0642375
28,92,5,256,2,13,169,256,2300,0.0674493
28,92,7,32,2,12,144,32,4508,0.07066065
28,92,7,64,2,12,144,64,4508,0.0688377
28,92,7,92,2,12,144,92,4508,0.1048629
28,92,7,128,2,12,144,128,4508,0.07031385
28,92,7,192,2,12,144,192,4508,0.06935895
28,92,7,256,2,12,144,256,4508,0.08923785
28,92,11,32,2,10,100,32,11132,0.09939405
28,92,11,64,2,10,100,64,11132,0.0699663
28,92,11,92,2,10,100,92,11132,0.1131963
28,92,11,128,2,10,100,128,11132,0.0809907
28,92,11,192,2,10,100,192,11132,0.06849105
28,92,11,256,2,10,100,256,11132,0.0840294
28,128,1,32,2,15,225,32,128,0.0427092
28,128,1,64,2,15,225,64,128,0.05277885
28,128,1,92,2,15,225,92,128,0.0437505
28,128,1,128,2,15,225,128,128,0.0421884
28,128,1,192,2,15,225,192,128,0.04505295
28,128,1,256,2,15,225,256,128,0.0463551
28,128,3,32,2,14,196,32,1152,0.0748275
28,128,3,64,2,14,196,64,1152,0.0706608
28,128,3,92,2,14,196,92,1152,0.10052295
28,128,3,128,2,14,196,128,1152,0.06866415
28,128,3,192,2,14,196,192,1152,0.0710949
28,128,3,256,2,14,196,256,1152,0.0726576
28,128,5,32,2,13,169,32,3200,0.06415035
28,128,5,64,2,13,169,64,3200,0.06415035
28,128,5,92,2,13,169,92,3200,0.106773
28,128,5,128,2,13,169,128,3200,0.06310905
28,128,5,192,2,13,169,192,3200,0.0681435
28,128,5,256,2,13,169,256,3200,0.0636294
28,128,7,32,2,12,144,32,6272,0.07040055
28,128,7,64,2,12,144,64,6272,0.06805665
28,128,7,92,2,12,144,92,6272,0.1163217
28,128,7,128,2,12,144,128,6272,0.07231005
28,128,7,192,2,12,144,192,6272,0.0726573
28,128,7,256,2,12,144,256,6272,0.0699663
28,128,11,32,2,10,100,32,15488,0.0793422
28,128,11,64,2,10,100,64,15488,0.07439355
28,128,11,92,2,10,100,92,15488,0.1034742
28,128,11,128,2,10,100,128,15488,0.0695325
28,128,11,192,2,10,100,192,15488,0.0742197
28,128,11,256,2,10,100,256,15488,0.0774318
28,192,1,32,2,15,225,32,192,0.0455739
28,192,1,64,2,15,225,64,192,0.0432297
28,192,1,92,2,15,225,92,192,0.04444515
28,192,1,128,2,15,225,128,192,0.0466152
28,192,1,192,2,15,225,192,192,0.04366365
28,192,1,256,2,15,225,256,192,0.047397
28,192,3,32,2,14,196,32,1728,0.06883785
28,192,3,64,2,14,196,64,1728,0.068925
28,192,3,92,2,14,196,92,1728,0.1030398
28,192,3,128,2,14,196,128,1728,0.0746541
28,192,3,192,2,14,196,192,1728,0.06953265
28,192,3,256,2,14,196,256,1728,0.0738729
28,192,5,32,2,13,169,32,4800,0.06788295
28,192,5,64,2,13,169,64,4800,0.0696192
28,192,5,92,2,13,169,92,4800,0.1021716
28,192,5,128,2,13,169,128,4800,0.0667545
28,192,5,192,2,13,169,192,4800,0.063543
28,192,5,256,2,13,169,256,4800,0.0646713
28,192,7,32,2,12,144,32,9408,0.0788205
28,192,7,64,2,12,144,64,9408,0.07022685
28,192,7,92,2,12,144,92,9408,0.1056441
28,192,7,128,2,12,144,128,9408,0.0690114
28,192,7,192,2,12,144,192,9408,0.074394
28,192,7,256,2,12,144,256,9408,0.07248405
28,192,11,32,2,10,100,32,23232,0.07066095
28,192,11,64,2,10,100,64,23232,0.08645985
28,192,11,92,2,10,100,92,23232,0.12604395
28,192,11,128,2,10,100,128,23232,0.0798627
28,192,11,192,2,10,100,192,23232,0.0708342
28,192,11,256,2,10,100,256,23232,0.0731781
28,256,1,32,2,15,225,32,256,0.04791735
28,256,1,64,2,15,225,64,256,0.04566045
28,256,1,92,2,15,225,92,256,0.0426219
28,256,1,128,2,15,225,128,256,0.04678935
28,256,1,192,2,15,225,192,256,0.0429699
28,256,1,256,2,15,225,256,256,0.0440112
28,256,3,32,2,14,196,32,2304,0.06814335
28,256,3,64,2,14,196,64,2304,0.074307
28,256,3,92,2,14,196,92,2304,0.10043565
28,256,3,128,2,14,196,128,2304,0.06710205
28,256,3,192,2,14,196,192,2304,0.0669279
28,256,3,256,2,14,196,256,2304,0.0732654
28,256,5,32,2,13,169,32,6400,0.0626745
28,256,5,64,2,13,169,64,6400,0.0664077
28,256,5,92,2,13,169,92,6400,0.11727645
28,256,5,128,2,13,169,128,6400,0.0651054
28,256,5,192,2,13,169,192,6400,0.06519195
28,256,5,256,2,13,169,256,6400,0.06545235
28,256,7,32,2,12,144,32,12544,0.08428965
28,256,7,64,2,12,144,64,12544,0.0724839
28,256,7,92,2,12,144,92,12544,0.1354191
28,256,7,128,2,12,144,128,12544,0.0712686
28,256,7,192,2,12,144,192,12544,0.0664944
28,256,7,256,2,12,144,256,12544,0.1950555
28,256,11,32,2,10,100,32,30976,0.07118205
28,256,11,64,2,10,100,64,30976,0.0694455
28,256,11,92,2,10,100,92,30976,0.11623485
28,256,11,128,2,10,100,128,30976,0.085158
28,256,11,192,2,10,100,192,30976,0.07178985
28,256,11,256,2,10,100,256,30976,0.38577
56,32,1,32,2,29,841,32,32,0.0629352
56,32,1,64,2,29,841,64,32,0.06189345
56,32,1,92,2,29,841,92,32,0.10156395
56,32,1,128,2,29,841,128,32,0.0638031
56,32,1,192,2,29,841,192,32,0.06388995
56,32,1,256,2,29,841,256,32,0.0662334
56,32,3,32,2,28,784,32,288,0.067449
56,32,3,64,2,28,784,64,288,0.06883785
56,32,3,92,2,28,784,92,288,0.1010433
56,32,3,128,2,28,784,128,288,0.0839424
56,32,3,192,2,28,784,192,288,0.06892485
56,32,3,256,2,28,784,256,288,0.06805695
56,32,5,32,2,27,729,32,800,0.0680568
56,32,5,64,2,27,729,64,800,0.06849105
56,32,5,92,2,27,729,92,800,0.10460235
56,32,5,128,2,27,729,128,800,0.07066155
56,32,5,192,2,27,729,192,800,0.068925
56,32,5,256,2,27,729,256,800,0.0708345
56,32,7,32,2,26,676,32,1568,0.07161555
56,32,7,64,2,26,676,64,1568,0.0680568
56,32,7,92,2,26,676,92,1568,0.1050369
56,32,7,128,2,26,676,128,1568,0.0702267
56,32,7,192,2,26,676,192,1568,0.06875115
56,32,7,256,2,26,676,256,1568,0.0837687
56,32,11,32,2,24,576,32,3872,0.0777792
56,32,11,64,2,24,576,64,3872,0.07908135
56,32,11,92,2,24,576,92,3872,0.099828
56,32,11,128,2,24,576,128,3872,0.06961905
56,32,11,192,2,24,576,192,3872,0.07352565
56,32,11,256,2,24,576,256,3872,0.07057395
56,64,1,32,2,29,841,32,64,0.0624144
56,64,1,64,2,29,841,64,64,0.06484485
56,64,1,92,2,29,841,92,64,0.1006095
56,64,1,128,2,29,841,128,64,0.06640755
56,64,1,192,2,29,841,192,64,0.06640365
56,64,1,256,2,29,841,256,64,0.0646677
56,64,3,32,2,28,784,32,576,0.06640365
56,64,3,64,2,28,784,64,576,0.0688344
56,64,3,92,2,28,784,92,576,0.09912855
56,64,3,128,2,28,784,128,576,0.06796635
56,64,3,192,2,28,784,192,576,0.07030995
56,64,3,256,2,28,784,256,576,0.06857415
56,64,5,32,2,27,729,32,1600,0.0756051
56,64,5,64,2,27,729,64,1600,0.0722196
56,64,5,92,2,27,729,92,1600,0.1011249
56,64,5,128,2,27,729,128,1600,0.06970245
56,64,5,192,2,27,729,192,1600,0.0782958
56,64,5,256,2,27,729,256,1600,0.06935505
56,64,7,32,2,26,676,32,3136,0.0696156
56,64,7,64,2,26,676,64,3136,0.0720462
56,64,7,92,2,26,676,92,3136,0.10468395
56,64,7,128,2,26,676,128,3136,0.06944235
56,64,7,192,2,26,676,192,3136,0.08107395
56,64,7,256,2,26,676,256,3136,0.0701367
56,64,11,32,2,24,576,32,7744,0.0741294
56,64,11,64,2,24,576,64,7744,0.10451055
56,64,11,92,2,24,576,92,7744,0.1028613
56,64,11,128,2,24,576,128,7744,0.07621305
56,64,11,192,2,24,576,192,7744,0.06310545
56,64,11,256,2,24,576,256,7744,0.0766467
56,92,1,32,2,29,841,32,92,0.05989395
56,92,1,64,2,29,841,64,92,0.06301905
56,92,1,92,2,29,841,92,92,0.09991035
56,92,1,128,2,29,841,128,92,0.06397395
56,92,1,192,2,29,841,192,92,0.06614385
56,92,1,256,2,29,841,256,92,0.0656232
56,92,3,32,2,28,784,32,828,0.06857445
56,92,3,64,2,28,784,64,828,0.06918195
56,92,3,92,2,28,784,92,828,0.112497
56,92,3,128,2,28,784,128,828,0.06926865
56,92,3,192,2,28,784,192,828,0.06588345
56,92,3,256,2,28,784,256,828,0.06970305
56,92,5,32,2,27,729,32,2300,0.0769947
56,92,5,64,2,27,729,64,2300,0.0704844
56,92,5,92,2,27,729,92,2300,0.1053789
56,92,5,128,2,27,729,128,2300,0.07126545
56,92,5,192,2,27,729,192,2300,0.07300155
56,92,5,256,2,27,729,256,2300,0.06961605
56,92,7,32,2,26,676,32,4508,0.0707445
56,92,7,64,2,26,676,64,4508,0.0711786
56,92,7,92,2,26,676,92,4508,0.11596935
56,92,7,128,2,26,676,128,4508,0.079425
56,92,7,192,2,26,676,192,4508,0.0819429
56,92,7,256,2,26,676,256,4508,0.07873065
56,92,11,32,2,24,576,32,11132,0.08159565
56,92,11,64,2,24,576,64,11132,0.0759534
56,92,11,92,2,24,576,92,11132,0.1130184
56,92,11,128,2,24,576,128,11132,0.0654501
56,92,11,192,2,24,576,192,11132,0.0630192
56,92,11,256,2,24,576,256,11132,0.1036437
56,128,1,32,2,29,841,32,128,0.0622383
56,128,1,64,2,29,841,64,128,0.0626724
56,128,1,92,2,29,841,92,128,0.10025865
56,128,1,128,2,29,841,128,128,0.0636273
56,128,1,192,2,29,841,192,128,0.0661443
56,128,1,256,2,29,841,256,128,0.06449505
56,128,3,32,2,28,784,32,1152,0.07161315
56,128,3,64,2,28,784,64,1152,0.06762
56,128,3,92,2,28,784,92,1152,0.09930345
56,128,3,128,2,28,784,128,1152,0.07065885
56,128,3,192,2,28,784,192,1152,0.0686616
56,128,3,256,2,28,784,256,1152,0.069009
56,128,5,32,2,27,729,32,3200,0.0686619
56,128,5,64,2,27,729,64,3200,0.06831435
56,128,5,92,2,27,729,92,3200,0.10069245
56,128,5,128,2,27,729,128,3200,0.0836787
56,128,5,192,2,27,729,192,3200,0.0723948
56,128,5,256,2,27,729,256,3200,0.06987705
56,128,7,32,2,26,676,32,6272,0.0698772
56,128,7,64,2,26,676,64,6272,0.07387005
56,128,7,92,2,26,676,92,6272,0.102342
56,128,7,128,2,26,676,128,6272,0.0831585
56,128,7,192,2,26,676,192,6272,0.06388815
56,128,7,256,2,26,676,256,6272,0.06423555
56,128,11,32,2,24,576,32,15488,0.0842001
56,128,11,64,2,24,576,64,15488,0.09756795
56,128,11,92,2,24,576,92,15488,0.11727285
56,128,11,128,2,24,576,128,15488,0.0644958
56,128,11,192,2,24,576,192,15488,0.0772557
56,128,11,256,2,24,576,256,15488,0.0820302
56,192,1,32,2,29,841,32,192,0.06466935
56,192,1,64,2,29,841,64,192,0.0644088
56,192,1,92,2,29,841,92,192,0.1038183
56,192,1,128,2,29,841,128,192,0.06362805
56,192,1,192,2,29,841,192,192,0.067881
56,192,1,256,2,29,841,256,192,0.066579
56,192,3,32,2,28,784,32,1728,0.069357
56,192,3,64,2,28,784,64,1728,0.07925265
56,192,3,92,2,28,784,92,1728,0.10242915
56,192,3,128,2,28,784,128,1728,0.0716139
56,192,3,192,2,28,784,192,1728,0.0716139
56,192,3,256,2,28,784,256,1728,0.0723081
56,192,5,32,2,27,729,32,4800,0.0707457
56,192,5,64,2,27,729,64,4800,0.06683955
56,192,5,92,2,27,729,92,4800,0.1068567
56,192,5,128,2,27,729,128,4800,0.0700518
56,192,5,192,2,27,729,192,4800,0.07847145
56,192,5,256,2,27,729,256,4800,0.0631071
56,192,7,32,2,26,676,32,9408,0.0721347
56,192,7,64,2,26,676,64,9408,0.0743052
56,192,7,92,2,26,676,92,9408,0.10433955
56,192,7,128,2,26,676,128,9408,0.06822885
56,192,7,192,2,26,676,192,9408,0.0639753
56,192,7,256,2,26,676,256,9408,0.0828984
56,192,11,32,2,24,576,32,23232,0.0832458
56,192,11,64,2,24,576,64,23232,0.07230855
56,192,11,92,2,24,576,92,23232,0.10572855
56,192,11,128,2,24,576,128,23232,0.10216935
56,192,11,192,2,24,576,192,23232,0.1076382
56,192,11,256,2,24,576,256,23232,0.13558965
56,256,1,32,2,29,841,32,256,0.0662325
56,256,1,64,2,29,841,64,256,0.0646698
56,256,1,92,2,29,841,92,256,0.1025169
56,256,1,128,2,29,841,128,256,0.0670137
56,256,1,192,2,29,841,192,256,0.06562455
56,256,1,256,2,29,841,256,256,0.06545115
56,256,3,32,2,28,784,32,2304,0.07118055
56,256,3,64,2,28,784,64,2304,0.07170135
56,256,3,92,2,28,784,92,2304,0.1026906
56,256,3,128,2,28,784,128,2304,0.0692706
56,256,3,192,2,28,784,192,2304,0.0927945
56,256,3,256,2,28,784,256,2304,0.0727428
56,256,5,32,2,27,729,32,6400,0.07769055
56,256,5,64,2,27,729,64,6400,0.069618
56,256,5,92,2,27,729,92,6400,0.1190103
56,256,5,128,2,27,729,128,6400,0.192447
56,256,5,192,2,27,729,192,6400,0.07482615
56,256,5,256,2,27,729,256,6400,0.06076365
56,256,7,32,2,26,676,32,12544,0.07282965
56,256,7,64,2,26,676,64,12544,0.07499955
56,256,7,92,2,26,676,92,12544,0.1615455
56,256,7,128,2,26,676,128,12544,0.10642335
56,256,7,192,2,26,676,192,12544,0.1222221
56,256,7,256,2,26,676,256,12544,0.0686634
56,256,11,32,2,24,576,32,30976,0.0742188
56,256,11,64,2,24,576,64,30976,0.0757812
56,256,11,92,2,24,576,92,30976,0.1059894
56,256,11,128,2,24,576,128,30976,0.1096353
56,256,11,192,2,24,576,192,30976,0.2296875
56,256,11,256,2,24,576,256,30976,0.2778645
112,32,1,32,2,57,3249,32,32,0.046875
112,32,1,64,2,57,3249,64,32,0.0446181
112,32,1,92,2,57,3249,92,32,0.0658854
112,32,1,128,2,57,3249,128,32,0.04513935
112,32,1,192,2,57,3249,192,32,0.0442707
112,32,1,256,2,57,3249,256,32,0.04418415
112,32,3,32,2,56,3136,32,288,0.06614595
112,32,3,64,2,56,3136,64,288,0.0707466
112,32,3,92,2,56,3136,92,288,0.1008684
112,32,3,128,2,56,3136,128,288,0.0730905
112,32,3,192,2,56,3136,192,288,0.07152855
112,32,3,256,2,56,3136,256,288,0.0709203
112,32,5,32,2,55,3025,32,800,0.0821184
112,32,5,64,2,55,3025,64,800,0.0797745
112,32,5,92,2,55,3025,92,800,0.1022574
112,32,5,128,2,55,3025,128,800,0.06718755
112,32,5,192,2,55,3025,192,800,0.0721356
112,32,5,256,2,55,3025,256,800,0.0880215
112,32,7,32,2,54,2916,32,1568,0.06953145
112,32,7,64,2,54,2916,64,1568,0.07517385
112,32,7,92,2,54,2916,92,1568,0.10408035
112,32,7,128,2,54,2916,128,1568,0.0713544
112,32,7,192,2,54,2916,192,1568,0.0916668
112,32,7,256,2,54,2916,256,1568,0.07309035
112,32,11,32,2,52,2704,32,3872,0.08385435
112,32,11,64,2,52,2704,64,3872,0.0781251
112,32,11,92,2,52,2704,92,3872,0.1076394
112,32,11,128,2,52,2704,128,3872,0.0749133
112,32,11,192,2,52,2704,192,3872,0.0624135
112,32,11,256,2,52,2704,256,3872,0.12482715
112,64,1,32,2,57,3249,32,64,0.0440109
112,64,1,64,2,57,3249,64,64,0.04600695
112,64,1,92,2,57,3249,92,64,0.06276045
112,64,1,128,2,57,3249,128,64,0.0452256
112,64,1,192,2,57,3249,192,64,0.04427085
112,64,1,256,2,57,3249,256,64,0.04600755
112,64,3,32,2,56,3136,32,576,0.0728298
112,64,3,64,2,56,3136,64,576,0.06736095
112,64,3,92,2,56,3136,92,576,0.1056426
112,64,3,128,2,56,3136,128,576,0.0669273
112,64,3,192,2,56,3136,192,576,0.08489655
112,64,3,256,2,56,3136,256,576,0.0701394
112,64,5,32,2,55,3025,32,1600,0.07022595
112,64,5,64,2,55,3025,64,1600,0.07500015
112,64,5,92,2,55,3025,92,1600,0.11085135
112,64,5,128,2,55,3025,128,1600,0.0802953
112,64,5,192,2,55,3025,192,1600,0.0761289
112,64,5,256,2,55,3025,256,1600,0.09192735
112,64,7,32,2,54,2916,32,3136,0.0808164
112,64,7,64,2,54,2916,64,3136,0.0969624
112,64,7,92,2,54,2916,92,3136,0.10616385
112,64,7,128,2,54,2916,128,3136,0.071181
112,64,7,192,2,54,2916,192,3136,0.06901065
112,64,7,256,2,54,2916,256,3136,0.0802086
112,64,11,32,2,52,2704,32,7744,0.07795185
112,64,11,64,2,52,2704,64,7744,0.07291695
112,64,11,92,2,52,2704,92,7744,0.1736985
112,64,11,128,2,52,2704,128,7744,0.0835944
112,64,11,192,2,52,2704,192,7744,0.10729215
112,64,11,256,2,52,2704,256,7744,0.1192716
112,92,1,32,2,57,3249,32,92,0.0461811
112,92,1,64,2,57,3249,64,92,0.0447921
112,92,1,92,2,57,3249,92,92,0.0645837
112,92,1,128,2,57,3249,128,92,0.0486114
112,92,1,192,2,57,3249,192,92,0.042882
112,92,1,256,2,57,3249,256,92,0.04566015
112,92,3,32,2,56,3136,32,828,0.07126755
112,92,3,64,2,56,3136,64,828,0.0720492
112,92,3,92,2,56,3136,92,828,0.1093758
112,92,3,128,2,56,3136,128,828,0.06883785
112,92,3,192,2,56,3136,192,828,0.082032
112,92,3,256,2,56,3136,256,828,0.068403
112,92,5,32,2,55,3025,32,2300,0.07213605
112,92,5,64,2,55,3025,64,2300,0.0720492
112,92,5,92,2,55,3025,92,2300,0.1215285
112,92,5,128,2,55,3025,128,2300,0.072657
112,92,5,192,2,55,3025,192,2300,0.06545205
112,92,5,256,2,55,3025,256,2300,0.0723966
112,92,7,32,2,54,2916,32,4508,0.07230945
112,92,7,64,2,54,2916,64,4508,0.0768231
112,92,7,92,2,54,2916,92,4508,0.1047753
112,92,7,128,2,54,2916,128,4508,0.0782127
112,92,7,192,2,54,2916,192,4508,0.0851571
112,92,7,256,2,54,2916,256,4508,0.14262285
112,92,11,32,2,52,2704,32,11132,0.0769104
112,92,11,64,2,52,2704,64,11132,0.0836811
112,92,11,92,2,52,2704,92,11132,0.1605915
112,92,11,128,2,52,2704,128,11132,0.0971364
112,92,11,192,2,52,2704,192,11132,0.10520895
112,92,11,256,2,52,2704,256,11132,0.10165035
112,128,1,32,2,57,3249,32,128,0.0460944
112,128,1,64,2,57,3249,64,128,0.04670205
112,128,1,92,2,57,3249,92,128,0.06380265
112,128,1,128,2,57,3249,128,128,0.04652835
112,128,1,192,2,57,3249,192,128,0.045747
112,128,1,256,2,57,3249,256,128,0.047049
112,128,3,32,2,56,3136,32,1152,0.06953235
112,128,3,64,2,56,3136,64,1152,0.07213635
112,128,3,92,2,56,3136,92,1152,0.1019973
112,128,3,128,2,56,3136,128,1152,0.06927135
112,128,3,192,2,56,3136,192,1152,0.07665
112,128,3,256,2,56,3136,256,1152,0.07552155
112,128,5,32,2,55,3025,32,3200,0.06944535
112,128,5,64,2,55,3025,64,3200,0.09574755
112,128,5,92,2,55,3025,92,3200,0.11041785
112,128,5,128,2,55,3025,128,3200,0.063195
112,128,5,192,2,55,3025,192,3200,0.06779535
112,128,5,256,2,55,3025,256,3200,0.0875877
112,128,7,32,2,54,2916,32,6272,0.08915055
112,128,7,64,2,54,2916,64,6272,0.0979179
112,128,7,92,2,54,2916,92,6272,0.157206
112,128,7,128,2,54,2916,128,6272,0.08602515
112,128,7,192,2,54,2916,192,6272,0.09001845
112,128,7,256,2,54,2916,256,6272,0.11701515
112,128,11,32,2,52,2704,32,15488,0.06875055
112,128,11,64,2,52,2704,64,15488,0.0819453
112,128,11,92,2,52,2704,92,15488,0.185247
112,128,11,128,2,52,2704,128,15488,0.10121745
112,128,11,192,2,52,2704,192,15488,0.10017495
112,128,11,256,2,52,2704,256,15488,0.0908871
112,192,1,32,2,57,3249,32,192,0.0443583
112,192,1,64,2,57,3249,64,192,0.0434901
112,192,1,92,2,57,3249,92,192,0.06415065
112,192,1,128,2,57,3249,128,192,0.0476574
112,192,1,192,2,57,3249,192,192,0.04487895
112,192,1,256,2,57,3249,256,192,0.0491328
112,192,3,32,2,56,3136,32,1728,0.07482795
112,192,3,64,2,56,3136,64,1728,0.07621635
112,192,3,92,2,56,3136,92,1728,0.10303995
112,192,3,128,2,56,3136,128,1728,0.12274515
112,192,3,192,2,56,3136,192,1728,0.07413345
112,192,3,256,2,56,3136,256,1728,0.27405
112,192,5,32,2,55,3025,32,4800,0.0892377
112,192,5,64,2,55,3025,64,4800,0.0686646
112,192,5,92,2,55,3025,92,4800,0.1234395
112,192,5,128,2,55,3025,128,4800,0.0932307
112,192,5,192,2,55,3025,192,4800,0.11727645
112,192,5,256,2,55,3025,256,4800,0.1095504
112,192,7,32,2,54,2916,32,9408,0.07204965
112,192,7,64,2,54,2916,64,9408,0.0981786
112,192,7,92,2,54,2916,92,9408,0.1189254
112,192,7,128,2,54,2916,128,9408,0.1179705
112,192,7,192,2,54,2916,192,9408,0.0968763
112,192,7,256,2,54,2916,256,9408,0.155211
112,192,11,32,2,52,2704,32,23232,0.0908001
112,192,11,64,2,52,2704,64,23232,0.1486998
112,192,11,92,2,52,2704,92,23232,0.176652
112,192,11,128,2,52,2704,128,23232,0.0934908
112,192,11,192,2,52,2704,192,23232,0.1014771
112,192,11,256,2,52,2704,256,23232,0.301479
112,256,1,32,2,57,3249,32,256,0.0448788
112,256,1,64,2,57,3249,64,256,0.04635465
112,256,1,92,2,57,3249,92,256,0.0649317
112,256,1,128,2,57,3249,128,256,0.0464418
112,256,1,192,2,57,3249,192,256,0.0499137
112,256,1,256,2,57,3249,256,256,0.05408055
112,256,3,32,2,56,3136,32,2304,0.0866334
112,256,3,64,2,56,3136,64,2304,0.094446
112,256,3,92,2,56,3136,92,2304,0.10581735
112,256,3,128,2,56,3136,128,2304,0.0985254
112,256,3,192,2,56,3136,192,2304,0.06519195
112,256,3,256,2,56,3136,256,2304,0.07352535
112,256,5,32,2,55,3025,32,6400,0.07317795
112,256,5,64,2,55,3025,64,6400,0.2636325
112,256,5,92,2,55,3025,92,6400,0.1033869
112,256,5,128,2,55,3025,128,6400,0.08663265
112,256,5,192,2,55,3025,192,6400,0.10764015
112,256,5,256,2,55,3025,256,6400,0.1087686
112,256,7,32,2,54,2916,32,12544,0.07743135
112,256,7,64,2,54,2916,64,12544,0.0804699
112,256,7,92,2,54,2916,92,12544,0.1552095
112,256,7,128,2,54,2916,128,12544,0.273528
112,256,7,192,2,54,2916,192,12544,0.1026927
112,256,7,256,2,54,2916,256,12544,0.171009
112,256,11,32,2,52,2704,32,30976,0.1087698
112,256,11,64,2,52,2704,64,30976,0.2802135
112,256,11,92,2,52,2704,92,30976,0.177174
112,256,11,128,2,52,2704,128,30976,0.166062
112,256,11,192,2,52,2704,192,30976,0.09557415
112,256,11,256,2,52,2704,256,30976,0.3648495
224,32,1,32,2,113,12769,32,32,0.0470496
224,32,1,64,2,113,12769,64,32,0.04531335
224,32,1,92,2,113,12769,92,32,0.0707478
224,32,1,128,2,113,12769,128,32,0.04869855
224,32,1,192,2,113,12769,192,32,0.0464418
224,32,1,256,2,113,12769,256,32,0.04730955
224,32,3,32,2,112,12544,32,288,0.0681435
224,32,3,64,2,112,12544,64,288,0.0713553
224,32,3,92,2,112,12544,92,288,0.1114596
224,32,3,128,2,112,12544,128,288,0.08272695
224,32,3,192,2,112,12544,192,288,0.07604265
224,32,3,256,2,112,12544,256,288,0.0705741
224,32,5,32,2,111,12321,32,800,0.0698793
224,32,5,64,2,111,12321,64,800,0.0831606
224,32,5,92,2,111,12321,92,800,0.1026057
224,32,5,128,2,111,12321,128,800,0.07083465
224,32,5,192,2,111,12321,192,800,0.0688377
224,32,5,256,2,111,12321,256,800,0.07769205
224,32,7,32,2,110,12100,32,1568,0.07300455
224,32,7,64,2,110,12100,64,1568,0.08411595
224,32,7,92,2,110,12100,92,1568,0.11180745
224,32,7,128,2,110,12100,128,1568,0.07361235
224,32,7,192,2,110,12100,192,1568,0.1039077
224,32,7,256,2,110,12100,256,1568,0.1193592
224,32,11,32,2,108,11664,32,3872,0.07552215
224,32,11,64,2,108,11664,64,3872,0.0729177
224,32,11,92,2,108,11664,92,3872,0.10894245
224,32,11,128,2,108,11664,128,3872,0.1557315
224,32,11,192,2,108,11664,192,3872,0.179517
224,32,11,256,2,108,11664,256,3872,0.1338561
224,64,1,32,2,113,12769,32,64,0.0460947
224,64,1,64,2,113,12769,64,64,0.04349055
224,64,1,92,2,113,12769,92,64,0.0672753
224,64,1,128,2,113,12769,128,64,0.04427145
224,64,1,192,2,113,12769,192,64,0.0460944
224,64,1,256,2,113,12769,256,64,0.04739685
224,64,3,32,2,112,12544,32,576,0.0722235
224,64,3,64,2,112,12544,64,576,0.07378545
224,64,3,92,2,112,12544,92,576,0.1027791
224,64,3,128,2,112,12544,128,576,0.07352535
224,64,3,192,2,112,12544,192,576,0.0705738
224,64,3,256,2,112,12544,256,576,0.06875115
224,64,5,32,2,111,12321,32,1600,0.08776185
224,64,5,64,2,111,12321,64,1600,0.0767373
224,64,5,92,2,111,12321,92,1600,0.1320327
224,64,5,128,2,111,12321,128,1600,0.07257045
224,64,5,192,2,111,12321,192,1600,0.08637255
224,64,5,256,2,111,12321,256,1600,0.15495
224,64,7,32,2,110,12100,32,3136,0.11163345
224,64,7,64,2,110,12100,64,3136,0.121095
224,64,7,92,2,110,12100,92,3136,0.10859535
224,64,7,128,2,110,12100,128,3136,0.2895015
224,64,7,192,2,110,12100,192,3136,0.09453285
224,64,7,256,2,110,12100,256,3136,0.1037343
224,64,11,32,2,108,11664,32,7744,0.0818586
224,64,11,64,2,108,11664,64,7744,0.0875877
224,64,11,92,2,108,11664,92,7744,0.12734565
224,64,11,128,2,108,11664,128,7744,0.1990455
224,64,11,192,2,108,11664,192,7744,0.154428
224,64,11,256,2,108,11664,256,7744,0.13585185
224,92,1,32,2,113,12769,32,92,0.0448788
224,92,1,64,2,113,12769,64,92,0.0507813
224,92,1,92,2,113,12769,92,92,0.0703131
224,92,1,128,2,113,12769,128,92,0.0467013
224,92,1,192,2,113,12769,192,92,0.04791705
224,92,1,256,2,113,12769,256,92,0.04722285
224,92,3,32,2,112,12544,32,828,0.0861117
224,92,3,64,2,112,12544,64,828,0.08776095
224,92,3,92,2,112,12544,92,828,0.1042542
224,92,3,128,2,112,12544,128,828,0.09401115
224,92,3,192,2,112,12544,192,828,0.07361145
224,92,3,256,2,112,12544,256,828,0.0777783
224,92,5,32,2,111,12321,32,2300,0.08862885
224,92,5,64,2,111,12321,64,2300,0.0799485
224,92,5,92,2,111,12321,92,2300,0.1186644
224,92,5,128,2,111,12321,128,2300,0.1258689
224,92,5,192,2,111,12321,192,2300,0.0936639
224,92,5,256,2,111,12321,256,2300,0.2103315
224,92,7,32,2,110,12100,32,4508,0.12621645
224,92,7,64,2,110,12100,64,4508,0.07812585
224,92,7,92,2,110,12100,92,4508,0.1209213
224,92,7,128,2,110,12100,128,4508,0.2895855
224,92,7,192,2,110,12100,192,4508,0.10434135
224,92,7,256,2,110,12100,256,4508,0.1288206
224,92,11,32,2,108,11664,32,11132,0.160071
224,92,11,64,2,108,11664,64,11132,0.1151055
224,92,11,92,2,108,11664,92,11132,0.1409742
224,92,11,128,2,108,11664,128,11132,0.186027
224,92,11,192,2,108,11664,192,11132,0.308424
224,92,11,256,2,108,11664,256,11132,0.284292
224,128,1,32,2,113,12769,32,128,0.0456603
224,128,1,64,2,113,12769,64,128,0.0590283
224,128,1,92,2,113,12769,92,128,0.064671
224,128,1,128,2,113,12769,128,128,0.0534732
224,128,1,192,2,113,12769,192,128,0.0487851
224,128,1,256,2,113,12769,256,128,0.0460941
224,128,3,32,2,112,12544,32,1152,0.07560885
224,128,3,64,2,112,12544,64,1152,0.0896715
224,128,3,92,2,112,12544,92,1152,0.1269978
224,128,3,128,2,112,12544,128,1152,0.07265715
224,128,3,192,2,112,12544,192,1152,0.0894105
224,128,3,256,2,112,12544,256,1152,0.0809904
224,128,5,32,2,111,12321,32,3200,0.0767373
224,128,5,64,2,111,12321,64,3200,0.08889015
224,128,5,92,2,111,12321,92,3200,0.1228308
224,128,5,128,2,111,12321,128,3200,0.305646
224,128,5,192,2,111,12321,192,3200,0.1118937
224,128,5,256,2,111,12321,256,3200,0.152259
224,128,7,32,2,110,12100,32,6272,0.07474065
224,128,7,64,2,110,12100,64,6272,0.0997407
224,128,7,92,2,110,12100,92,6272,0.1214427
224,128,7,128,2,110,12100,128,6272,0.312504
224,128,7,192,2,110,12100,192,6272,0.161112
224,128,7,256,2,110,12100,256,6272,0.1729185
224,128,11,32,2,108,11664,32,15488,0.1809915
224,128,11,64,2,108,11664,64,15488,0.11753595
224,128,11,92,2,108,11664,92,15488,0.13741515
224,128,11,128,2,108,11664,128,15488,0.106425
224,128,11,192,2,108,11664,192,15488,0.13593885
224,128,11,256,2,108,11664,256,15488,0.2427105
224,192,1,32,2,113,12769,32,192,0.04618155
224,192,1,64,2,113,12769,64,192,0.04826445
224,192,1,92,2,113,12769,92,192,0.0661467
224,192,1,128,2,113,12769,128,192,0.04522635
224,192,1,192,2,113,12769,192,192,0.05633745
224,192,1,256,2,113,12769,256,192,0.0480909
224,192,3,32,2,112,12544,32,1728,0.08047005
224,192,3,64,2,112,12544,64,1728,0.0714417
224,192,3,92,2,112,12544,92,1728,0.10529655
224,192,3,128,2,112,12544,128,1728,0.1217031
224,192,3,192,2,112,12544,192,1728,0.07604235
224,192,3,256,2,112,12544,256,1728,0.09010515
224,192,5,32,2,111,12321,32,4800,0.0831603
224,192,5,64,2,111,12321,64,4800,0.09609495
224,192,5,92,2,111,12321,92,4800,0.1227444
224,192,5,128,2,111,12321,128,4800,0.3077295
224,192,5,192,2,111,12321,192,4800,0.345924
224,192,5,256,2,111,12321,256,4800,0.16311
224,192,7,32,2,110,12100,32,9408,0.072657
224,192,7,64,2,110,12100,64,9408,0.10277895
224,192,7,92,2,110,12100,92,9408,0.1500885
224,192,7,128,2,110,12100,128,9408,0.1071192
224,192,7,192,2,110,12100,192,9408,0.11805735
224,192,7,256,2,110,12100,256,9408,0.2483535
224,192,11,32,2,108,11664,32,23232,0.20469
224,192,11,64,2,108,11664,64,23232,0.1893255
224,192,11,92,2,108,11664,92,23232,0.13941165
224,192,11,128,2,108,11664,128,23232,0.2834235
224,192,11,192,2,108,11664,192,23232,0.11354295
224,192,11,256,2,108,11664,256,23232,0.1245675
224,256,1,32,2,113,12769,32,256,0.05329905
224,256,1,64,2,113,12769,64,256,0.0571188
224,256,1,92,2,113,12769,92,256,0.0817719
224,256,1,128,2,113,12769,128,256,0.04470555
224,256,1,192,2,113,12769,192,256,0.04566045
224,256,1,256,2,113,12769,256,256,0.0455733
224,256,3,32,2,112,12544,32,2304,0.08350785
224,256,3,64,2,112,12544,64,2304,0.07560885
224,256,3,92,2,112,12544,92,2304,0.1141509
224,256,3,128,2,112,12544,128,2304,0.08967135
224,256,3,192,2,112,12544,192,2304,0.2568615
224,256,3,256,2,112,12544,256,2304,0.1208349
224,256,5,32,2,111,12321,32,6400,0.114585
224,256,5,64,2,111,12321,64,6400,0.0920148
224,256,5,92,2,111,12321,92,6400,0.11389035
224,256,5,128,2,111,12321,128,6400,0.1705755
224,256,5,192,2,111,12321,192,6400,0.13481085
224,256,5,256,2,111,12321,256,6400,0.1275192
224,256,7,32,2,110,12100,32,12544,0.13211955
224,256,7,64,2,110,12100,64,12544,0.18759
224,256,7,92,2,110,12100,92,12544,0.13645995
224,256,7,128,2,110,12100,128,12544,0.2026935
224,256,7,192,2,110,12100,192,12544,0.2078145
224,256,7,256,2,110,12100,256,12544,0.14913405
224,256,11,32,2,108,11664,32,30976,0.107727
224,256,11,64,2,108,11664,64,30976,0.2861145
224,256,11,92,2,108,11664,92,30976,0.13845645
224,256,11,128,2,108,11664,128,30976,0.12126885
224,256,11,192,2,108,11664,192,30976,0.2055585
224,256,11,256,2,108,11664,256,30976,0.2070345
28,32,1,32,1,28,784,32,32,0.0668415
28,32,1,64,1,28,784,64,32,0.0638031
28,32,1,92,1,28,784,92,32,0.09896055
28,32,1,128,1,28,784,128,32,0.0657999
28,32,1,192,1,28,784,192,32,0.0653658
28,32,1,256,1,28,784,256,32,0.0655395
28,32,3,32,1,26,676,32,288,0.0671889
28,32,3,64,1,26,676,64,288,0.0732651
28,32,3,92,1,26,676,92,288,0.0978315
28,32,3,128,1,26,676,128,288,0.074307
28,32,3,192,1,26,676,192,288,0.06901155
28,32,3,256,1,26,676,256,288,0.07491465
28,32,5,32,1,24,576,32,800,0.04340355
28,32,5,64,1,24,576,64,800,0.04322985
28,32,5,92,1,24,576,92,800,0.06493185
28,32,5,128,1,24,576,128,800,0.04609455
28,32,5,192,1,24,576,192,800,0.04314315
28,32,5,256,1,24,576,256,800,0.0446187
28,32,7,32,1,22,484,32,1568,0.0682302
28,32,7,64,1,22,484,64,1568,0.06979305
28,32,7,92,1,22,484,92,1568,0.1034739
28,32,7,128,1,22,484,128,1568,0.0862863
28,32,7,192,1,22,484,192,1568,0.0744804
28,32,7,256,1,22,484,256,1568,0.0768243
28,32,11,32,1,18,324,32,3872,0.07092135
28,32,11,64,1,18,324,64,3872,0.0771711
28,32,11,92,1,18,324,92,3872,0.1016511
28,32,11,128,1,18,324,128,3872,0.0678834
28,32,11,192,1,18,324,192,3872,0.0701403
28,32,11,256,1,18,324,256,3872,0.0731784
28,64,1,32,1,28,784,32,64,0.0645849
28,64,1,64,1,28,784,64,64,0.06371685
28,64,1,92,1,28,784,92,64,0.09982815
28,64,1,128,1,28,784,128,64,0.0617199
28,64,1,192,1,28,784,192,64,0.06371655
28,64,1,256,1,28,784,256,64,0.0656265
28,64,3,32,1,26,676,32,576,0.07430685
28,64,3,64,1,26,676,64,576,0.0664077
28,64,3,92,1,26,676,92,576,0.1016511
28,64,3,128,1,26,676,128,576,0.291585
28,64,3,192,1,26,676,192,576,0.07508865
28,64,3,256,1,26,676,256,576,0.07074795
28,64,5,32,1,24,576,32,1600,0.0412335
28,64,5,64,1,24,576,64,1600,0.0423618
28,64,5,92,1,24,576,92,1600,0.06475815
28,64,5,128,1,24,576,128,1600,0.0433167
28,64,5,192,1,24,576,192,1600,0.04713645
28,64,5,256,1,24,576,256,1600,0.0453135
28,64,7,32,1,22,484,32,3136,0.0681435
28,64,7,64,1,22,484,64,3136,0.0881958
28,64,7,92,1,22,484,92,3136,0.1022592
28,64,7,128,1,22,484,128,3136,0.0734391
28,64,7,192,1,22,484,192,3136,0.07387305
28,64,7,256,1,22,484,256,3136,0.10495005
28,64,11,32,1,18,324,32,7744,0.0708345
28,64,11,64,1,18,324,64,7744,0.0756957
28,64,11,92,1,18,324,92,7744,0.11840505
28,64,11,128,1,18,324,128,7744,0.075609
28,64,11,192,1,18,324,192,7744,0.07404645
28,64,11,256,1,18,324,256,7744,0.08368155
28,92,1,32,1,28,784,32,92,0.06354285
28,92,1,64,1,28,784,64,92,0.06692865
28,92,1,92,1,28,784,92,92,0.1020849
28,92,1,128,1,28,784,128,92,0.070227
28,92,1,192,1,28,784,192,92,0.0651924
28,92,1,256,1,28,784,256,92,0.06632055
28,92,3,32,1,26,676,32,828,0.0680565
28,92,3,64,1,26,676,64,828,0.0704001
28,92,3,92,1,26,676,92,828,0.1047762
28,92,3,128,1,26,676,128,828,0.07014
28,92,3,192,1,26,676,192,828,0.0704007
28,92,3,256,1,26,676,256,828,0.07204995
28,92,5,32,1,24,576,32,2300,0.04323015
28,92,5,64,1,24,576,64,2300,0.0429696
28,92,5,92,1,24,576,92,2300,0.1223982
28,92,5,128,1,24,576,128,2300,0.04392435
28,92,5,192,1,24,576,192,2300,0.0454002
28,92,5,256,1,24,576,256,2300,0.0454872
28,92,7,32,1,22,484,32,4508,0.0686643
28,92,7,64,1,22,484,64,4508,0.0727443
28,92,7,92,1,22,484,92,4508,0.1087695
28,92,7,128,1,22,484,128,4508,0.0816858
28,92,7,192,1,22,484,192,4508,0.07448055
28,92,7,256,1,22,484,256,4508,0.0866334
28,92,11,32,1,18,324,32,11132,0.0726582
28,92,11,64,1,18,324,64,11132,0.07795305
28,92,11,92,1,18,324,92,11132,0.1217904
28,92,11,128,1,18,324,128,11132,0.0731787
28,92,11,192,1,18,324,192,11132,0.153996
28,92,11,256,1,18,324,256,11132,0.07005315
28,128,1,32,1,28,784,32,128,0.0661473
28,128,1,64,1,28,784,64,128,0.0687513
28,128,1,92,1,28,784,92,128,0.0997413
28,128,1,128,1,28,784,128,128,0.0641505
28,128,1,192,1,28,784,192,128,0.06302235
28,128,1,256,1,28,784,256,128,0.06189315
28,128,3,32,1,26,676,32,1152,0.0674487
28,128,3,64,1,26,676,64,1152,0.0673623
28,128,3,92,1,26,676,92,1152,0.1043421
28,128,3,128,1,26,676,128,1152,0.0682302
28,128,3,192,1,26,676,192,1152,0.085158
28,128,3,256,1,26,676,256,1152,0.07005345
28,128,5,32,1,24,576,32,3200,0.0449661
28,128,5,64,1,24,576,64,3200,0.04323015
28,128,5,92,1,24,576,92,3200,0.0630216
28,128,5,128,1,24,576,128,3200,0.0503478
28,128,5,192,1,24,576,192,3200,0.0506952
28,128,5,256,1,24,576,256,3200,0.06232755
28,128,7,32,1,22,484,32,6272,0.0723105
28,128,7,64,1,22,484,64,6272,0.0710949
28,128,7,92,1,22,484,92,6272,0.1083354
28,128,7,128,1,22,484,128,6272,0.0744804
28,128,7,192,1,22,484,192,6272,0.076737
28,128,7,256,1,22,484,256,6272,0.0695322
28,128,11,32,1,18,324,32,15488,0.08073045
28,128,11,64,1,18,324,64,15488,0.07231035
28,128,11,92,1,18,324,92,15488,0.1027791
28,128,11,128,1,18,324,128,15488,0.07300485
28,128,11,192,1,18,324,192,15488,0.0834219
28,128,11,256,1,18,324,256,15488,0.06935955
28,192,1,32,1,28,784,32,192,0.064671
28,192,1,64,1,28,784,64,192,0.0639768
28,192,1,92,1,28,784,92,192,0.10017555
28,192,1,128,1,28,784,128,192,0.06796995
28,192,1,192,1,28,784,192,192,0.0670152
28,192,1,256,1,28,784,256,192,0.0657999
28,192,3,32,1,26,676,32,1728,0.0710952
28,192,3,64,1,26,676,64,1728,0.07482795
28,192,3,92,1,26,676,92,1728,0.10373445
28,192,3,128,1,26,676,128,1728,0.0765639
28,192,3,192,1,26,676,192,1728,0.0702267
28,192,3,256,1,26,676,256,1728,0.0712686
28,192,5,32,1,24,576,32,4800,0.0442713
28,192,5,64,1,24,576,64,4800,0.04305615
28,192,5,92,1,24,576,92,4800,0.0828138
28,192,5,128,1,24,576,128,4800,0.0447921
28,192,5,192,1,24,576,192,4800,0.06606015
28,192,5,256,1,24,576,256,4800,0.04939335
28,192,7,32,1,22,484,32,9408,0.08854335
28,192,7,64,1,22,484,64,9408,0.0885429
28,192,7,92,1,22,484,92,9408,0.11336985
28,192,7,128,1,22,484,128,9408,0.07960215
28,192,7,192,1,22,484,192,9408,0.0608514
28,192,7,256,1,22,484,256,9408,0.10373445
28,192,11,32,1,18,324,32,23232,0.07005315
28,192,11,64,1,18,324,64,23232,0.06927195
28,192,11,92,1,18,324,92,23232,0.12170295
28,192,11,128,1,18,324,128,23232,0.10651215
28,192,11,192,1,18,324,192,23232,0.0840294
28,192,11,256,1,18,324,256,23232,0.09956745
28,256,1,32,1,28,784,32,256,0.0660603
28,256,1,64,1,28,784,64,256,0.06354285
28,256,1,92,1,28,784,92,256,0.10347435
28,256,1,128,1,28,784,128,256,0.067449
28,256,1,192,1,28,784,192,256,0.06406395
28,256,1,256,1,28,784,256,256,0.06224085
28,256,3,32,1,26,676,32,2304,0.085071
28,256,3,64,1,26,676,64,2304,0.06909855
28,256,3,92,1,26,676,92,2304,0.10295355
28,256,3,128,1,26,676,128,2304,0.0668412
28,256,3,192,1,26,676,192,2304,0.08133795
28,256,3,256,1,26,676,256,2304,0.0886302
28,256,5,32,1,24,576,32,6400,0.044358
28,256,5,64,1,24,576,64,6400,0.04392435
28,256,5,92,1,24,576,92,6400,0.07378635
28,256,5,128,1,24,576,128,6400,0.056685
28,256,5,192,1,24,576,192,6400,0.05130315
28,256,5,256,1,24,576,256,6400,0.03915
28,256,7,32,1,22,484,32,12544,0.08151195
28,256,7,64,1,22,484,64,12544,0.07074765
28,256,7,92,1,22,484,92,12544,0.10876965
28,256,7,128,1,22,484,128,12544,0.0694455
28,256,7,192,1,22,484,192,12544,0.0716157
28,256,7,256,1,22,484,256,12544,0.0959217
28,256,11,32,1,18,324,32,30976,0.14331855
28,256,11,64,1,18,324,64,30976,0.1036473
28,256,11,92,1,18,324,92,30976,0.162243
28,256,11,128,1,18,324,128,30976,0.0747408
28,256,11,192,1,18,324,192,30976,0.11067885
28,256,11,256,1,18,324,256,30976,0.1210089
56,32,1,32,1,56,3136,32,32,0.04314315
56,32,1,64,1,56,3136,64,32,0.04409805
56,32,1,92,1,56,3136,92,32,0.06267465
56,32,1,128,1,56,3136,128,32,0.0448794
56,32,1,192,1,56,3136,192,32,0.0427089
56,32,1,256,1,56,3136,256,32,0.04496595
56,32,3,32,1,54,2916,32,288,0.0679698
56,32,3,64,1,54,2916,64,288,0.06823035
56,32,3,92,1,54,2916,92,288,0.10234545
56,32,3,128,1,54,2916,128,288,0.06753555
56,32,3,192,1,54,2916,192,288,0.0705741
56,32,3,256,1,54,2916,256,288,0.06692835
56,32,5,32,1,52,2704,32,800,0.0625878
56,32,5,64,1,52,2704,64,800,0.0640635
56,32,5,92,1,52,2704,92,800,0.1056441
56,32,5,128,1,52,2704,128,800,0.0638031
56,32,5,192,1,52,2704,192,800,0.07274445
56,32,5,256,1,52,2704,256,800,0.0671016
56,32,7,32,1,50,2500,32,1568,0.07361235
56,32,7,64,1,50,2500,64,1568,0.0799494
56,32,7,92,1,50,2500,92,1568,0.1125018
56,32,7,128,1,50,2500,128,1568,0.0862863
56,32,7,192,1,50,2500,192,1568,0.1322937
56,32,7,256,1,50,2500,256,1568,0.09496695
56,32,11,32,1,46,2116,32,3872,0.06788295
56,32,11,64,1,46,2116,64,3872,0.07361265
56,32,11,92,1,46,2116,92,3872,0.11484585
56,32,11,128,1,46,2116,128,3872,0.07352565
56,32,11,192,1,46,2116,192,3872,0.1654545
56,32,11,256,1,46,2116,256,3872,0.0956613
56,64,1,32,1,56,3136,32,64,0.04487955
56,64,1,64,1,56,3136,64,64,0.0460947
56,64,1,92,1,56,3136,92,64,0.0631089
56,64,1,128,1,56,3136,128,64,0.04661535
56,64,1,192,1,56,3136,192,64,0.0461811
56,64,1,256,1,56,3136,256,64,0.0455712
56,64,3,32,1,54,2916,32,576,0.06944235
56,64,3,64,1,54,2916,64,576,0.0699624
56,64,3,92,1,54,2916,92,576,0.10286115
56,64,3,128,1,54,2916,128,576,0.0706572
56,64,3,192,1,54,2916,192,576,0.0704835
56,64,3,256,1,54,2916,256,576,0.06839985
56,64,5,32,1,52,2704,32,1600,0.06397335
56,64,5,64,1,52,2704,64,1600,0.06527505
56,64,5,92,1,52,2704,92,1600,0.1011246
56,64,5,128,1,52,2704,128,1600,0.07404255
56,64,5,192,1,52,2704,192,1600,0.0939204
56,64,5,256,1,52,2704,256,1600,0.06492885
56,64,7,32,1,50,2500,32,3136,0.0779487
56,64,7,64,1,50,2500,64,3136,0.0907089
56,64,7,92,1,50,2500,92,3136,0.11336445
56,64,7,128,1,50,2500,128,3136,0.0715251
56,64,7,192,1,50,2500,192,3136,0.06996315
56,64,7,256,1,50,2500,256,3136,0.0921843
56,64,11,32,1,46,2116,32,7744,0.0732618
56,64,11,64,1,46,2116,64,7744,0.0677931
56,64,11,92,1,46,2116,92,7744,0.1509495
56,64,11,128,1,46,2116,128,7744,0.0736953
56,64,11,192,1,46,2116,192,7744,0.08992815
56,64,11,256,1,46,2116,256,7744,0.0974793
56,92,1,32,1,56,3136,32,92,0.0460926
56,92,1,64,1,56,3136,64,92,0.0458319
56,92,1,92,1,56,3136,92,92,0.06432105
56,92,1,128,1,56,3136,128,92,0.04713435
56,92,1,192,1,56,3136,192,92,0.0463527
56,92,1,256,1,56,3136,256,92,0.046179
56,92,3,32,1,54,2916,32,828,0.06883515
56,92,3,64,1,54,2916,64,828,0.06753285
56,92,3,92,1,54,2916,92,828,0.10642065
56,92,3,128,1,54,2916,128,828,0.0704841
56,92,3,192,1,54,2916,192,828,0.0710919
56,92,3,256,1,54,2916,256,828,0.0784701
56,92,5,32,1,52,2704,32,2300,0.0808137
56,92,5,64,1,52,2704,64,2300,0.0636267
56,92,5,92,1,52,2704,92,2300,0.10520565
56,92,5,128,1,52,2704,128,2300,0.0834177
56,92,5,192,1,52,2704,192,2300,0.06978945
56,92,5,256,1,52,2704,256,2300,0.05876565
56,92,7,32,1,50,2500,32,4508,0.0705708
56,92,7,64,1,50,2500,64,4508,0.07838355
56,92,7,92,1,50,2500,92,4508,0.1079832
56,92,7,128,1,50,2500,128,4508,0.08107395
56,92,7,192,1,50,2500,192,4508,0.06475545
56,92,7,256,1,50,2500,256,4508,0.1025151
56,92,11,32,1,46,2116,32,11132,0.0813351
56,92,11,64,1,46,2116,64,11132,0.07343565
56,92,11,92,1,46,2116,92,11132,0.1105878
56,92,11,128,1,46,2116,128,11132,0.0861093
56,92,11,192,1,46,2116,192,11132,0.1011261
56,92,11,256,1,46,2116,256,11132,0.0801198
56,128,1,32,1,56,3136,32,128,0.0455721
56,128,1,64,1,56,3136,64,128,0.047742
56,128,1,92,1,56,3136,92,128,0.0674463
56,128,1,128,1,56,3136,128,128,0.0434022
56,128,1,192,1,56,3136,192,128,0.04583235
56,128,1,256,1,56,3136,256,128,0.04522455
56,128,3,32,1,54,2916,32,1152,0.0674469
56,128,3,64,1,54,2916,64,1152,0.06571035
56,128,3,92,1,54,2916,92,1152,0.1073763
56,128,3,128,1,54,2916,128,1152,0.09227265
56,128,3,192,1,54,2916,192,1152,0.067707
56,128,3,256,1,54,2916,256,1152,0.08472105
56,128,5,32,1,52,2704,32,3200,0.0628461
56,128,5,64,1,52,2704,64,3200,0.08376585
56,128,5,92,1,52,2704,92,3200,0.11892135
56,128,5,128,1,52,2704,128,3200,0.0621516
56,128,5,192,1,52,2704,192,3200,0.06111015
56,128,5,256,1,52,2704,256,3200,0.0641484
56,128,7,32,1,50,2500,32,6272,0.1207443
56,128,7,64,1,50,2500,64,6272,0.08845305
56,128,7,92,1,50,2500,92,6272,0.14756655
56,128,7,128,1,50,2500,128,6272,0.0993042
56,128,7,192,1,50,2500,192,6272,0.0707454
56,128,7,256,1,50,2500,256,6272,0.1097202
56,128,11,32,1,46,2116,32,15488,0.1012134
56,128,11,64,1,46,2116,64,15488,0.083853
56,128,11,92,1,46,2116,92,15488,0.10329705
56,128,11,128,1,46,2116,128,15488,0.15564
56,128,11,192,1,46,2116,192,15488,0.0920127
56,128,11,256,1,46,2116,256,15488,0.1058142
56,192,1,32,1,56,3136,32,192,0.0451383
56,192,1,64,1,56,3136,64,192,0.04183965
56,192,1,92,1,56,3136,92,192,0.0646695
56,192,1,128,1,56,3136,128,192,0.04600665
56,192,1,192,1,56,3136,192,192,0.04765545
56,192,1,256,1,56,3136,256,192,0.04661415
56,192,3,32,1,54,2916,32,1728,0.08550255
56,192,3,64,1,54,2916,64,1728,0.07855815
56,192,3,92,1,54,2916,92,1728,0.1035579
56,192,3,128,1,54,2916,128,1728,0.0852423
56,192,3,192,1,54,2916,192,1728,0.0795132
56,192,3,256,1,54,2916,256,1728,0.06866205
56,192,5,32,1,52,2704,32,4800,0.0695307
56,192,5,64,1,52,2704,64,4800,0.0763878
56,192,5,92,1,52,2704,92,4800,0.1151028
56,192,5,128,1,52,2704,128,4800,0.0635412
56,192,5,192,1,52,2704,192,4800,0.07447815
56,192,5,256,1,52,2704,256,4800,0.06397515
56,192,7,32,1,50,2500,32,9408,0.2059875
56,192,7,64,1,50,2500,64,9408,0.1006932
56,192,7,92,1,50,2500,92,9408,0.1592865
56,192,7,128,1,50,2500,128,9408,0.0966138
56,192,7,192,1,50,2500,192,9408,0.0784719
56,192,7,256,1,50,2500,256,9408,0.0941829
56,192,11,32,1,46,2116,32,23232,0.11918295
56,192,11,64,1,46,2116,64,23232,0.1407975
56,192,11,92,1,46,2116,92,23232,0.2006925
56,192,11,128,1,46,2116,128,23232,0.13680465
56,192,11,192,1,46,2116,192,23232,0.281856
56,192,11,256,1,46,2116,256,23232,0.1799475
56,256,1,32,1,56,3136,32,256,0.04730865
56,256,1,64,1,56,3136,64,256,0.04548585
56,256,1,92,1,56,3136,92,256,0.0690102
56,256,1,128,1,56,3136,128,256,0.04713555
56,256,1,192,1,56,3136,192,256,0.0460068
56,256,1,256,1,56,3136,256,256,0.06458265
56,256,3,32,1,54,2916,32,2304,0.0901035
56,256,3,64,1,54,2916,64,2304,0.11631885
56,256,3,92,1,54,2916,92,2304,0.1480026
56,256,3,128,1,54,2916,128,2304,0.10138845
56,256,3,192,1,54,2916,192,2304,0.0757812
56,256,3,256,1,54,2916,256,2304,0.0750864
56,256,5,32,1,52,2704,32,6400,0.0764754
56,256,5,64,1,52,2704,64,6400,0.07491285
56,256,5,92,1,52,2704,92,6400,0.164235
56,256,5,128,1,52,2704,128,6400,0.0971352
56,256,5,192,1,52,2704,192,6400,0.0756072
56,256,5,256,1,52,2704,256,6400,0.064236
56,256,7,32,1,50,2500,32,12544,0.1840275
56,256,7,64,1,50,2500,64,12544,0.2734365
56,256,7,92,1,50,2500,92,12544,0.16224
56,256,7,128,1,50,2500,128,12544,0.08923605
56,256,7,192,1,50,2500,192,12544,0.0980904
56,256,7,256,1,50,2500,256,12544,0.1759545
56,256,11,32,1,46,2116,32,30976,0.1244787
56,256,11,64,1,46,2116,64,30976,0.151041
56,256,11,92,1,46,2116,92,30976,0.1123263
56,256,11,128,1,46,2116,128,30976,0.152952
56,256,11,192,1,46,2116,192,30976,0.0901911
56,256,11,256,1,46,2116,256,30976,0.108507
112,32,1,32,1,112,12544,32,32,0.0450525
112,32,1,64,1,112,12544,64,32,0.04878495
112,32,1,92,1,112,12544,92,32,0.06519165
112,32,1,128,1,112,12544,128,32,0.04401045
112,32,1,192,1,112,12544,192,32,0.04713585
112,32,1,256,1,112,12544,256,32,0.0482634
112,32,3,32,1,110,12100,32,288,0.0758685
112,32,3,64,1,110,12100,64,288,0.06961815
112,32,3,92,1,110,12100,92,288,0.09644145
112,32,3,128,1,110,12100,128,288,0.11597265
112,32,3,192,1,110,12100,192,288,0.06649335
112,32,3,256,1,110,12100,256,288,0.0861114
112,32,5,32,1,108,11664,32,800,0.0673608
112,32,5,64,1,108,11664,64,800,0.077865
112,32,5,92,1,108,11664,92,800,0.1008684
112,32,5,128,1,108,11664,128,800,0.11571255
112,32,5,192,1,108,11664,192,800,0.0725697
112,32,5,256,1,108,11664,256,800,0.07534755
112,32,7,32,1,106,11236,32,1568,0.0868059
112,32,7,64,1,106,11236,64,1568,0.1269972
112,32,7,92,1,106,11236,92,1568,0.1050348
112,32,7,128,1,106,11236,128,1568,0.07838565
112,32,7,192,1,106,11236,192,1568,0.08776065
112,32,7,256,1,106,11236,256,1568,0.09453165
112,32,11,32,1,102,10404,32,3872,0.07465335
112,32,11,64,1,102,10404,64,3872,0.0673611
112,32,11,92,1,102,10404,92,3872,0.1603305
112,32,11,128,1,102,10404,128,3872,0.0778647
112,32,11,192,1,102,10404,192,3872,0.07699695
112,32,11,256,1,102,10404,256,3872,0.173265
112,64,1,32,1,112,12544,32,64,0.04496565
112,64,1,64,1,112,12544,64,64,0.04288245
112,64,1,92,1,112,12544,92,64,0.061719
112,64,1,128,1,112,12544,128,64,0.04591995
112,64,1,192,1,112,12544,192,64,0.05217045
112,64,1,256,1,112,12544,256,64,0.0453999
112,64,3,32,1,110,12100,32,576,0.07300395
112,64,3,64,1,110,12100,64,576,0.0721356
112,64,3,92,1,110,12100,92,576,0.10677135
112,64,3,128,1,110,12100,128,576,0.07838565
112,64,3,192,1,110,12100,192,576,0.304863
112,64,3,256,1,110,12100,256,576,0.0769965
112,64,5,32,1,108,11664,32,1600,0.0845493
112,64,5,64,1,108,11664,64,1600,0.11614635
112,64,5,92,1,108,11664,92,1600,0.10607715
112,64,5,128,1,108,11664,128,1600,0.06267405
112,64,5,192,1,108,11664,192,1600,0.06970515
112,64,5,256,1,108,11664,256,1600,0.1055565
112,64,7,32,1,106,11236,32,3136,0.07908045
112,64,7,64,1,106,11236,64,3136,0.07256985
112,64,7,92,1,106,11236,92,3136,0.10876785
112,64,7,128,1,106,11236,128,3136,0.07656285
112,64,7,192,1,106,11236,192,3136,0.257379
112,64,7,256,1,106,11236,256,3136,0.0935766
112,64,11,32,1,102,10404,32,7744,0.11067735
112,64,11,64,1,102,10404,64,7744,0.1246539
112,64,11,92,1,102,10404,92,7744,0.158508
112,64,11,128,1,102,10404,128,7744,0.1393239
112,64,11,192,1,102,10404,192,7744,0.11519205
112,64,11,256,1,102,10404,256,7744,0.11675415
112,92,1,32,1,112,12544,32,92,0.0475701
112,92,1,64,1,112,12544,64,92,0.04158015
112,92,1,92,1,112,12544,92,92,0.06649365
112,92,1,128,1,112,12544,128,92,0.04861155
112,92,1,192,1,112,12544,192,92,0.0475698
112,92,1,256,1,112,12544,256,92,0.04522635
112,92,3,32,1,110,12100,32,828,0.0789939
112,92,3,64,1,110,12100,64,828,0.09496605
112,92,3,92,1,110,12100,92,828,0.10165005
112,92,3,128,1,110,12100,128,828,0.11354235
112,92,3,192,1,110,12100,192,828,0.07873335
112,92,3,256,1,110,12100,256,828,0.0907125
112,92,5,32,1,108,11664,32,2300,0.07265715
112,92,5,64,1,108,11664,64,2300,0.0884553
112,92,5,92,1,108,11664,92,2300,0.1248273
112,92,5,128,1,108,11664,128,2300,0.06310785
112,92,5,192,1,108,11664,192,2300,0.07066035
112,92,5,256,1,108,11664,256,2300,0.0736989
112,92,7,32,1,106,11236,32,4508,0.09548685
112,92,7,64,1,106,11236,64,4508,0.0989592
112,92,7,92,1,106,11236,92,4508,0.12204945
112,92,7,128,1,106,11236,128,4508,0.268926
112,92,7,192,1,106,11236,192,4508,0.0980043
112,92,7,256,1,106,11236,256,4508,0.107466
112,92,11,32,1,102,10404,32,11132,0.09670245
112,92,11,64,1,102,10404,64,11132,0.1289943
112,92,11,92,1,102,10404,92,11132,0.155817
112,92,11,128,1,102,10404,128,11132,0.155991
112,92,11,192,1,102,10404,192,11132,0.284898
112,92,11,256,1,102,10404,256,11132,0.12022695
112,128,1,32,1,112,12544,32,128,0.04947945
112,128,1,64,1,112,12544,64,128,0.0480036
112,128,1,92,1,112,12544,92,128,0.0830739
112,128,1,128,1,112,12544,128,128,0.04366335
112,128,1,192,1,112,12544,192,128,0.05225745
112,128,1,256,1,112,12544,256,128,0.0446184
112,128,3,32,1,110,12100,32,1152,0.08211885
112,128,3,64,1,110,12100,64,1152,0.0815979
112,128,3,92,1,110,12100,92,1152,0.12118185
112,128,3,128,1,110,12100,128,1152,0.0775182
112,128,3,192,1,110,12100,192,1152,0.1941855
112,128,3,256,1,110,12100,256,1152,0.3097245
112,128,5,32,1,108,11664,32,3200,0.0802092
112,128,5,64,1,108,11664,64,3200,0.10442805
112,128,5,92,1,108,11664,92,3200,0.1156263
112,128,5,128,1,108,11664,128,3200,0.08732685
112,128,5,192,1,108,11664,192,3200,0.0784731
112,128,5,256,1,108,11664,256,3200,0.0879351
112,128,7,32,1,106,11236,32,6272,0.284985
112,128,7,64,1,106,11236,64,6272,0.0811638
112,128,7,92,1,106,11236,92,6272,0.1348101
112,128,7,128,1,106,11236,128,6272,0.0910602
112,128,7,192,1,106,11236,192,6272,0.12682395
112,128,7,256,1,106,11236,256,6272,0.196704
112,128,11,32,1,102,10404,32,15488,0.09730965
112,128,11,64,1,102,10404,64,15488,0.1048623
112,128,11,92,1,102,10404,92,15488,0.140193
112,128,11,128,1,102,10404,128,15488,0.280302
112,128,11,192,1,102,10404,192,15488,0.1280409
112,128,11,256,1,102,10404,256,15488,0.309381
112,192,1,32,1,112,12544,32,192,0.05677215
112,192,1,64,1,112,12544,64,192,0.0592026
112,192,1,92,1,112,12544,92,192,0.0726576
112,192,1,128,1,112,12544,128,192,0.04869885
112,192,1,192,1,112,12544,192,192,0.06276165
112,192,1,256,1,112,12544,256,192,0.0440112
112,192,3,32,1,110,12100,32,1728,0.0824664
112,192,3,64,1,110,12100,64,1728,0.0914943
112,192,3,92,1,110,12100,92,1728,0.11536665
112,192,3,128,1,110,12100,128,1728,0.0769983
112,192,3,192,1,110,12100,192,1728,0.0831612
112,192,3,256,1,110,12100,256,1728,0.1940145
112,192,5,32,1,108,11664,32,4800,0.0736125
112,192,5,64,1,108,11664,64,4800,0.0986997
112,192,5,92,1,108,11664,92,4800,0.1236132
112,192,5,128,1,108,11664,128,4800,0.11154705
112,192,5,192,1,108,11664,192,4800,0.09236265
112,192,5,256,1,108,11664,256,4800,0.0940986
112,192,7,32,1,106,11236,32,9408,0.1502625
112,192,7,64,1,106,11236,64,9408,0.1184046
112,192,7,92,1,106,11236,92,9408,0.1757835
112,192,7,128,1,106,11236,128,9408,0.1122411
112,192,7,192,1,106,11236,192,9408,0.14939505
112,192,7,256,1,106,11236,256,9408,0.11389065
112,192,11,32,1,102,10404,32,23232,0.14435985
112,192,11,64,1,102,10404,64,23232,0.11397765
112,192,11,92,1,102,10404,92,23232,0.13411665
112,192,11,128,1,102,10404,128,23232,0.2688405
112,192,11,192,1,102,10404,192,23232,0.1274325
112,192,11,256,1,102,10404,256,23232,0.1245675
112,256,1,32,1,112,12544,32,256,0.0533859
112,256,1,64,1,112,12544,64,256,0.0537333
112,256,1,92,1,112,12544,92,256,0.0769107
112,256,1,128,1,112,12544,128,256,0.055035
112,256,1,192,1,112,12544,192,256,0.0501741
112,256,1,256,1,112,12544,256,256,0.0460074
112,256,3,32,1,110,12100,32,2304,0.08758815
112,256,3,64,1,110,12100,64,2304,0.0850707
112,256,3,92,1,110,12100,92,2304,0.11432415
112,256,3,128,1,110,12100,128,2304,0.0850704
112,256,3,192,1,110,12100,192,2304,0.188718
112,256,3,256,1,110,12100,256,2304,0.171096
112,256,5,32,1,108,11664,32,6400,0.1373283
112,256,5,64,1,108,11664,64,6400,0.0710946
112,256,5,92,1,108,11664,92,6400,0.1323801
112,256,5,128,1,108,11664,128,6400,0.0914943
112,256,5,192,1,108,11664,192,6400,0.11979315
112,256,5,256,1,108,11664,256,6400,0.08454915
112,256,7,32,1,106,11236,32,12544,0.0960948
112,256,7,64,1,106,11236,64,12544,0.09609495
112,256,7,92,1,106,11236,92,12544,0.12543555
112,256,7,128,1,106,11236,128,12544,0.1335087
112,256,7,192,1,106,11236,192,12544,0.10764015
112,256,7,256,1,106,11236,256,12544,0.1255221
112,256,11,32,1,102,10404,32,30976,0.156687
112,256,11,64,1,102,10404,64,30976,0.10416915
112,256,11,92,1,102,10404,92,30976,0.1194471
112,256,11,128,1,102,10404,128,30976,0.0941862
112,256,11,192,1,102,10404,192,30976,0.10069635
112,256,11,256,1,102,10404,256,30976,0.11059215
224,32,1,32,1,224,50176,32,32,0.0658866
224,32,1,64,1,224,50176,64,32,0.0425352
224,32,1,92,1,224,50176,92,32,0.0686643
224,32,1,128,1,224,50176,128,32,0.0521712
224,32,1,192,1,224,50176,192,32,0.0634557
224,32,1,256,1,224,50176,256,32,0.05225745
224,32,3,32,1,222,49284,32,288,0.0772581
224,32,3,64,1,222,49284,64,288,0.0842895
224,32,3,92,1,222,49284,92,288,0.1897605
224,32,3,128,1,222,49284,128,288,0.0707475
224,32,3,192,1,222,49284,192,288,0.08663295
224,32,3,256,1,222,49284,256,288,0.2841195
224,32,5,32,1,220,48400,32,800,0.0735255
224,32,5,64,1,220,48400,64,800,0.07335165
224,32,5,92,1,220,48400,92,800,0.1075536
224,32,5,128,1,220,48400,128,800,0.0994803
224,32,5,192,1,220,48400,192,800,0.1375887
224,32,5,256,1,220,48400,256,800,0.0699666
224,32,7,32,1,218,47524,32,1568,0.1073802
224,32,7,64,1,218,47524,64,1568,0.09236265
224,32,7,92,1,218,47524,92,1568,0.10833495
224,32,7,128,1,218,47524,128,1568,0.08211915
224,32,7,192,1,218,47524,192,1568,0.1559925
224,32,7,256,1,218,47524,256,1568,0.163371
224,32,11,32,1,214,45796,32,3872,0.09357795
224,32,11,64,1,214,45796,64,3872,0.2960985
224,32,11,92,1,214,45796,92,3872,0.1399326
224,32,11,128,1,214,45796,128,3872,0.11666835
224,32,11,192,1,214,45796,192,3872,0.13455045
224,32,11,256,1,214,45796,256,3872,0.1611135
224,64,1,32,1,224,50176,32,64,0.06128565
224,64,1,64,1,224,50176,64,64,0.05303865
224,64,1,92,1,224,50176,92,64,0.0800358
224,64,1,128,1,224,50176,128,64,0.048525
224,64,1,192,1,224,50176,192,64,0.06397665
224,64,1,256,1,224,50176,256,64,0.05555655
224,64,3,32,1,222,49284,32,576,0.0910599
224,64,3,64,1,222,49284,64,576,0.0736992
224,64,3,92,1,222,49284,92,576,0.168666
224,64,3,128,1,222,49284,128,576,0.0721365
224,64,3,192,1,222,49284,192,576,0.07196265
224,64,3,256,1,222,49284,256,576,0.0914943
224,64,5,32,1,220,48400,32,1600,0.08246655
224,64,5,64,1,220,48400,64,1600,0.07647705
224,64,5,92,1,220,48400,92,1600,0.1922775
224,64,5,128,1,220,48400,128,1600,0.1141512
224,64,5,192,1,220,48400,192,1600,0.0976581
224,64,5,256,1,220,48400,256,1600,0.1295157
224,64,7,32,1,218,47524,32,3136,0.1675365
224,64,7,64,1,218,47524,64,3136,0.0994806
224,64,7,92,1,218,47524,92,3136,0.1660605
224,64,7,128,1,218,47524,128,3136,0.18837
224,64,7,192,1,218,47524,192,3136,0.3252645
224,64,7,256,1,218,47524,256,3136,0.173613
224,64,11,32,1,214,45796,32,7744,0.12074835
224,64,11,64,1,214,45796,64,7744,0.2430585
224,64,11,92,1,214,45796,92,7744,0.156426
224,64,11,128,1,214,45796,128,7744,0.1870665
224,64,11,192,1,214,45796,192,7744,0.1236984
224,64,11,256,1,214,45796,256,7744,0.323961
224,92,1,32,1,224,50176,32,92,0.0560766
224,92,1,64,1,224,50176,64,92,0.0477438
224,92,1,92,1,224,50176,92,92,0.0822921
224,92,1,128,1,224,50176,128,92,0.04826415
224,92,1,192,1,224,50176,192,92,0.06571185
224,92,1,256,1,224,50176,256,92,0.0623271
224,92,3,32,1,222,49284,32,828,0.0782124
224,92,3,64,1,222,49284,64,828,0.07968795
224,92,3,92,1,222,49284,92,828,0.1046016
224,92,3,128,1,222,49284,128,828,0.1769115
224,92,3,192,1,222,49284,192,828,0.189498
224,92,3,256,1,222,49284,256,828,0.0882822
224,92,5,32,1,220,48400,32,2300,0.1167543
224,92,5,64,1,220,48400,64,2300,0.0857649
224,92,5,92,1,220,48400,92,2300,0.1367199
224,92,5,128,1,220,48400,128,2300,0.10000065
224,92,5,192,1,220,48400,192,2300,0.11397645
224,92,5,256,1,220,48400,256,2300,0.11111235
224,92,7,32,1,218,47524,32,4508,0.096702
224,92,7,64,1,218,47524,64,4508,0.090105
224,92,7,92,1,218,47524,92,4508,0.12257055
224,92,7,128,1,218,47524,128,4508,0.1425363
224,92,7,192,1,218,47524,192,4508,0.12343905
224,92,7,256,1,218,47524,256,4508,0.1252617
224,128,1,32,1,224,50176,32,128,0.0662334
224,128,1,64,1,224,50176,64,128,0.0539934
224,128,1,92,1,224,50176,92,128,0.0687507
224,128,1,128,1,224,50176,128,128,0.0495666
224,128,1,192,1,224,50176,192,128,0.04843815
224,128,1,256,1,224,50176,256,128,0.0553827
224,128,3,32,1,222,49284,32,1152,0.08420235
224,128,3,64,1,222,49284,64,1152,0.2376765
224,128,3,92,1,222,49284,92,1152,0.1072929
224,128,3,128,1,222,49284,128,1152,0.109116
224,128,3,192,1,222,49284,192,1152,0.1000011
224,128,3,256,1,222,49284,256,1152,0.2433195
224,128,5,32,1,220,48400,32,3200,0.1080741
224,128,5,64,1,220,48400,64,3200,0.08107755
224,128,5,92,1,220,48400,92,3200,0.1334217
224,128,5,128,1,220,48400,128,3200,0.1329009
224,128,5,192,1,220,48400,192,3200,0.09635505
224,128,5,256,1,220,48400,256,3200,0.12048735
224,128,7,32,1,218,47524,32,6272,0.211287
224,128,7,64,1,218,47524,64,6272,0.08307405
224,128,7,92,1,218,47524,92,6272,0.1228314
224,128,7,128,1,218,47524,128,6272,0.12526185
224,128,7,192,1,218,47524,192,6272,0.1229178
224,128,7,256,1,218,47524,256,6272,0.3772605
224,192,1,32,1,224,50176,32,192,0.0461811
224,192,1,64,1,224,50176,64,192,0.0509553
224,192,1,92,1,224,50176,92,192,0.07829955
224,192,1,128,1,224,50176,128,192,0.0431427
224,192,1,192,1,224,50176,192,192,0.0480039
224,192,1,256,1,224,50176,256,192,0.05347335
224,192,3,32,1,222,49284,32,1728,0.0944454
224,192,3,64,1,222,49284,64,1728,0.0943587
224,192,3,92,1,222,49284,92,1728,0.14010585
224,192,3,128,1,222,49284,128,1728,0.09088635
224,192,3,192,1,222,49284,192,1728,0.153126
224,192,3,256,1,222,49284,256,1728,0.1088553
224,192,5,32,1,220,48400,32,4800,0.08237955
224,192,5,64,1,220,48400,64,4800,0.08932395
224,192,5,92,1,220,48400,92,4800,0.1381092
224,192,5,128,1,220,48400,128,4800,0.1814265
224,192,5,192,1,220,48400,192,4800,0.10225785
224,192,5,256,1,220,48400,256,4800,0.09965385
224,192,7,32,1,218,47524,32,9408,0.10599105
224,192,7,64,1,218,47524,64,9408,0.1623285
224,192,7,92,1,218,47524,92,9408,0.1274322
224,192,7,128,1,218,47524,128,9408,0.1868085
224,192,7,192,1,218,47524,192,9408,0.12396
224,192,7,256,1,218,47524,256,9408,0.12552255
224,256,1,32,1,224,50176,32,256,0.05147595
224,256,1,64,1,224,50176,64,256,0.0562506
224,256,1,92,1,224,50176,92,256,0.07204965
224,256,1,128,1,224,50176,128,256,0.05885505
224,256,1,192,1,224,50176,192,256,0.0651915
224,256,1,256,1,224,50176,256,256,0.0967896
224,256,3,32,1,222,49284,32,2304,0.2645865
224,256,3,64,1,222,49284,64,2304,0.1854195
224,256,3,92,1,222,49284,92,2304,0.1109391
224,256,3,128,1,222,49284,128,2304,0.172398
224,256,3,192,1,222,49284,192,2304,0.1141509
224,256,3,256,1,222,49284,256,2304,0.10790085
224,256,5,32,1,220,48400,32,6400,0.0850701
224,256,5,64,1,220,48400,64,6400,0.0844626
224,256,5,92,1,220,48400,92,6400,0.2051235
224,256,5,128,1,220,48400,128,6400,0.151911
224,256,5,192,1,220,48400,192,6400,0.09852555
224,256,5,256,1,220,48400,256,6400,0.0973098