28,32,1,32,2,15,225,32,32,0.03446265
28,32,1,64,2,15,225,64,32,0.03307365
28,32,1,92,2,15,225,92,32,0.03515715
28,32,1,128,2,15,225,128,32,0.033681
28,32,1,192,2,15,225,192,32,0.0342888
28,32,1,256,2,15,225,256,32,0.03211845
28,32,3,32,2,14,196,32,288,0.07239705
28,32,3,64,2,14,196,64,288,0.0744804
28,32,3,92,2,14,196,92,288,0.052605
28,32,3,128,2,14,196,128,288,0.07734555
28,32,3,192,2,14,196,192,288,0.0603312
28,32,3,256,2,14,196,256,288,0.0741333
28,32,5,32,2,13,169,32,800,0.0367197
28,32,5,64,2,13,169,64,800,0.0401916
28,32,5,92,2,13,169,92,800,0.0615465
28,32,5,128,2,13,169,128,800,0.03446235
28,32,5,192,2,13,169,192,800,0.034983
28,32,5,256,2,13,169,256,800,0.0347232
28,32,7,32,2,12,144,32,1568,0.0542541
28,32,7,64,2,12,144,64,1568,0.0528657
28,32,7,92,2,12,144,92,1568,0.0526923
28,32,7,128,2,12,144,128,1568,0.05312565
28,32,7,192,2,12,144,192,1568,0.05520945
28,32,7,256,2,12,144,256,1568,0.05312595
28,32,11,32,2,10,100,32,3872,0.05260515
28,32,11,64,2,10,100,64,3872,0.05251845
28,32,11,92,2,10,100,92,3872,0.0527784
28,32,11,128,2,10,100,128,3872,0.05408085
28,32,11,192,2,10,100,192,3872,0.0530394
28,32,11,256,2,10,100,256,3872,0.0548619
28,64,1,32,2,15,225,32,64,0.0312507
28,64,1,64,2,15,225,64,64,0.03645885
28,64,1,92,2,15,225,92,64,0.03524385
28,64,1,128,2,15,225,128,64,0.0336813
28,64,1,192,2,15,225,192,64,0.03359415
28,64,1,256,2,15,225,256,64,0.0334206
28,64,3,32,2,14,196,32,576,0.0524316
28,64,3,64,2,14,196,64,576,0.0545148
28,64,3,92,2,14,196,92,576,0.0541677
28,64,3,128,2,14,196,128,576,0.0545151
28,64,3,192,2,14,196,192,576,0.05555685
28,64,3,256,2,14,196,256,576,0.0532128
28,64,5,32,2,13,169,32,1600,0.03637215
28,64,5,64,2,13,169,64,1600,0.03724035
28,64,5,92,2,13,169,92,1600,0.0401049
28,64,5,128,2,13,169,128,1600,0.035244
28,64,5,192,2,13,169,192,1600,0.0364593
28,64,5,256,2,13,169,256,1600,0.03463635
28,64,7,32,2,12,144,32,3136,0.0546882
28,64,7,64,2,12,144,64,3136,0.05642445
28,64,7,92,2,12,144,92,3136,0.052605
28,64,7,128,2,12,144,128,3136,0.05468865
28,64,7,192,2,12,144,192,3136,0.05260485
28,64,7,256,2,12,144,256,3136,0.0547755
28,64,11,32,2,10,100,32,7744,0.0536469
28,64,11,64,2,10,100,64,7744,0.0532131
28,64,11,92,2,10,100,92,7744,0.05321265
28,64,11,128,2,10,100,128,7744,0.05486235
28,64,11,192,2,10,100,192,7744,0.0539073
28,64,11,256,2,10,100,256,7744,0.05321265
28,92,1,32,2,15,225,32,92,0.03359415
28,92,1,64,2,15,225,64,92,0.03376785
28,92,1,92,2,15,225,92,92,0.0326394
28,92,1,128,2,15,225,128,92,0.03776145
28,92,1,192,2,15,225,192,92,0.033681
28,92,1,256,2,15,225,256,92,0.0348093
28,92,3,32,2,14,196,32,828,0.0625884
28,92,3,64,2,14,196,64,828,0.0586818
28,92,3,92,2,14,196,92,828,0.0589416
28,92,3,128,2,14,196,128,828,0.05312565
28,92,3,192,2,14,196,192,828,0.0585945
28,92,3,256,2,14,196,256,828,0.07031385
28,92,5,32,2,13,169,32,2300,0.0357645
28,92,5,64,2,13,169,64,2300,0.0360249
28,92,5,92,2,13,169,92,2300,0.0346362
28,92,5,128,2,13,169,128,2300,0.03454935
28,92,5,192,2,13,169,192,2300,0.03541755
28,92,5,256,2,13,169,256,2300,0.0360252
28,92,7,32,2,12,144,32,4508,0.0531258
28,92,7,64,2,12,144,64,4508,0.0531258
28,92,7,92,2,12,144,92,4508,0.0530394
28,92,7,128,2,12,144,128,4508,0.05468835
28,92,7,192,2,12,144,192,4508,0.0551223
28,92,7,256,2,12,144,256,4508,0.0714423
28,92,11,32,2,10,100,32,11132,0.0779529
28,92,11,64,2,10,100,64,11132,0.0551226
28,92,11,92,2,10,100,92,11132,0.062154
28,92,11,128,2,10,100,128,11132,0.06484485
28,92,11,192,2,10,100,192,11132,0.0547758
28,92,11,256,2,10,100,256,11132,0.06545265
28,128,1,32,2,15,225,32,128,0.0335076
28,128,1,64,2,15,225,64,128,0.0361986
28,128,1,92,2,15,225,92,128,0.0342018
28,128,1,128,2,15,225,128,128,0.03533055
28,128,1,192,2,15,225,192,128,0.0342018
28,128,1,256,2,15,225,256,128,0.03402855
28,128,3,32,2,14,196,32,1152,0.0544278
28,128,3,64,2,14,196,64,1152,0.05347305
28,128,3,92,2,14,196,92,1152,0.0568581
28,128,3,128,2,14,196,128,1152,0.0546885
28,128,3,192,2,14,196,192,1152,0.05104245
28,128,3,256,2,14,196,256,1152,0.05546985
28,128,5,32,2,13,169,32,3200,0.0348099
28,128,5,64,2,13,169,64,3200,0.03515655
28,128,5,92,2,13,169,92,3200,0.0352437
28,128,5,128,2,13,169,128,3200,0.03463605
28,128,5,192,2,13,169,192,3200,0.0368061
28,128,5,256,2,13,169,256,3200,0.0359382
28,128,7,32,2,12,144,32,6272,0.0543411
28,128,7,64,2,12,144,64,6272,0.0532128
28,128,7,92,2,12,144,92,6272,0.05998395
28,128,7,128,2,12,144,128,6272,0.0552093
28,128,7,192,2,12,144,192,6272,0.05408085
28,128,7,256,2,12,144,256,6272,0.05538285
28,128,11,32,2,10,100,32,15488,0.05425455
28,128,11,64,2,10,100,64,15488,0.0559905
28,128,11,92,2,10,100,92,15488,0.0536466
28,128,11,128,2,10,100,128,15488,0.05486205
28,128,11,192,2,10,100,192,15488,0.053994
28,128,11,256,2,10,100,256,15488,0.05703255
28,192,1,32,2,15,225,32,192,0.0360249
28,192,1,64,2,15,225,64,192,0.0334206
28,192,1,92,2,15,225,92,192,0.0340284
28,192,1,128,2,15,225,128,192,0.03402885
28,192,1,192,2,15,225,192,192,0.03350745
28,192,1,256,2,15,225,256,192,0.03498315
28,192,3,32,2,14,196,32,1728,0.05356035
28,192,3,64,2,14,196,64,1728,0.0534732
28,192,3,92,2,14,196,92,1728,0.05347305
28,192,3,128,2,14,196,128,1728,0.05425455
28,192,3,192,2,14,196,192,1728,0.05356035
28,192,3,256,2,14,196,256,1728,0.0547752
28,192,5,32,2,13,169,32,4800,0.03645915
28,192,5,64,2,13,169,64,4800,0.0362856
28,192,5,92,2,13,169,92,4800,0.0348096
28,192,5,128,2,13,169,128,4800,0.03628545
28,192,5,192,2,13,169,192,4800,0.03602505
28,192,5,256,2,13,169,256,4800,0.0360252
28,192,7,32,2,12,144,32,9408,0.0546018
28,192,7,64,2,12,144,64,9408,0.053994
28,192,7,92,2,12,144,92,9408,0.0531264
28,192,7,128,2,12,144,128,9408,0.05329935
28,192,7,192,2,12,144,192,9408,0.05581695
28,192,7,256,2,12,144,256,9408,0.05477535
28,192,11,32,2,10,100,32,23232,0.0546885
28,192,11,64,2,10,100,64,23232,0.0648453
28,192,11,92,2,10,100,92,23232,0.0666678
28,192,11,128,2,10,100,128,23232,0.0615462
28,192,11,192,2,10,100,192,23232,0.05408115
28,192,11,256,2,10,100,256,23232,0.0571188
28,256,1,32,2,15,225,32,256,0.03394185
28,256,1,64,2,15,225,64,256,0.0335946
28,256,1,92,2,15,225,92,256,0.03307365
28,256,1,128,2,15,225,128,256,0.03428865
28,256,1,192,2,15,225,192,256,0.03437535
28,256,1,256,2,15,225,256,256,0.03654555
28,256,3,32,2,14,196,32,2304,0.0536469
28,256,3,64,2,14,196,64,2304,0.0571188
28,256,3,92,2,14,196,92,2304,0.05460165
28,256,3,128,2,14,196,128,2304,0.0536469
28,256,3,192,2,14,196,192,2304,0.0531261
28,256,3,256,2,14,196,256,2304,0.0545148
28,256,5,32,2,13,169,32,6400,0.0361116
28,256,5,64,2,13,169,64,6400,0.0361119
28,256,5,92,2,13,169,92,6400,0.0440982
28,256,5,128,2,13,169,128,6400,0.0342018
28,256,5,192,2,13,169,192,6400,0.036372
28,256,5,256,2,13,169,256,6400,0.0369798
28,256,7,32,2,12,144,32,12544,0.0636297
28,256,7,64,2,12,144,64,12544,0.06128565
28,256,7,92,2,12,144,92,12544,0.0672753
28,256,7,128,2,12,144,128,12544,0.0559035
28,256,7,192,2,12,144,192,12544,0.0521712
28,256,7,256,2,12,144,256,12544,0.12517545
28,256,11,32,2,10,100,32,30976,0.05408085
28,256,11,64,2,10,100,64,30976,0.0539073
28,256,11,92,2,10,100,92,30976,0.0592023
28,256,11,128,2,10,100,128,30976,0.05729235
28,256,11,192,2,10,100,192,30976,0.05408115
28,256,11,256,2,10,100,256,30976,0.0592023
56,32,1,32,2,29,841,32,32,0.0347229
56,32,1,64,2,29,841,64,32,0.03489615
56,32,1,92,2,29,841,92,32,0.0343752
56,32,1,128,2,29,841,128,32,0.0357642
56,32,1,192,2,29,841,192,32,0.0372399
56,32,1,256,2,29,841,256,32,0.03507015
56,32,3,32,2,28,784,32,288,0.0534732
56,32,3,64,2,28,784,64,288,0.05755305
56,32,3,92,2,28,784,92,288,0.0543414
56,32,3,128,2,28,784,128,288,0.0625011
56,32,3,192,2,28,784,192,288,0.05425455
56,32,3,256,2,28,784,256,288,0.0535599
56,32,5,32,2,27,729,32,800,0.05286585
56,32,5,64,2,27,729,64,800,0.05408085
56,32,5,92,2,27,729,92,800,0.0537336
56,32,5,128,2,27,729,128,800,0.0532998
56,32,5,192,2,27,729,192,800,0.0532998
56,32,5,256,2,27,729,256,800,0.05677185
56,32,7,32,2,26,676,32,1568,0.0530391
56,32,7,64,2,26,676,64,1568,0.05269185
56,32,7,92,2,26,676,92,1568,0.05382015
56,32,7,128,2,26,676,128,1568,0.0551226
56,32,7,192,2,26,676,192,1568,0.0539073
56,32,7,256,2,26,676,256,1568,0.0638031
56,32,11,32,2,24,576,32,3872,0.0535602
56,32,11,64,2,24,576,64,3872,0.05477505
56,32,11,92,2,24,576,92,3872,0.0546015
56,32,11,128,2,24,576,128,3872,0.0563376
56,32,11,192,2,24,576,192,3872,0.05737935
56,32,11,256,2,24,576,256,3872,0.0548616
56,64,1,32,2,29,841,32,64,0.03489645
56,64,1,64,2,29,841,64,64,0.03498315
56,64,1,92,2,29,841,92,64,0.0382818
56,64,1,128,2,29,841,128,64,0.0376743
56,64,1,192,2,29,841,192,64,0.0352419
56,64,1,256,2,29,841,256,64,0.035502
56,64,3,32,2,28,784,32,576,0.0526893
56,64,3,64,2,28,784,64,576,0.0514737
56,64,3,92,2,28,784,92,576,0.0569424
56,64,3,128,2,28,784,128,576,0.05277585
56,64,3,192,2,28,784,192,576,0.0585045
56,64,3,256,2,28,784,256,576,0.0542517
56,64,5,32,2,27,729,32,1600,0.05347005
56,64,5,64,2,27,729,64,1600,0.05485905
56,64,5,92,2,27,729,92,1600,0.05286285
56,64,5,128,2,27,729,128,1600,0.05303655
56,64,5,192,2,27,729,192,1600,0.05390445
56,64,5,256,2,27,729,256,1600,0.05416485
56,64,7,32,2,26,676,32,3136,0.05425155
56,64,7,64,2,26,676,64,3136,0.05407815
56,64,7,92,2,26,676,92,3136,0.0535572
56,64,7,128,2,26,676,128,3136,0.05537985
56,64,7,192,2,26,676,192,3136,0.0601542
56,64,7,256,2,26,676,256,3136,0.05477265
56,64,11,32,2,24,576,32,7744,0.0564216
56,64,11,64,2,24,576,64,7744,0.07343505
56,64,11,92,2,24,576,92,7744,0.0532101
56,64,11,128,2,24,576,128,7744,0.05529405
56,64,11,192,2,24,576,192,7744,0.04991145
56,64,11,256,2,24,576,256,7744,0.05841795
56,92,1,32,2,29,841,32,92,0.03263805
56,92,1,64,2,29,841,64,92,0.0361968
56,92,1,92,2,29,841,92,92,0.03428685
56,92,1,128,2,29,841,128,92,0.0346347
56,92,1,192,2,29,841,192,92,0.0354156
56,92,1,256,2,29,841,256,92,0.0353286
56,92,3,32,2,28,784,32,828,0.05694315
56,92,3,64,2,28,784,64,828,0.0539913
56,92,3,92,2,28,784,92,828,0.0775152
56,92,3,128,2,28,784,128,828,0.0533841
56,92,3,192,2,28,784,192,828,0.05147415
56,92,3,256,2,28,784,256,828,0.0568563
56,92,5,32,2,27,729,32,2300,0.0537315
56,92,5,64,2,27,729,64,2300,0.055554
56,92,5,92,2,27,729,92,2300,0.0559881
56,92,5,128,2,27,729,128,2300,0.05347095
56,92,5,192,2,27,729,192,2300,0.0552936
56,92,5,256,2,27,729,256,2300,0.0553803
56,92,7,32,2,26,676,32,4508,0.06032805
56,92,7,64,2,26,676,64,4508,0.0539046
56,92,7,92,2,26,676,92,4508,0.0590265
56,92,7,128,2,26,676,128,4508,0.06084915
56,92,7,192,2,26,676,192,4508,0.05893935
56,92,7,256,2,26,676,256,4508,0.06744615
56,92,11,32,2,24,576,32,11132,0.06171735
56,92,11,64,2,24,576,64,11132,0.0586788
56,92,11,92,2,24,576,92,11132,0.0599817
56,92,11,128,2,24,576,128,11132,0.04965165
56,92,11,192,2,24,576,192,11132,0.0478287
56,92,11,256,2,24,576,256,11132,0.0757797
56,128,1,32,2,29,841,32,128,0.03480855
56,128,1,64,2,29,841,64,128,0.03515565
56,128,1,92,2,29,841,92,128,0.0360234
56,128,1,128,2,29,841,128,128,0.03480855
56,128,1,192,2,29,841,192,128,0.03524205
56,128,1,256,2,29,841,256,128,0.0371523
56,128,3,32,2,28,784,32,1152,0.05069355
56,128,3,64,2,28,784,64,1152,0.05485995
56,128,3,92,2,28,784,92,1152,0.0500856
56,128,3,128,2,28,784,128,1152,0.0553809
56,128,3,192,2,28,784,192,1152,0.053124
56,128,3,256,2,28,784,256,1152,0.0562488
56,128,5,32,2,27,729,32,3200,0.05538105
56,128,5,64,2,27,729,64,3200,0.0543393
56,128,5,92,2,27,729,92,3200,0.05069355
56,128,5,128,2,27,729,128,3200,0.0651027
56,128,5,192,2,27,729,192,3200,0.05737755
56,128,5,256,2,27,729,256,3200,0.053037
56,128,7,32,2,26,676,32,6272,0.0552942
56,128,7,64,2,26,676,64,6272,0.0569433
56,128,7,92,2,26,676,92,6272,0.057117
56,128,7,128,2,26,676,128,6272,0.05841885
56,128,7,192,2,26,676,192,6272,0.04913115
56,128,7,256,2,26,676,256,6272,0.0475686
56,128,11,32,2,24,576,32,15488,0.0672732
56,128,11,64,2,24,576,64,15488,0.07378365
56,128,11,92,2,24,576,92,15488,0.0638007
56,128,11,128,2,24,576,128,15488,0.0519087
56,128,11,192,2,24,576,192,15488,0.0583329
56,128,11,256,2,24,576,256,15488,0.0602424
56,192,1,32,2,29,841,32,192,0.0329856
56,192,1,64,2,29,841,64,192,0.0369789
56,192,1,92,2,29,841,92,192,0.03489555
56,192,1,128,2,29,841,128,192,0.03281205
56,192,1,192,2,29,841,192,192,0.03862785
56,192,1,256,2,29,841,256,192,0.0358503
56,192,3,32,2,28,784,32,1728,0.0552945
56,192,3,64,2,28,784,64,1728,0.05538105
56,192,3,92,2,28,784,92,1728,0.05043315
56,192,3,128,2,28,784,128,1728,0.0554682
56,192,3,192,2,28,784,192,1728,0.0540792
56,192,3,256,2,28,784,256,1728,0.0551208
56,192,5,32,2,27,729,32,4800,0.0545997
56,192,5,64,2,27,729,64,4800,0.0538185
56,192,5,92,2,27,729,92,4800,0.0578118
56,192,5,128,2,27,729,128,4800,0.0575514
56,192,5,192,2,27,729,192,4800,0.06154455
56,192,5,256,2,27,729,256,4800,0.04878465
56,192,7,32,2,26,676,32,9408,0.05390565
56,192,7,64,2,26,676,64,9408,0.05607585
56,192,7,92,2,26,676,92,9408,0.05468715
56,192,7,128,2,26,676,128,9408,0.0515616
56,192,7,192,2,26,676,192,9408,0.0486972
56,192,7,256,2,26,676,256,9408,0.0603294
56,192,11,32,2,24,576,32,23232,0.0647562
56,192,11,64,2,24,576,64,23232,0.056076
56,192,11,92,2,24,576,92,23232,0.0552945
56,192,11,128,2,24,576,128,23232,0.07482585
56,192,11,192,2,24,576,192,23232,0.0802077
56,192,11,256,2,24,576,256,23232,0.08177055
56,256,1,32,2,29,841,32,256,0.0356769
56,256,1,64,2,29,841,64,256,0.0356769
56,256,1,92,2,29,841,92,256,0.03498255
56,256,1,128,2,29,841,128,256,0.03680565
56,256,1,192,2,29,841,192,256,0.03498285
56,256,1,256,2,29,841,256,256,0.0356769
56,256,3,32,2,28,784,32,2304,0.0543405
56,256,3,64,2,28,784,64,2304,0.0532983
56,256,3,92,2,28,784,92,2304,0.0545136
56,256,3,128,2,28,784,128,2304,0.05416665
56,256,3,192,2,28,784,192,2304,0.06215235
56,256,3,256,2,28,784,256,2304,0.05677035
56,256,5,32,2,27,729,32,6400,0.05642355
56,256,5,64,2,27,729,64,6400,0.05486085
56,256,5,92,2,27,729,92,6400,0.06076365
56,256,5,128,2,27,729,128,6400,0.1046001
56,256,5,192,2,27,729,192,6400,0.05538195
56,256,5,256,2,27,729,256,6400,0.04661445
56,256,7,32,2,26,676,32,12544,0.0559029
56,256,7,64,2,26,676,64,12544,0.05972235
56,256,7,92,2,26,676,92,12544,0.08107635
56,256,7,128,2,26,676,128,12544,0.08012145
56,256,7,192,2,26,676,192,12544,0.0939237
56,256,7,256,2,26,676,256,12544,0.0528645
56,256,11,32,2,24,576,32,30976,0.056337
56,256,11,64,2,24,576,64,30976,0.055122
56,256,11,92,2,24,576,92,30976,0.0548613
56,256,11,128,2,24,576,128,30976,0.08229165
56,256,11,192,2,24,576,192,30976,0.12717015
56,256,11,256,2,24,576,256,30976,0.0830733
112,32,1,32,2,57,3249,32,32,0.0345486
112,32,1,64,2,57,3249,64,32,0.0375867
112,32,1,92,2,57,3249,92,32,0.03628515
112,32,1,128,2,57,3249,128,32,0.0344613
112,32,1,192,2,57,3249,192,32,0.03411465
112,32,1,256,2,57,3249,256,32,0.03480885
112,32,3,32,2,56,3136,32,288,0.0559029
112,32,3,64,2,56,3136,64,288,0.0595488
112,32,3,92,2,56,3136,92,288,0.05191005
112,32,3,128,2,56,3136,128,288,0.0564237
112,32,3,192,2,56,3136,192,288,0.0560769
112,32,3,256,2,56,3136,256,288,0.0545139
112,32,5,32,2,55,3025,32,800,0.0618927
112,32,5,64,2,55,3025,64,800,0.0569445
112,32,5,92,2,55,3025,92,800,0.0529515
112,32,5,128,2,55,3025,128,800,0.0533856
112,32,5,192,2,55,3025,192,800,0.05598945
112,32,5,256,2,55,3025,256,800,0.06718785
112,32,7,32,2,54,2916,32,1568,0.05677065
112,32,7,64,2,54,2916,64,1568,0.0572052
112,32,7,92,2,54,2916,92,1568,0.0546876
112,32,7,128,2,54,2916,128,1568,0.0570312
112,32,7,192,2,54,2916,192,1568,0.0696183
112,32,7,256,2,54,2916,256,1568,0.05711835
112,32,11,32,2,52,2704,32,3872,0.057726
112,32,11,64,2,52,2704,64,3872,0.05902815
112,32,11,92,2,52,2704,92,3872,0.0548613
112,32,11,128,2,52,2704,128,3872,0.05442735
112,32,11,192,2,52,2704,192,3872,0.0477435
112,32,11,256,2,52,2704,256,3872,0.09036465
112,64,1,32,2,57,3249,32,64,0.03428835
112,64,1,64,2,57,3249,64,64,0.0352431
112,64,1,92,2,57,3249,92,64,0.03307335
112,64,1,128,2,57,3249,128,64,0.0347223
112,64,1,192,2,57,3249,192,64,0.0325524
112,64,1,256,2,57,3249,256,64,0.03394095
112,64,3,32,2,56,3136,32,576,0.05390655
112,64,3,64,2,56,3136,64,576,0.05260455
112,64,3,92,2,56,3136,92,576,0.053733
112,64,3,128,2,56,3136,128,576,0.05407995
112,64,3,192,2,56,3136,192,576,0.0645834
112,64,3,256,2,56,3136,256,576,0.05382
112,64,5,32,2,55,3025,32,1600,0.05538255
112,64,5,64,2,55,3025,64,1600,0.05520855
112,64,5,92,2,55,3025,92,1600,0.05720505
112,64,5,128,2,55,3025,128,1600,0.06328155
112,64,5,192,2,55,3025,192,1600,0.0586806
112,64,5,256,2,55,3025,256,1600,0.0697053
112,64,7,32,2,54,2916,32,3136,0.0606774
112,64,7,64,2,54,2916,64,3136,0.0742188
112,64,7,92,2,54,2916,92,3136,0.0549486
112,64,7,128,2,54,2916,128,3136,0.0542541
112,64,7,192,2,54,2916,192,3136,0.05164965
112,64,7,256,2,54,2916,256,3136,0.06154545
112,64,11,32,2,52,2704,32,7744,0.0568578
112,64,11,64,2,52,2704,64,7744,0.059028
112,64,11,92,2,52,2704,92,7744,0.1057299
112,64,11,128,2,52,2704,128,7744,0.0635421
112,64,11,192,2,52,2704,192,7744,0.07326435
112,64,11,256,2,52,2704,256,7744,0.07500045
112,92,1,32,2,57,3249,32,92,0.03602445
112,92,1,64,2,57,3249,64,92,0.0361116
112,92,1,92,2,57,3249,92,92,0.03446205
112,92,1,128,2,57,3249,128,92,0.0352434
112,92,1,192,2,57,3249,192,92,0.0338544
112,92,1,256,2,57,3249,256,92,0.0341148
112,92,3,32,2,56,3136,32,828,0.06822945
112,92,3,64,2,56,3136,64,828,0.0629346
112,92,3,92,2,56,3136,92,828,0.0579864
112,92,3,128,2,56,3136,128,828,0.0615453
112,92,3,192,2,56,3136,192,828,0.07039995
112,92,3,256,2,56,3136,256,828,0.0561636
112,92,5,32,2,55,3025,32,2300,0.054948
112,92,5,64,2,55,3025,64,2300,0.0556428
112,92,5,92,2,55,3025,92,2300,0.06961905
112,92,5,128,2,55,3025,128,2300,0.05937555
112,92,5,192,2,55,3025,192,2300,0.04982655
112,92,5,256,2,55,3025,256,2300,0.0547746
112,92,7,32,2,54,2916,32,4508,0.0570315
112,92,7,64,2,54,2916,64,4508,0.0571185
112,92,7,92,2,54,2916,92,4508,0.05295165
112,92,7,128,2,54,2916,128,4508,0.059115
112,92,7,192,2,54,2916,192,4508,0.0638025
112,92,7,256,2,54,2916,256,4508,0.08897655
112,92,11,32,2,52,2704,32,11132,0.05442765
112,92,11,64,2,52,2704,64,11132,0.060591
112,92,11,92,2,52,2704,92,11132,0.0838548
112,92,11,128,2,52,2704,128,11132,0.06883755
112,92,11,192,2,52,2704,192,11132,0.0687504
112,92,11,256,2,52,2704,256,11132,0.06684105
112,128,1,32,2,57,3249,32,128,0.0345489
112,128,1,64,2,57,3249,64,128,0.03446205
112,128,1,92,2,57,3249,92,128,0.0358512
112,128,1,128,2,57,3249,128,128,0.0346356
112,128,1,192,2,57,3249,192,128,0.0348096
112,128,1,256,2,57,3249,256,128,0.03428865
112,128,3,32,2,56,3136,32,1152,0.05538285
112,128,3,64,2,56,3136,64,1152,0.0547746
112,128,3,92,2,56,3136,92,1152,0.0534729
112,128,3,128,2,56,3136,128,1152,0.05816055
112,128,3,192,2,56,3136,192,1152,0.0568581
112,128,3,256,2,56,3136,256,1152,0.05581635
112,128,5,32,2,55,3025,32,3200,0.05460135
112,128,5,64,2,55,3025,64,3200,0.071355
112,128,5,92,2,55,3025,92,3200,0.05434035
112,128,5,128,2,55,3025,128,3200,0.04948005
112,128,5,192,2,55,3025,192,3200,0.0507816
112,128,5,256,2,55,3025,256,3200,0.0663201
112,128,7,32,2,54,2916,32,6272,0.0707475
112,128,7,64,2,54,2916,64,6272,0.0676224
112,128,7,92,2,54,2916,92,6272,0.0883692
112,128,7,128,2,54,2916,128,6272,0.0574659
112,128,7,192,2,54,2916,192,6272,0.06171945
112,128,7,256,2,54,2916,256,6272,0.07586865
112,128,11,32,2,52,2704,32,15488,0.056337
112,128,11,64,2,52,2704,64,15488,0.06276105
112,128,11,92,2,52,2704,92,15488,0.10008885
112,128,11,128,2,52,2704,128,15488,0.0672756
112,128,11,192,2,52,2704,192,15488,0.0672759
112,128,11,256,2,52,2704,256,15488,0.0619803
112,192,1,32,2,57,3249,32,192,0.0368061
112,192,1,64,2,57,3249,64,192,0.0339414
112,192,1,92,2,57,3249,92,192,0.03289995
112,192,1,128,2,57,3249,128,192,0.0353304
112,192,1,192,2,57,3249,192,192,0.0344625
112,192,1,256,2,57,3249,256,192,0.03689265
112,192,3,32,2,56,3136,32,1728,0.0546885
112,192,3,64,2,56,3136,64,1728,0.05790015
112,192,3,92,2,56,3136,92,1728,0.05451495
112,192,3,128,2,56,3136,128,1728,0.0932307
112,192,3,192,2,56,3136,192,1728,0.0577266
112,192,3,256,2,56,3136,256,1728,0.1092033
112,192,5,32,2,55,3025,32,4800,0.0686643
112,192,5,64,2,55,3025,64,4800,0.0542541
112,192,5,92,2,55,3025,92,4800,0.0669285
112,192,5,128,2,55,3025,128,4800,0.06944565
112,192,5,192,2,55,3025,192,4800,0.08142465
112,192,5,256,2,55,3025,256,4800,0.0703134
112,192,7,32,2,54,2916,32,9408,0.0546885
112,192,7,64,2,54,2916,64,9408,0.0733518
112,192,7,92,2,54,2916,92,9408,0.06692835
112,192,7,128,2,54,2916,128,9408,0.067275
112,192,7,192,2,54,2916,192,9408,0.06579945
112,192,7,256,2,54,2916,256,9408,0.0965292
112,192,11,32,2,52,2704,32,23232,0.0670146
112,192,11,64,2,52,2704,64,23232,0.08741445
112,192,11,92,2,52,2704,92,23232,0.0939252
112,192,11,128,2,52,2704,128,23232,0.063369
112,192,11,192,2,52,2704,192,23232,0.0690111
112,192,11,256,2,52,2704,256,23232,0.10234485
112,256,1,32,2,57,3249,32,256,0.0367194
112,256,1,64,2,57,3249,64,256,0.03498315
112,256,1,92,2,57,3249,92,256,0.0358515
112,256,1,128,2,57,3249,128,256,0.03758715
112,256,1,192,2,57,3249,192,256,0.0371532
112,256,1,256,2,57,3249,256,256,0.04140705
112,256,3,32,2,56,3136,32,2304,0.0658863
112,256,3,64,2,56,3136,64,2304,0.0684909
112,256,3,92,2,56,3136,92,2304,0.05512245
112,256,3,128,2,56,3136,128,2304,0.0755217
112,256,3,192,2,56,3136,192,2304,0.04974015
112,256,3,256,2,56,3136,256,2304,0.0609381
112,256,5,32,2,55,3025,32,6400,0.0558168
112,256,5,64,2,55,3025,64,6400,0.0929697
112,256,5,92,2,55,3025,92,6400,0.05147655
112,256,5,128,2,55,3025,128,6400,0.0619797
112,256,5,192,2,55,3025,192,6400,0.0802965
112,256,5,256,2,55,3025,256,6400,0.06944535
112,256,7,32,2,54,2916,32,12544,0.0578133
112,256,7,64,2,54,2916,64,12544,0.0556437
112,256,7,92,2,54,2916,92,12544,0.08151195
112,256,7,128,2,54,2916,128,12544,0.09375135
112,256,7,192,2,54,2916,192,12544,0.0667542
112,256,7,256,2,54,2916,256,12544,0.0883692
112,256,11,32,2,52,2704,32,30976,0.08159895
112,256,11,64,2,52,2704,64,30976,0.08333505
112,256,11,92,2,52,2704,92,30976,0.0991341
112,256,11,128,2,52,2704,128,30976,0.0906267
112,256,11,192,2,52,2704,192,30976,0.06658065
112,256,11,256,2,52,2704,256,30976,0.1163211
224,32,1,32,2,113,12769,32,32,0.0427959
224,32,1,64,2,113,12769,64,32,0.0445323
224,32,1,92,2,113,12769,92,32,0.0442716
224,32,1,128,2,113,12769,128,32,0.044445
224,32,1,192,2,113,12769,192,32,0.0359376
224,32,1,256,2,113,12769,256,32,0.0375009
224,32,3,32,2,112,12544,32,288,0.0539937
224,32,3,64,2,112,12544,64,288,0.0561639
224,32,3,92,2,112,12544,92,288,0.0616332
224,32,3,128,2,112,12544,128,288,0.06553935
224,32,3,192,2,112,12544,192,288,0.06328245
224,32,3,256,2,112,12544,256,288,0.05303895
224,32,5,32,2,111,12321,32,800,0.05451465
224,32,5,64,2,111,12321,64,800,0.0637164
224,32,5,92,2,111,12321,92,800,0.0556428
224,32,5,128,2,111,12321,128,800,0.0583344
224,32,5,192,2,111,12321,192,800,0.05546955
224,32,5,256,2,111,12321,256,800,0.05911545
224,32,7,32,2,110,12100,32,1568,0.0572058
224,32,7,64,2,110,12100,64,1568,0.06423705
224,32,7,92,2,110,12100,92,1568,0.0611124
224,32,7,128,2,110,12100,128,1568,0.05529615
224,32,7,192,2,110,12100,192,1568,0.0790809
224,32,7,256,2,110,12100,256,1568,0.0718758
224,32,11,32,2,108,11664,32,3872,0.0589419
224,32,11,64,2,108,11664,64,3872,0.05642445
224,32,11,92,2,108,11664,92,3872,0.05729235
224,32,11,128,2,108,11664,128,3872,0.07413315
224,32,11,192,2,108,11664,192,3872,0.09895935
224,32,11,256,2,108,11664,256,3872,0.0959217
224,64,1,32,2,113,12769,32,64,0.03862935
224,64,1,64,2,113,12769,64,64,0.03715335
224,64,1,92,2,113,12769,92,64,0.0388026
224,64,1,128,2,113,12769,128,64,0.0366327
224,64,1,192,2,113,12769,192,64,0.0374139
224,64,1,256,2,113,12769,256,64,0.0384552
224,64,3,32,2,112,12544,32,576,0.0559038
224,64,3,64,2,112,12544,64,576,0.0550356
224,64,3,92,2,112,12544,92,576,0.05442765
224,64,3,128,2,112,12544,128,576,0.05520915
224,64,3,192,2,112,12544,192,576,0.0537333
224,64,3,256,2,112,12544,256,576,0.0526047
224,64,5,32,2,111,12321,32,1600,0.07204965
224,64,5,64,2,111,12321,64,1600,0.06059145
224,64,5,92,2,111,12321,92,1600,0.0789945
224,64,5,128,2,111,12321,128,1600,0.0574659
224,64,5,192,2,111,12321,192,1600,0.067449
224,64,5,256,2,111,12321,256,1600,0.07343865
224,64,7,32,2,110,12100,32,3136,0.08585205
224,64,7,64,2,110,12100,64,3136,0.08541795
224,64,7,92,2,110,12100,92,3136,0.05677155
224,64,7,128,2,110,12100,128,3136,0.0888033
224,64,7,192,2,110,12100,192,3136,0.0662337
224,64,7,256,2,110,12100,256,3136,0.0718758
224,64,11,32,2,108,11664,32,7744,0.06588645
224,64,11,64,2,108,11664,64,7744,0.06250095
224,64,11,92,2,108,11664,92,7744,0.0638895
224,64,11,128,2,108,11664,128,7744,0.10434045
224,64,11,192,2,108,11664,192,7744,0.09375045
224,64,11,256,2,108,11664,256,7744,0.08411535
224,92,1,32,2,113,12769,32,92,0.0399306
224,92,1,64,2,113,12769,64,92,0.0446184
224,92,1,92,2,113,12769,92,92,0.04375035
224,92,1,128,2,113,12769,128,92,0.03914985
224,92,1,192,2,113,12769,192,92,0.0371532
224,92,1,256,2,113,12769,256,92,0.04418415
224,92,3,32,2,112,12544,32,828,0.0716154
224,92,3,64,2,112,12544,64,828,0.06727515
224,92,3,92,2,112,12544,92,828,0.0549489
224,92,3,128,2,112,12544,128,828,0.0742191
224,92,3,192,2,112,12544,192,828,0.0567711
224,92,3,256,2,112,12544,256,828,0.060678
224,92,5,32,2,111,12321,32,2300,0.06553905
224,92,5,64,2,111,12321,64,2300,0.0580731
224,92,5,92,2,111,12321,92,2300,0.0609381
224,92,5,128,2,111,12321,128,2300,0.08107755
224,92,5,192,2,111,12321,192,2300,0.0657123
224,92,5,256,2,111,12321,256,2300,0.1262166
224,92,7,32,2,110,12100,32,4508,0.0822927
224,92,7,64,2,110,12100,64,4508,0.0579867
224,92,7,92,2,110,12100,92,4508,0.06354255
224,92,7,128,2,110,12100,128,4508,0.0893238
224,92,7,192,2,110,12100,192,4508,0.07361205
224,92,7,256,2,110,12100,256,4508,0.0768237
224,92,11,32,2,108,11664,32,11132,0.0986991
224,92,11,64,2,108,11664,64,11132,0.06475755
224,92,11,92,2,108,11664,92,11132,0.0712683
224,92,11,128,2,108,11664,128,11132,0.09175455
224,92,11,192,2,108,11664,192,11132,0.09774405
224,92,11,256,2,108,11664,256,11132,0.10017495
224,128,1,32,2,113,12769,32,128,0.03958365
224,128,1,64,2,113,12769,64,128,0.04626795
224,128,1,92,2,113,12769,92,128,0.03585105
224,128,1,128,2,113,12769,128,128,0.04236105
224,128,1,192,2,113,12769,192,128,0.04322985
224,128,1,256,2,113,12769,256,128,0.03559095
224,128,3,32,2,112,12544,32,1152,0.05711895
224,128,3,64,2,112,12544,64,1152,0.065973
224,128,3,92,2,112,12544,92,1152,0.06762255
224,128,3,128,2,112,12544,128,1152,0.05564295
224,128,3,192,2,112,12544,192,1152,0.0656259
224,128,3,256,2,112,12544,256,1152,0.0614592
224,128,5,32,2,111,12321,32,3200,0.0591156
224,128,5,64,2,111,12321,64,3200,0.06814335
224,128,5,92,2,111,12321,92,3200,0.0588549
224,128,5,128,2,111,12321,128,3200,0.0966156
224,128,5,192,2,111,12321,192,3200,0.07586895
224,128,5,256,2,111,12321,256,3200,0.1004349
224,128,7,32,2,110,12100,32,6272,0.0543411
224,128,7,64,2,110,12100,64,6272,0.06432345
224,128,7,92,2,110,12100,92,6272,0.0649314
224,128,7,128,2,110,12100,128,6272,0.09331695
224,128,7,192,2,110,12100,192,6272,0.10078245
224,128,7,256,2,110,12100,256,6272,0.11362995
224,128,11,32,2,108,11664,32,15488,0.096963
224,128,11,64,2,108,11664,64,15488,0.0711813
224,128,11,92,2,108,11664,92,15488,0.07352535
224,128,11,128,2,108,11664,128,15488,0.06875055
224,128,11,192,2,108,11664,192,15488,0.08246595
224,128,11,256,2,108,11664,256,15488,0.1181439
224,192,1,32,2,113,12769,32,192,0.0370656
224,192,1,64,2,113,12769,64,192,0.0384552
224,192,1,92,2,113,12769,92,192,0.03802155
224,192,1,128,2,113,12769,128,192,0.0353301
224,192,1,192,2,113,12769,192,192,0.0460944
224,192,1,256,2,113,12769,256,192,0.03654585
224,192,3,32,2,112,12544,32,1728,0.0651045
224,192,3,64,2,112,12544,64,1728,0.0543411
224,192,3,92,2,112,12544,92,1728,0.0555564
224,192,3,128,2,112,12544,128,1728,0.094272
224,192,3,192,2,112,12544,192,1728,0.0579
224,192,3,256,2,112,12544,256,1728,0.0683166
224,192,5,32,2,111,12321,32,4800,0.0649314
224,192,5,64,2,111,12321,64,4800,0.07257045
224,192,5,92,2,111,12321,92,4800,0.06119865
224,192,5,128,2,111,12321,128,4800,0.09288285
224,192,5,192,2,111,12321,192,4800,0.11788365
224,192,5,256,2,111,12321,256,4800,0.1107651
224,192,7,32,2,110,12100,32,9408,0.05677155
224,192,7,64,2,110,12100,64,9408,0.0637158
224,192,7,92,2,110,12100,92,9408,0.0754344
224,192,7,128,2,110,12100,128,9408,0.06892455
224,192,7,192,2,110,12100,192,9408,0.0738726
224,192,7,256,2,110,12100,256,9408,0.11232765
224,192,11,32,2,108,11664,32,23232,0.11328285
224,192,11,64,2,108,11664,64,23232,0.11553945
224,192,11,92,2,108,11664,92,23232,0.0734382
224,192,11,128,2,108,11664,128,23232,0.10321335
224,192,11,192,2,108,11664,192,23232,0.0670146
224,192,11,256,2,108,11664,256,23232,0.07734465
224,256,1,32,2,113,12769,32,256,0.0459207
224,256,1,64,2,113,12769,64,256,0.0480042
224,256,1,92,2,113,12769,92,256,0.0467889
224,256,1,128,2,113,12769,128,256,0.0352434
224,256,1,192,2,113,12769,192,256,0.04027785
224,256,1,256,2,113,12769,256,256,0.03932355
224,256,3,32,2,112,12544,32,2304,0.0616326
224,256,3,64,2,112,12544,64,2304,0.05807355
224,256,3,92,2,112,12544,92,2304,0.0598098
224,256,3,128,2,112,12544,128,2304,0.0684903
224,256,3,192,2,112,12544,192,2304,0.0852444
224,256,3,256,2,112,12544,256,2304,0.0770841
224,256,5,32,2,111,12321,32,6400,0.0839418
224,256,5,64,2,111,12321,64,6400,0.067449
224,256,5,92,2,111,12321,92,6400,0.05989635
224,256,5,128,2,111,12321,128,6400,0.10338705
224,256,5,192,2,111,12321,192,6400,0.08394195
224,256,5,256,2,111,12321,256,6400,0.08263965
224,256,7,32,2,110,12100,32,12544,0.08585145
224,256,7,64,2,110,12100,64,12544,0.0886296
224,256,7,92,2,110,12100,92,12544,0.07126815
224,256,7,128,2,110,12100,128,12544,0.1283874
224,256,7,192,2,110,12100,192,12544,0.11779665
224,256,7,256,2,110,12100,256,12544,0.08359485
224,256,11,32,2,108,11664,32,30976,0.0698793
224,256,11,64,2,108,11664,64,30976,0.111807
224,256,11,92,2,108,11664,92,30976,0.0677091
224,256,11,128,2,108,11664,128,30976,0.07022655
224,256,11,192,2,108,11664,192,30976,0.1165809
224,256,11,256,2,108,11664,256,30976,0.1222239
28,32,1,32,1,28,784,32,32,0.03524385
28,32,1,64,1,28,784,64,32,0.03515685
28,32,1,92,1,28,784,92,32,0.0351573
28,32,1,128,1,28,784,128,32,0.0353301
28,32,1,192,1,28,784,192,32,0.03645885
28,32,1,256,1,28,784,256,32,0.03515685
28,32,3,32,1,26,676,32,288,0.05078205
28,32,3,64,1,26,676,64,288,0.05043495
28,32,3,92,1,26,676,92,288,0.04930665
28,32,3,128,1,26,676,128,288,0.05000115
28,32,3,192,1,26,676,192,288,0.0529524
28,32,3,256,1,26,676,256,288,0.05243145
28,32,5,32,1,24,576,32,800,0.0342894
28,32,5,64,1,24,576,64,800,0.0327264
28,32,5,92,1,24,576,92,800,0.03507
28,32,5,128,1,24,576,128,800,0.0348099
28,32,5,192,1,24,576,192,800,0.033768
28,32,5,256,1,24,576,256,800,0.0321192
28,32,7,32,1,22,484,32,1568,0.0533865
28,32,7,64,1,22,484,64,1568,0.0541677
28,32,7,92,1,22,484,92,1568,0.0537333
28,32,7,128,1,22,484,128,1568,0.066147
28,32,7,192,1,22,484,192,1568,0.05694555
28,32,7,256,1,22,484,256,1568,0.0549492
28,32,11,32,1,18,324,32,3872,0.05347305
28,32,11,64,1,18,324,64,3872,0.0518238
28,32,11,92,1,18,324,92,3872,0.0582477
28,32,11,128,1,18,324,128,3872,0.0542547
28,32,11,192,1,18,324,192,3872,0.05451465
28,32,11,256,1,18,324,256,3872,0.0552957
28,64,1,32,1,28,784,32,64,0.03550395
28,64,1,64,1,28,784,64,64,0.0349839
28,64,1,92,1,28,784,92,64,0.0348096
28,64,1,128,1,28,784,128,64,0.0340284
28,64,1,192,1,28,784,192,64,0.03489645
28,64,1,256,1,28,784,256,64,0.0357645
28,64,3,32,1,26,676,32,576,0.05000085
28,64,3,64,1,26,676,64,576,0.0549489
28,64,3,92,1,26,676,92,576,0.0515637
28,64,3,128,1,26,676,128,576,0.5243145
28,64,3,192,1,26,676,192,576,0.0516501
28,64,3,256,1,26,676,256,576,0.05390715
28,64,5,32,1,24,576,32,1600,0.0317715
28,64,5,64,1,24,576,64,1600,0.0336813
28,64,5,92,1,24,576,92,1600,0.03836865
28,64,5,128,1,24,576,128,1600,0.03585135
28,64,5,192,1,24,576,192,1600,0.0370665
28,64,5,256,1,24,576,256,1600,0.03602505
28,64,7,32,1,22,484,32,3136,0.0536469
28,64,7,64,1,22,484,64,3136,0.05468865
28,64,7,92,1,22,484,92,3136,0.05364645
28,64,7,128,1,22,484,128,3136,0.05920245
28,64,7,192,1,22,484,192,3136,0.05538285
28,64,7,256,1,22,484,256,3136,0.08507085
28,64,11,32,1,18,324,32,7744,0.05408115
28,64,11,64,1,18,324,64,7744,0.0570324
28,64,11,92,1,18,324,92,7744,0.0653658
28,64,11,128,1,18,324,128,7744,0.05668515
28,64,11,192,1,18,324,192,7744,0.0542544
28,64,11,256,1,18,324,256,7744,0.06241485
28,92,1,32,1,28,784,32,92,0.03498315
28,92,1,64,1,28,784,64,92,0.035157
28,92,1,92,1,28,784,92,92,0.03706665
28,92,1,128,1,28,784,128,92,0.0353304
28,92,1,192,1,28,784,192,92,0.0361989
28,92,1,256,1,28,784,256,92,0.0358512
28,92,3,32,1,26,676,32,828,0.0531261
28,92,3,64,1,26,676,64,828,0.05399385
28,92,3,92,1,26,676,92,828,0.05243145
28,92,3,128,1,26,676,128,828,0.05581665
28,92,3,192,1,26,676,192,828,0.0552957
28,92,3,256,1,26,676,256,828,0.0559908
28,92,5,32,1,24,576,32,2300,0.0339417
28,92,5,64,1,24,576,64,2300,0.03585165
28,92,5,92,1,24,576,92,2300,0.0638031
28,92,5,128,1,24,576,128,2300,0.0344625
28,92,5,192,1,24,576,192,2300,0.03654555
28,92,5,256,1,24,576,256,2300,0.03585165
28,92,7,32,1,22,484,32,4508,0.05529585
28,92,7,64,1,22,484,64,4508,0.0543414
28,92,7,92,1,22,484,92,4508,0.05616435
28,92,7,128,1,22,484,128,4508,0.06493185
28,92,7,192,1,22,484,192,4508,0.0577272
28,92,7,256,1,22,484,256,4508,0.06423735
28,92,11,32,1,18,324,32,11132,0.05416755
28,92,11,64,1,18,324,64,11132,0.0603306
28,92,11,92,1,18,324,92,11132,0.0614592
28,92,11,128,1,18,324,128,11132,0.05529615
28,92,11,192,1,18,324,192,11132,0.0868074
28,92,11,256,1,18,324,256,11132,0.0539073
28,128,1,32,1,28,784,32,128,0.03550395
28,128,1,64,1,28,784,64,128,0.0358512
28,128,1,92,1,28,784,92,128,0.0327264
28,128,1,128,1,28,784,128,128,0.03385485
28,128,1,192,1,28,784,192,128,0.03515685
28,128,1,256,1,28,784,256,128,0.0361983
28,128,3,32,1,26,676,32,1152,0.05295255
28,128,3,64,1,26,676,64,1152,0.0528654
28,128,3,92,1,26,676,92,1152,0.05217105
28,128,3,128,1,26,676,128,1152,0.0551226
28,128,3,192,1,26,676,192,1152,0.0573792
28,128,3,256,1,26,676,256,1152,0.0534735
28,128,5,32,1,24,576,32,3200,0.03428895
28,128,5,64,1,24,576,64,3200,0.0341151
28,128,5,92,1,24,576,92,3200,0.03619845
28,128,5,128,1,24,576,128,3200,0.0389766
28,128,5,192,1,24,576,192,3200,0.0408864
28,128,5,256,1,24,576,256,3200,0.04783065
28,128,7,32,1,22,484,32,6272,0.0549492
28,128,7,64,1,22,484,64,6272,0.05685885
28,128,7,92,1,22,484,92,6272,0.05468835
28,128,7,128,1,22,484,128,6272,0.05920245
28,128,7,192,1,22,484,192,6272,0.0576399
28,128,7,256,1,22,484,256,6272,0.05416755
28,128,11,32,1,18,324,32,15488,0.0626748
28,128,11,64,1,18,324,64,15488,0.0543411
28,128,11,92,1,18,324,92,15488,0.052518
28,128,11,128,1,18,324,128,15488,0.0560772
28,128,11,192,1,18,324,192,15488,0.0617196
28,128,11,256,1,18,324,256,15488,0.0537342
28,192,1,32,1,28,784,32,192,0.0354171
28,192,1,64,1,28,784,64,192,0.03585135
28,192,1,92,1,28,784,92,192,0.0343755
28,192,1,128,1,28,784,128,192,0.03628545
28,192,1,192,1,28,784,192,192,0.03385485
28,192,1,256,1,28,784,256,192,0.0360252
28,192,3,32,1,26,676,32,1728,0.05416785
28,192,3,64,1,26,676,64,1728,0.0513897
28,192,3,92,1,26,676,92,1728,0.0527787
28,192,3,128,1,26,676,128,1728,0.0555564
28,192,3,192,1,26,676,192,1728,0.05442795
28,192,3,256,1,26,676,256,1728,0.05538315
28,192,5,32,1,24,576,32,4800,0.03480945
28,192,5,64,1,24,576,64,4800,0.0347229
28,192,5,92,1,24,576,92,4800,0.0466155
28,192,5,128,1,24,576,128,4800,0.0333342
28,192,5,192,1,24,576,192,4800,0.05060835
28,192,5,256,1,24,576,256,4800,0.0375006
28,192,7,32,1,22,484,32,9408,0.07048695
28,192,7,64,1,22,484,64,9408,0.0667548
28,192,7,92,1,22,484,92,9408,0.0649317
28,192,7,128,1,22,484,128,9408,0.06163305
28,192,7,192,1,22,484,192,9408,0.0472227
28,192,7,256,1,22,484,256,9408,0.0484383
28,192,11,32,1,18,324,32,23232,0.05546985
28,192,11,64,1,18,324,64,23232,0.0546018
28,192,11,92,1,18,324,92,23232,0.0611124
28,192,11,128,1,18,324,128,23232,0.07795245
28,192,11,192,1,18,324,192,23232,0.0572925
28,192,11,256,1,18,324,256,23232,0.07031385
28,256,1,32,1,28,784,32,256,0.03654585
28,256,1,64,1,28,784,64,256,0.0350697
28,256,1,92,1,28,784,92,256,0.03507015
28,256,1,128,1,28,784,128,256,0.03593805
28,256,1,192,1,28,784,192,256,0.035157
28,256,1,256,1,28,784,256,256,0.03506985
28,256,3,32,1,26,676,32,2304,0.0538203
28,256,3,64,1,26,676,64,2304,0.0518238
28,256,3,92,1,26,676,92,2304,0.05416785
28,256,3,128,1,26,676,128,2304,0.055383
28,256,3,192,1,26,676,192,2304,0.0608517
28,256,3,256,1,26,676,256,2304,0.05937645
28,256,5,32,1,24,576,32,6400,0.0347229
28,256,5,64,1,24,576,64,6400,0.0349833
28,256,5,92,1,24,576,92,6400,0.0414936
28,256,5,128,1,24,576,128,6400,0.0451395
28,256,5,192,1,24,576,192,6400,0.0401916
28,256,5,256,1,24,576,256,6400,0.0315108
28,256,7,32,1,22,484,32,12544,0.0618939
28,256,7,64,1,22,484,64,12544,0.0570324
28,256,7,92,1,22,484,92,12544,0.05451465
28,256,7,128,1,22,484,128,12544,0.05651115
28,256,7,192,1,22,484,192,12544,0.0524319
28,256,7,256,1,22,484,256,12544,0.07265715
28,256,11,32,1,18,324,32,30976,0.06606015
28,256,11,64,1,18,324,64,30976,0.0773454
28,256,11,92,1,18,324,92,30976,0.08316105
28,256,11,128,1,18,324,128,30976,0.0577269
28,256,11,192,1,18,324,192,30976,0.0832479
28,256,11,256,1,18,324,256,30976,0.10191165
56,32,1,32,1,56,3136,32,32,0.03307365
56,32,1,64,1,56,3136,64,32,0.03446235
56,32,1,92,1,56,3136,92,32,0.0361983
56,32,1,128,1,56,3136,128,32,0.03437565
56,32,1,192,1,56,3136,192,32,0.0330732
56,32,1,256,1,56,3136,256,32,0.0344625
56,32,3,32,1,54,2916,32,288,0.0547752
56,32,3,64,1,54,2916,64,288,0.05321265
56,32,3,92,1,54,2916,92,288,0.0527787
56,32,3,128,1,54,2916,128,288,0.052692
56,32,3,192,1,54,2916,192,288,0.0541677
56,32,3,256,1,54,2916,256,288,0.052605
56,32,5,32,1,52,2704,32,800,0.0360249
56,32,5,64,1,52,2704,64,800,0.03750045
56,32,5,92,1,52,2704,92,800,0.0400182
56,32,5,128,1,52,2704,128,800,0.03654585
56,32,5,192,1,52,2704,192,800,0.04253535
56,32,5,256,1,52,2704,256,800,0.0368928
56,32,7,32,1,50,2500,32,1568,0.0578133
56,32,7,64,1,50,2500,64,1568,0.06536565
56,32,7,92,1,50,2500,92,1568,0.05946285
56,32,7,128,1,50,2500,128,1568,0.0651051
56,32,7,192,1,50,2500,192,1568,0.0625011
56,32,7,256,1,50,2500,256,1568,0.07014
56,32,11,32,1,46,2116,32,3872,0.05633745
56,32,11,64,1,46,2116,64,3872,0.0582477
56,32,11,92,1,46,2116,92,3872,0.06033105
56,32,11,128,1,46,2116,128,3872,0.0549489
56,32,11,192,1,46,2116,192,3872,0.0963558
56,32,11,256,1,46,2116,256,3872,0.0708345
56,64,1,32,1,56,3136,32,64,0.0343755
56,64,1,64,1,56,3136,64,64,0.03463605
56,64,1,92,1,56,3136,92,64,0.035157
56,64,1,128,1,56,3136,128,64,0.03437565
56,64,1,192,1,56,3136,192,64,0.0353304
56,64,1,256,1,56,3136,256,64,0.0347208
56,64,3,32,1,54,2916,32,576,0.05425155
56,64,3,64,1,54,2916,64,576,0.05451195
56,64,3,92,1,54,2916,92,576,0.0532965
56,64,3,128,1,54,2916,128,576,0.0538179
56,64,3,192,1,54,2916,192,576,0.0570294
56,64,3,256,1,54,2916,256,576,0.05546685
56,64,5,32,1,52,2704,32,1600,0.0364572
56,64,5,64,1,52,2704,64,1600,0.03697785
56,64,5,92,1,52,2704,92,1600,0.0351549
56,64,5,128,1,52,2704,128,1600,0.04045005
56,64,5,192,1,52,2704,192,1600,0.0539913
56,64,5,256,1,52,2704,256,1600,0.0346341
56,64,7,32,1,50,2500,32,3136,0.0587655
56,64,7,64,1,50,2500,64,3136,0.0625848
56,64,7,92,1,50,2500,92,3136,0.05850495
56,64,7,128,1,50,2500,128,3136,0.0536442
56,64,7,192,1,50,2500,192,3136,0.0535572
56,64,7,256,1,50,2500,256,3136,0.06744585
56,64,11,32,1,46,2116,32,7744,0.0555537
56,64,11,64,1,46,2116,64,7744,0.050346
56,64,11,92,1,46,2116,92,7744,0.07682055
56,64,11,128,1,46,2116,128,7744,0.0548592
56,64,11,192,1,46,2116,192,7744,0.0667512
56,64,11,256,1,46,2116,256,7744,0.06058845
56,92,1,32,1,56,3136,32,92,0.0353289
56,92,1,64,1,56,3136,64,92,0.03463455
56,92,1,92,1,56,3136,92,92,0.03680445
56,92,1,128,1,56,3136,128,92,0.03420045
56,92,1,192,1,56,3136,192,92,0.034374
56,92,1,256,1,56,3136,256,92,0.0338532
56,92,3,32,1,54,2916,32,828,0.05416515
56,92,3,64,1,54,2916,64,828,0.0523419
56,92,3,92,1,54,2916,92,828,0.0533838
56,92,3,128,1,54,2916,128,828,0.0549465
56,92,3,192,1,54,2916,192,828,0.05451255
56,92,3,256,1,54,2916,256,828,0.0611964
56,92,5,32,1,52,2704,32,2300,0.0466134
56,92,5,64,1,52,2704,64,2300,0.03558915
56,92,5,92,1,52,2704,92,2300,0.03706485
56,92,5,128,1,52,2704,128,2300,0.04765515
56,92,5,192,1,52,2704,192,2300,0.0381072
56,92,5,256,1,52,2704,256,2300,0.03324555
56,92,7,32,1,50,2500,32,4508,0.05364435
56,92,7,64,1,50,2500,64,4508,0.05928615
56,92,7,92,1,50,2500,92,4508,0.0561618
56,92,7,128,1,50,2500,128,4508,0.0651027
56,92,7,192,1,50,2500,192,4508,0.04643985
56,92,7,256,1,50,2500,256,4508,0.0736962
56,92,11,32,1,46,2116,32,11132,0.0621513
56,92,11,64,1,46,2116,64,11132,0.055728
56,92,11,92,1,46,2116,92,11132,0.058419
56,92,11,128,1,46,2116,128,11132,0.06449445
56,92,11,192,1,46,2116,192,11132,0.06544995
56,92,11,256,1,46,2116,256,11132,0.05755095
56,128,1,32,1,56,3136,32,128,0.03472155
56,128,1,64,1,56,3136,64,128,0.03532935
56,128,1,92,1,56,3136,92,128,0.0361104
56,128,1,128,1,56,3136,128,128,0.03246465
56,128,1,192,1,56,3136,192,128,0.034548
56,128,1,256,1,56,3136,256,128,0.03506865
56,128,3,32,1,54,2916,32,1152,0.05399205
56,128,3,64,1,54,2916,64,1152,0.05260335
56,128,3,92,1,54,2916,92,1152,0.05529405
56,128,3,128,1,54,2916,128,1152,0.0642348
56,128,3,192,1,54,2916,192,1152,0.05329785
56,128,3,256,1,54,2916,256,1152,0.06197805
56,128,5,32,1,52,2704,32,3200,0.03437445
56,128,5,64,1,52,2704,64,3200,0.05164815
56,128,5,92,1,52,2704,92,3200,0.0435756
56,128,5,128,1,52,2704,128,3200,0.03402705
56,128,5,192,1,52,2704,192,3200,0.0342009
56,128,5,256,1,52,2704,256,3200,0.03611055
56,128,7,32,1,50,2500,32,6272,0.09157815
56,128,7,64,1,50,2500,64,6272,0.069183
56,128,7,92,1,50,2500,92,6272,0.0739572
56,128,7,128,1,50,2500,128,6272,0.07291545
56,128,7,192,1,50,2500,192,6272,0.0529506
56,128,7,256,1,50,2500,256,6272,0.08506815
56,128,11,32,1,46,2116,32,15488,0.0661449
56,128,11,64,1,46,2116,64,15488,0.0649296
56,128,11,92,1,46,2116,92,15488,0.0586797
56,128,11,128,1,46,2116,128,15488,0.0982626
56,128,11,192,1,46,2116,192,15488,0.06623205
56,128,11,256,1,46,2116,256,15488,0.06484305
56,192,1,32,1,56,3136,32,192,0.03428745
56,192,1,64,1,56,3136,64,192,0.0336804
56,192,1,92,1,56,3136,92,192,0.0363711
56,192,1,128,1,56,3136,128,192,0.03524295
56,192,1,192,1,56,3136,192,192,0.03541605
56,192,1,256,1,56,3136,256,192,0.0348951
56,192,3,32,1,54,2916,32,1728,0.06423555
56,192,3,64,1,54,2916,64,1728,0.0621519
56,192,3,92,1,54,2916,92,1728,0.05407935
56,192,3,128,1,54,2916,128,1728,0.0671004
56,192,3,192,1,54,2916,192,1728,0.0551208
56,192,3,256,1,54,2916,256,1728,0.0529509
56,192,5,32,1,52,2704,32,4800,0.0390621
56,192,5,64,1,52,2704,64,4800,0.047916
56,192,5,92,1,52,2704,92,4800,0.0422739
56,192,5,128,1,52,2704,128,4800,0.0348951
56,192,5,192,1,52,2704,192,4800,0.04192635
56,192,5,256,1,52,2704,256,4800,0.0367182
56,192,7,32,1,50,2500,32,9408,0.12074535
56,192,7,64,1,50,2500,64,9408,0.07552005
56,192,7,92,1,50,2500,92,9408,0.0823779
56,192,7,128,1,50,2500,128,9408,0.08793315
56,192,7,192,1,50,2500,192,9408,0.05529465
56,192,7,256,1,50,2500,256,9408,0.05876685
56,192,11,32,1,46,2116,32,23232,0.09374955
56,192,11,64,1,46,2116,64,23232,0.10216965
56,192,11,92,1,46,2116,92,23232,0.1000863
56,192,11,128,1,46,2116,128,23232,0.088107
56,192,11,192,1,46,2116,192,23232,0.08663145
56,192,11,256,1,46,2116,256,23232,0.11180505
56,256,1,32,1,56,3136,32,256,0.0351567
56,256,1,64,1,56,3136,64,256,0.0354165
56,256,1,92,1,56,3136,92,256,0.03854115
56,256,1,128,1,56,3136,128,256,0.0351561
56,256,1,192,1,56,3136,192,256,0.03532965
56,256,1,256,1,56,3136,256,256,0.05399265
56,256,3,32,1,54,2916,32,2304,0.0684024
56,256,3,64,1,54,2916,64,2304,0.069531
56,256,3,92,1,54,2916,92,2304,0.07881915
56,256,3,128,1,54,2916,128,2304,0.0736977
56,256,3,192,1,54,2916,192,2304,0.04991295
56,256,3,256,1,54,2916,256,2304,0.05399295
56,256,5,32,1,52,2704,32,6400,0.0427077
56,256,5,64,1,52,2704,64,6400,0.04374945
56,256,5,92,1,52,2704,92,6400,0.0593748
56,256,5,128,1,52,2704,128,6400,0.05130195
56,256,5,192,1,52,2704,192,6400,0.0423609
56,256,5,256,1,52,2704,256,6400,0.03489555
56,256,7,32,1,50,2500,32,12544,0.0782118
56,256,7,64,1,50,2500,64,12544,0.0790797
56,256,7,92,1,50,2500,92,12544,0.0849828
56,256,7,128,1,50,2500,128,12544,0.053559
56,256,7,192,1,50,2500,192,12544,0.06293385
56,256,7,256,1,50,2500,256,12544,0.08263905
56,256,11,32,1,46,2116,32,30976,0.0919272
56,256,11,64,1,46,2116,64,30976,0.1129344
56,256,11,92,1,46,2116,92,30976,0.0572049
56,256,11,128,1,46,2116,128,30976,0.1036458
56,256,11,192,1,46,2116,192,30976,0.0577257
56,256,11,256,1,46,2116,256,30976,0.0623265
112,32,1,32,1,112,12544,32,32,0.0370659
112,32,1,64,1,112,12544,64,32,0.04019115
112,32,1,92,1,112,12544,92,32,0.0383682
112,32,1,128,1,112,12544,128,32,0.0368925
112,32,1,192,1,112,12544,192,32,0.03810765
112,32,1,256,1,112,12544,256,32,0.0380214
112,32,3,32,1,110,12100,32,288,0.1589415
112,32,3,64,1,110,12100,64,288,0.1032987
112,32,3,92,1,110,12100,92,288,0.0500871
112,32,3,128,1,110,12100,128,288,0.1576395
112,32,3,192,1,110,12100,192,288,0.05234385
112,32,3,256,1,110,12100,256,288,0.064236
112,32,5,32,1,108,11664,32,800,0.03706605
112,32,5,64,1,108,11664,64,800,0.0447918
112,32,5,92,1,108,11664,92,800,0.0345489
112,32,5,128,1,108,11664,128,800,0.0761289
112,32,5,192,1,108,11664,192,800,0.0423612
112,32,5,256,1,108,11664,256,800,0.04036455
112,32,7,32,1,106,11236,32,1568,0.0665799
112,32,7,64,1,106,11236,64,1568,0.0989592
112,32,7,92,1,106,11236,92,1568,0.05980905
112,32,7,128,1,106,11236,128,1568,0.057813
112,32,7,192,1,106,11236,192,1568,0.06284745
112,32,7,256,1,106,11236,256,1568,0.06093795
112,32,11,32,1,102,10404,32,3872,0.0592017
112,32,11,64,1,102,10404,64,3872,0.050955
112,32,11,92,1,102,10404,92,3872,0.08437545
112,32,11,128,1,102,10404,128,3872,0.0586809
112,32,11,192,1,102,10404,192,3872,0.055035
112,32,11,256,1,102,10404,256,3872,0.08819535
112,64,1,32,1,112,12544,32,64,0.034983
112,64,1,64,1,112,12544,64,64,0.03281295
112,64,1,92,1,112,12544,92,64,0.0338544
112,64,1,128,1,112,12544,128,64,0.0358509
112,64,1,192,1,112,12544,192,64,0.03793455
112,64,1,256,1,112,12544,256,64,0.03567705
112,64,3,32,1,110,12100,32,576,0.1061634
112,64,3,64,1,110,12100,64,576,0.0673617
112,64,3,92,1,110,12100,92,576,0.0541671
112,64,3,128,1,110,12100,128,576,0.07300395
112,64,3,192,1,110,12100,192,576,0.1536465
112,64,3,256,1,110,12100,256,576,0.0713541
112,64,5,32,1,108,11664,32,1600,0.04809045
112,64,5,64,1,108,11664,64,1600,0.05885415
112,64,5,92,1,108,11664,92,1600,0.0378471
112,64,5,128,1,108,11664,128,1600,0.03454905
112,64,5,192,1,108,11664,192,1600,0.0375867
112,64,5,256,1,108,11664,256,1600,0.07595505
112,64,7,32,1,106,11236,32,3136,0.0592017
112,64,7,64,1,106,11236,64,3136,0.05355945
112,64,7,92,1,106,11236,92,3136,0.057726
112,64,7,128,1,106,11236,128,3136,0.05546895
112,64,7,192,1,106,11236,192,3136,0.0842889
112,64,7,256,1,106,11236,256,3136,0.0605037
112,64,11,32,1,102,10404,32,7744,0.0933165
112,64,11,64,1,102,10404,64,7744,0.07994835
112,64,11,92,1,102,10404,92,7744,0.0817713
112,64,11,128,1,102,10404,128,7744,0.0914073
112,64,11,192,1,102,10404,192,7744,0.07803885
112,64,11,256,1,102,10404,256,7744,0.07578165
112,92,1,32,1,112,12544,32,92,0.0374136
112,92,1,64,1,112,12544,64,92,0.03237855
112,92,1,92,1,112,12544,92,92,0.0398439
112,92,1,128,1,112,12544,128,92,0.038802
112,92,1,192,1,112,12544,192,92,0.0363717
112,92,1,256,1,112,12544,256,92,0.0363717
112,92,3,32,1,110,12100,32,828,0.0627606
112,92,3,64,1,110,12100,64,828,0.0770838
112,92,3,92,1,110,12100,92,828,0.0535596
112,92,3,128,1,110,12100,128,828,0.126129
112,92,3,192,1,110,12100,192,828,0.0658863
112,92,3,256,1,110,12100,256,828,0.07751805
112,92,5,32,1,108,11664,32,2300,0.0407118
112,92,5,64,1,108,11664,64,2300,0.0504345
112,92,5,92,1,108,11664,92,2300,0.04618065
112,92,5,128,1,108,11664,128,2300,0.03567735
112,92,5,192,1,108,11664,192,2300,0.04114605
112,92,5,256,1,108,11664,256,2300,0.04062585
112,92,7,32,1,106,11236,32,4508,0.05876805
112,92,7,64,1,106,11236,64,4508,0.0617193
112,92,7,92,1,106,11236,92,4508,0.0619797
112,92,7,128,1,106,11236,128,4508,0.0750003
112,92,7,192,1,106,11236,192,4508,0.0616323
112,92,7,256,1,106,11236,256,4508,0.0692712
112,92,11,32,1,102,10404,32,11132,0.0643239
112,92,11,64,1,102,10404,64,11132,0.0843759
112,92,11,92,1,102,10404,92,11132,0.0797754
112,92,11,128,1,102,10404,128,11132,0.09895845
112,92,11,192,1,102,10404,192,11132,0.0979173
112,92,11,256,1,102,10404,256,11132,0.075261
112,128,1,32,1,112,12544,32,128,0.03802095
112,128,1,64,1,112,12544,64,128,0.0388023
112,128,1,92,1,112,12544,92,128,0.0493926
112,128,1,128,1,112,12544,128,128,0.0362847
112,128,1,192,1,112,12544,192,128,0.0424482
112,128,1,256,1,112,12544,256,128,0.03480945
112,128,3,32,1,110,12100,32,1152,0.0660594
112,128,3,64,1,110,12100,64,1152,0.0909732
112,128,3,92,1,110,12100,92,1152,0.0635421
112,128,3,128,1,110,12100,128,1152,0.05868105
112,128,3,192,1,110,12100,192,1152,0.2036475
112,128,3,256,1,110,12100,256,1152,0.1605915
112,128,5,32,1,108,11664,32,3200,0.0460944
112,128,5,64,1,108,11664,64,3200,0.0562503
112,128,5,92,1,108,11664,92,3200,0.0424482
112,128,5,128,1,108,11664,128,3200,0.04982715
112,128,5,192,1,108,11664,192,3200,0.04444455
112,128,5,256,1,108,11664,256,3200,0.05156295
112,128,7,32,1,106,11236,32,6272,0.0828999
112,128,7,64,1,106,11236,64,6272,0.0509556
112,128,7,92,1,106,11236,92,6272,0.0630213
112,128,7,128,1,106,11236,128,6272,0.05894145
112,128,7,192,1,106,11236,192,6272,0.0840285
112,128,7,256,1,106,11236,256,6272,0.10963635
112,128,11,32,1,102,10404,32,15488,0.0622401
112,128,11,64,1,102,10404,64,15488,0.0647577
112,128,11,92,1,102,10404,92,15488,0.0751752
112,128,11,128,1,102,10404,128,15488,0.0939252
112,128,11,192,1,102,10404,192,15488,0.0805572
112,128,11,256,1,102,10404,256,15488,0.1059918
112,192,1,32,1,112,12544,32,192,0.04435815
112,192,1,64,1,112,12544,64,192,0.0436638
112,192,1,92,1,112,12544,92,192,0.0401052
112,192,1,128,1,112,12544,128,192,0.039237
112,192,1,192,1,112,12544,192,192,0.048438
112,192,1,256,1,112,12544,256,192,0.03454905
112,192,3,32,1,110,12100,32,1728,0.06171945
112,192,3,64,1,110,12100,64,1728,0.0651924
112,192,3,92,1,110,12100,92,1728,0.0578136
112,192,3,128,1,110,12100,128,1728,0.056772
112,192,3,192,1,110,12100,192,1728,0.06284865
112,192,3,256,1,110,12100,256,1728,0.09783135
112,192,5,32,1,108,11664,32,4800,0.0399312
112,192,5,64,1,108,11664,64,4800,0.0556431
112,192,5,92,1,108,11664,92,4800,0.04756995
112,192,5,128,1,108,11664,128,4800,0.0692718
112,192,5,192,1,108,11664,192,4800,0.05347305
112,192,5,256,1,108,11664,256,4800,0.05286555
112,192,7,32,1,106,11236,32,9408,0.08784885
112,192,7,64,1,106,11236,64,9408,0.0729177
112,192,7,92,1,106,11236,92,9408,0.0932307
112,192,7,128,1,106,11236,128,9408,0.07309155
112,192,7,192,1,106,11236,192,9408,0.09505335
112,192,7,256,1,106,11236,256,9408,0.07612995
112,192,11,32,1,102,10404,32,23232,0.0934914
112,192,11,64,1,102,10404,64,23232,0.06632055
112,192,11,92,1,102,10404,92,23232,0.0757824
112,192,11,128,1,102,10404,128,23232,0.0948798
112,192,11,192,1,102,10404,192,23232,0.07309155
112,192,11,256,1,102,10404,256,23232,0.07699785
112,256,1,32,1,112,12544,32,256,0.0421881
112,256,1,64,1,112,12544,64,256,0.0451395
112,256,1,92,1,112,12544,92,256,0.0434904
112,256,1,128,1,112,12544,128,256,0.0479172
112,256,1,192,1,112,12544,192,256,0.04201455
112,256,1,256,1,112,12544,256,256,0.0351567
112,256,3,32,1,110,12100,32,2304,0.063282
112,256,3,64,1,110,12100,64,2304,0.0644973
112,256,3,92,1,110,12100,92,2304,0.0597228
112,256,3,128,1,110,12100,128,2304,0.061893
112,256,3,192,1,110,12100,192,2304,0.0707475
112,256,3,256,1,110,12100,256,2304,0.0867201
112,256,5,32,1,108,11664,32,6400,0.0690111
112,256,5,64,1,108,11664,64,6400,0.0401919
112,256,5,92,1,108,11664,92,6400,0.0506082
112,256,5,128,1,108,11664,128,6400,0.04982715
112,256,5,192,1,108,11664,192,6400,0.06267435
112,256,5,256,1,108,11664,256,6400,0.04791705
112,256,7,32,1,106,11236,32,12544,0.0616326
112,256,7,64,1,106,11236,64,12544,0.0630213
112,256,7,92,1,106,11236,92,12544,0.063282
112,256,7,128,1,106,11236,128,12544,0.0817722
112,256,7,192,1,106,11236,192,12544,0.07291755
112,256,7,256,1,106,11236,256,12544,0.0773445
112,256,11,32,1,102,10404,32,30976,0.10243245
112,256,11,64,1,102,10404,64,30976,0.06571305
112,256,11,92,1,102,10404,92,30976,0.06441105
112,256,11,128,1,102,10404,128,30976,0.0604176
112,256,11,192,1,102,10404,192,30976,0.0660597
112,256,11,256,1,102,10404,256,30976,0.0630219
224,32,1,32,1,224,50176,32,32,0.06415005
224,32,1,64,1,224,50176,64,32,0.0339414
224,32,1,92,1,224,50176,92,32,0.0394104
224,32,1,128,1,224,50176,128,32,0.04045215
224,32,1,192,1,224,50176,192,32,0.0526047
224,32,1,256,1,224,50176,256,32,0.04140645
224,32,3,32,1,222,49284,32,288,0.06892455
224,32,3,64,1,222,49284,64,288,0.0736122
224,32,3,92,1,222,49284,92,288,0.1300365
224,32,3,128,1,222,49284,128,288,0.0543411
224,32,3,192,1,222,49284,192,288,0.11909895
224,32,3,256,1,222,49284,256,288,0.22674
224,32,5,32,1,220,48400,32,800,0.04540005
224,32,5,64,1,220,48400,64,800,0.04175445
224,32,5,92,1,220,48400,92,800,0.03984435
224,32,5,128,1,220,48400,128,800,0.07083435
224,32,5,192,1,220,48400,192,800,0.113196
224,32,5,256,1,220,48400,256,800,0.03949695
224,32,7,32,1,218,47524,32,1568,0.08168535
224,32,7,64,1,218,47524,64,1568,0.0743934
224,32,7,92,1,218,47524,92,1568,0.0567717
224,32,7,128,1,218,47524,128,1568,0.05998335
224,32,7,192,1,218,47524,192,1568,0.0982653
224,32,7,256,1,218,47524,256,1568,0.1052097
224,32,11,32,1,214,45796,32,3872,0.0612858
224,32,11,64,1,214,45796,64,3872,0.1054701
224,32,11,92,1,214,45796,92,3872,0.0717024
224,32,11,128,1,214,45796,128,3872,0.0710079
224,32,11,192,1,214,45796,192,3872,0.091842
224,32,11,256,1,214,45796,256,3872,0.1045152
224,64,1,32,1,224,50176,32,64,0.045834
224,64,1,64,1,224,50176,64,64,0.04296945
224,64,1,92,1,224,50176,92,64,0.0454866
224,64,1,128,1,224,50176,128,64,0.03993135
224,64,1,192,1,224,50176,192,64,0.0511293
224,64,1,256,1,224,50176,256,64,0.04305555
224,64,3,32,1,222,49284,32,576,0.09166815
224,64,3,64,1,222,49284,64,576,0.0571191
224,64,3,92,1,222,49284,92,576,0.12925515
224,64,3,128,1,222,49284,128,576,0.05494845
224,64,3,192,1,222,49284,192,576,0.05868165
224,64,3,256,1,222,49284,256,576,0.0552957
224,64,5,32,1,220,48400,32,1600,0.04713585
224,64,5,64,1,220,48400,64,1600,0.0433167
224,64,5,92,1,220,48400,92,1600,0.07916805
224,64,5,128,1,220,48400,128,1600,0.06614685
224,64,5,192,1,220,48400,192,1600,0.05503515
224,64,5,256,1,220,48400,256,1600,0.07161555
224,64,7,32,1,218,47524,32,3136,0.1024317
224,64,7,64,1,218,47524,64,3136,0.0595491
224,64,7,92,1,218,47524,92,3136,0.0863727
224,64,7,128,1,218,47524,128,3136,0.09027885
224,64,7,192,1,218,47524,192,3136,0.09731055
224,64,7,256,1,218,47524,256,3136,0.1083348
224,64,11,32,1,214,45796,32,7744,0.07604265
224,64,11,64,1,214,45796,64,7744,0.1599855
224,64,11,92,1,214,45796,92,7744,0.08402865
224,64,11,128,1,214,45796,128,7744,0.1157124
224,64,11,192,1,214,45796,192,7744,0.0801216
224,64,11,256,1,214,45796,256,7744,0.1004346
224,92,1,32,1,224,50176,32,92,0.04314285
224,92,1,64,1,224,50176,64,92,0.03654495
224,92,1,92,1,224,50176,92,92,0.0520836
224,92,1,128,1,224,50176,128,92,0.03758685
224,92,1,192,1,224,50176,192,92,0.05321235
224,92,1,256,1,224,50176,256,92,0.0479169
224,92,3,32,1,222,49284,32,828,0.06805605
224,92,3,64,1,222,49284,64,828,0.06059055
224,92,3,92,1,222,49284,92,828,0.0554691
224,92,3,128,1,222,49284,128,828,0.219273
224,92,3,192,1,222,49284,192,828,0.1073793
224,92,3,256,1,222,49284,256,828,0.0624138
224,92,5,32,1,220,48400,32,2300,0.06076455
224,92,5,64,1,220,48400,64,2300,0.05086845
224,92,5,92,1,220,48400,92,2300,0.05329905
224,92,5,128,1,220,48400,128,2300,0.0567714
224,92,5,192,1,220,48400,192,2300,0.06397635
224,92,5,256,1,220,48400,256,2300,0.05868105
224,92,7,32,1,218,47524,32,4508,0.06198
224,92,7,64,1,218,47524,64,4508,0.0571188
224,92,7,92,1,218,47524,92,4508,0.0647574
224,92,7,128,1,218,47524,128,4508,0.0833343
224,92,7,192,1,218,47524,192,4508,0.0789066
224,92,7,256,1,218,47524,256,4508,0.0763893
224,128,1,32,1,224,50176,32,128,0.06267435
224,128,1,64,1,224,50176,64,128,0.04305585
224,128,1,92,1,224,50176,92,128,0.03975765
224,128,1,128,1,224,50176,128,128,0.0428823
224,128,1,192,1,224,50176,192,128,0.043056
224,128,1,256,1,224,50176,256,128,0.047136
224,128,3,32,1,222,49284,32,1152,0.05980995
224,128,3,64,1,222,49284,64,1152,0.167016
224,128,3,92,1,222,49284,92,1152,0.05703195
224,128,3,128,1,222,49284,128,1152,0.06927165
224,128,3,192,1,222,49284,192,1152,0.0664068
224,128,3,256,1,222,49284,256,1152,0.1398459
224,128,5,32,1,220,48400,32,3200,0.05737905
224,128,5,64,1,220,48400,64,3200,0.05069505
224,128,5,92,1,220,48400,92,3200,0.05112885
224,128,5,128,1,220,48400,128,3200,0.078126
224,128,5,192,1,220,48400,192,3200,0.0560772
224,128,5,256,1,220,48400,256,3200,0.0670146
224,128,7,32,1,218,47524,32,6272,0.0993069
224,128,7,64,1,218,47524,64,6272,0.05434065
224,128,7,92,1,218,47524,92,6272,0.06267435
224,128,7,128,1,218,47524,128,6272,0.0750006
224,128,7,192,1,218,47524,192,6272,0.0787338
224,128,7,256,1,218,47524,256,6272,0.11180685
224,192,1,32,1,224,50176,32,192,0.0358506
224,192,1,64,1,224,50176,64,192,0.039063
224,192,1,92,1,224,50176,92,192,0.04635465
224,192,1,128,1,224,50176,128,192,0.03480945
224,192,1,192,1,224,50176,192,192,0.0368061
224,192,1,256,1,224,50176,256,192,0.0421881
224,192,3,32,1,222,49284,32,1728,0.0785598
224,192,3,64,1,222,49284,64,1728,0.069966
224,192,3,92,1,222,49284,92,1728,0.07352505
224,192,3,128,1,222,49284,128,1728,0.0594627
224,192,3,192,1,222,49284,192,1728,0.0988725
224,192,3,256,1,222,49284,256,1728,0.0687507
224,192,5,32,1,220,48400,32,4800,0.0460077
224,192,5,64,1,220,48400,64,4800,0.0523443
224,192,5,92,1,220,48400,92,4800,0.05355945
224,192,5,128,1,220,48400,128,4800,0.10382085
224,192,5,192,1,220,48400,192,4800,0.0591153
224,192,5,256,1,220,48400,256,4800,0.0568584
224,192,7,32,1,218,47524,32,9408,0.06449715
224,192,7,64,1,218,47524,64,9408,0.0965292
224,192,7,92,1,218,47524,92,9408,0.0676221
224,192,7,128,1,218,47524,128,9408,0.113196
224,192,7,192,1,218,47524,192,9408,0.080817
224,192,7,256,1,218,47524,256,9408,0.08159895
224,256,1,32,1,224,50176,32,256,0.0434904
224,256,1,64,1,224,50176,64,256,0.0427089
224,256,1,92,1,224,50176,92,256,0.0438375
224,256,1,128,1,224,50176,128,256,0.044445
224,256,1,192,1,224,50176,192,256,0.0529524
224,256,1,256,1,224,50176,256,256,0.07751835
224,256,3,32,1,222,49284,32,2304,0.09184095
224,256,3,64,1,222,49284,64,2304,0.0982653
224,256,3,92,1,222,49284,92,2304,0.06258765
224,256,3,128,1,222,49284,128,2304,0.0610254
224,256,3,192,1,222,49284,192,2304,0.0730911
224,256,3,256,1,222,49284,256,2304,0.0745671
224,256,5,32,1,220,48400,32,6400,0.04791705
224,256,5,64,1,220,48400,64,6400,0.05000055
224,256,5,92,1,220,48400,92,6400,0.0843762
224,256,5,128,1,220,48400,128,6400,0.0838551
224,256,5,192,1,220,48400,192,6400,0.0578133
224,256,5,256,1,220,48400,256,6400,0.05720565