28,92,7,32,1,22,484,32,4508,0.0391207
112,92,7,192,2,54,2916,192,4508,0.0638319
112,192,1,92,1,112,12544,92,192,0.0700817
224,64,1,32,1,224,50176,32,64,0.06632
112,192,7,92,1,106,11236,92,9408,0.0622112
224,128,1,32,1,224,50176,32,128,0.0670144
224,92,7,32,1,218,47524,32,4508,0.0720494
224,64,7,32,1,218,47524,32,3136,0.0649311
112,192,1,64,1,112,12544,64,192,0.0669568
112,128,5,32,1,108,11664,32,3200,0.0662621
224,92,1,64,1,224,50176,64,92,0.0626163
112,256,3,32,1,110,12100,32,2304,0.0634843
224,92,1,32,1,224,50176,32,92,0.0623268
224,32,1,64,1,224,50176,64,32,0.0655678
112,192,3,64,1,110,12100,64,1728,0.0788781
224,32,5,128,1,220,48400,128,800,0.0684032
112,192,5,64,2,55,3025,64,4800,0.0701973
112,128,7,128,1,106,11236,128,6272,0.0609379
56,256,3,92,2,28,784,92,2304,0.0661464
224,32,3,192,1,222,49284,192,288,0.0621532
224,92,11,64,1,214,45796,64,11132,0.0629634
112,92,5,92,1,108,11664,92,2300,0.0694451
224,92,3,32,1,222,49284,32,828,0.0664938
224,92,3,64,1,222,49284,64,828,0.0603592
112,128,7,32,1,106,11236,32,6272,0.0629058
112,256,5,32,1,108,11664,32,6400,0.069503
112,192,3,32,1,110,12100,32,1728,0.0654521
224,64,5,32,1,220,48400,32,1600,0.0637739
112,256,11,64,1,102,10404,64,30976,0.0609381
224,64,3,32,1,222,49284,32,576,0.0624427
224,64,3,64,1,222,49284,64,576,0.0648153
112,192,5,128,1,108,11664,128,4800,0.0583339
224,32,7,32,2,110,12100,32,1568,0.0621536
112,256,1,32,1,112,12544,32,256,0.0649309
112,256,7,32,1,106,11236,32,12544,0.0614589
112,128,5,128,1,108,11664,128,3200,0.0649312
112,128,1,192,1,112,12544,192,128,0.0691557
112,192,3,92,2,56,3136,92,1728,0.059144
112,64,1,256,1,112,12544,256,64,0.0618063
224,32,7,32,1,218,47524,32,1568,0.0685191
112,128,11,192,1,102,10404,192,15488,0.0622113
224,64,5,64,1,220,48400,64,1600,0.0686347
112,192,5,92,1,108,11664,92,4800,0.059665
112,32,7,256,1,106,11236,256,1568,0.0712391
112,128,5,192,1,108,11664,192,3200,0.0642944
112,192,7,64,1,106,11236,64,9408,0.0675933
224,92,5,32,1,220,48400,32,2300,0.0615749
112,64,1,192,1,112,12544,192,64,0.0593177
112,128,1,128,1,112,12544,128,128,0.0613432
224,32,3,128,1,222,49284,128,288,0.0605327
224,92,7,64,1,218,47524,64,4508,0.060012
112,256,7,92,1,106,11236,92,12544,0.0688667
112,256,11,92,1,102,10404,92,30976,0.0607644
224,32,11,64,1,214,45796,64,3872,0.0625004
112,128,7,64,1,106,11236,64,6272,0.063311
112,92,11,256,1,102,10404,256,11132,0.0666093
112,32,3,64,1,110,12100,64,288,0.0571766
224,92,5,64,1,220,48400,64,2300,0.0608803
56,256,3,92,1,54,2916,92,2304,0.0586812
112,32,11,64,1,102,10404,64,3872,0.0613432
112,192,5,32,1,108,11664,32,4800,0.0539938
56,192,3,92,1,54,2916,92,1728,0.0607647
224,32,7,192,1,218,47524,192,1568,0.0638893
224,32,1,128,1,224,50176,128,32,0.0616907
112,256,3,64,1,110,12100,64,2304,0.0696187
56,128,3,92,1,54,2916,92,1152,0.0594913
112,256,7,64,1,106,11236,64,12544,0.059144
224,64,11,32,2,108,11664,32,7744,0.0606487
112,192,7,32,1,106,11236,32,9408,0.0612853
224,32,11,128,1,214,45796,128,3872,0.0597804
112,128,3,64,1,110,12100,64,1152,0.0604749
224,128,3,32,1,222,49284,32,1152,0.0610538
56,128,3,64,1,54,2916,64,1152,0.0603593
112,92,5,128,1,108,11664,128,2300,0.0593757
224,64,1,32,2,113,12769,32,64,0.0622114
224,32,5,192,1,220,48400,192,800,0.0620377
224,32,3,32,1,222,49284,32,288,0.0599541
224,32,7,64,1,218,47524,64,1568,0.0670724
112,256,7,92,2,54,2916,92,12544,0.0661467
224,64,7,32,2,110,12100,32,3136,0.0552089
112,192,5,32,2,55,3025,32,4800,0.0552089
224,32,11,92,1,214,45796,92,3872,0.0618639
224,64,11,32,1,214,45796,32,7744,0.0614012
224,32,3,192,2,112,12544,192,288,0.0611694
224,92,11,32,1,214,45796,32,11132,0.0566557
112,128,3,128,1,110,12100,128,1152,0.0609959
112,192,7,128,1,106,11236,128,9408,0.0601281
112,128,7,192,1,106,11236,192,6272,0.0661466
112,92,11,192,1,102,10404,192,11132,0.0619218
112,92,3,192,1,110,12100,192,828,0.0641209
112,128,1,64,1,112,12544,64,128,0.0621532
224,32,5,32,1,220,48400,32,800,0.0570027
112,192,11,64,1,102,10404,64,23232,0.0598962
224,92,5,32,2,111,12321,32,2300,0.0605909
112,192,3,32,2,56,3136,32,1728,0.0579289
112,32,7,92,1,106,11236,92,1568,0.0583338
112,192,5,64,1,108,11664,64,4800,0.0559612
224,92,1,64,2,113,12769,64,92,0.0581022
56,128,1,192,1,56,3136,192,128,0.0565399
112,192,7,32,2,54,2916,32,9408,0.058681
112,64,11,128,1,102,10404,128,7744,0.0581602
112,92,5,256,1,108,11664,256,2300,0.0687506
112,256,11,32,1,102,10404,32,30976,0.0551507
112,64,1,128,1,112,12544,128,64,0.0682878
112,192,11,92,1,102,10404,92,23232,0.0615744
112,92,7,256,1,106,11236,256,4508,0.0567134
224,32,3,64,1,222,49284,64,288,0.0597807
224,92,3,32,2,112,12544,32,828,0.0581023
56,64,7,256,1,50,2500,256,3136,0.0598387
112,92,5,64,1,108,11664,64,2300,0.0516208
112,128,3,192,1,110,12100,192,1152,0.0580447
112,64,7,128,1,106,11236,128,3136,0.0726859
112,92,3,256,1,110,12100,256,828,0.0611697
112,192,1,32,1,112,12544,32,192,0.0585076
112,92,1,32,1,112,12544,32,92,0.0517367
224,64,7,64,1,218,47524,64,3136,0.0651626
112,92,7,92,1,106,11236,92,4508,0.0553824
28,128,3,32,1,26,676,32,1152,0.0408567
112,92,1,192,1,112,12544,192,92,0.060012
56,256,1,64,1,56,3136,64,256,0.0511579
224,32,5,92,1,220,48400,92,800,0.0626742
112,64,5,192,1,108,11664,192,1600,0.0629636
112,128,1,192,2,57,3249,192,128,0.0649887
224,64,1,64,1,224,50176,64,64,0.0689242
224,32,1,32,2,113,12769,32,32,0.0648732
56,192,11,192,2,24,576,192,23232,0.0428823
112,64,1,256,2,57,3249,256,64,0.0586232
56,128,1,256,1,56,3136,256,128,0.0590861
112,128,1,32,1,112,12544,32,128,0.0605909
112,192,3,128,2,56,3136,128,1728,0.0553247
224,32,11,192,1,214,45796,192,3872,0.061459
112,92,3,32,1,110,12100,32,828,0.0585654
112,64,11,256,1,102,10404,256,7744,0.055672
112,92,7,64,1,106,11236,64,4508,0.0534727
112,64,7,256,1,106,11236,256,3136,0.0642944
28,92,1,256,1,28,784,256,92,0.0410882
112,92,5,192,1,108,11664,192,2300,0.0587968
112,32,3,256,1,110,12100,256,288,0.0630792
112,192,11,32,1,102,10404,32,23232,0.0572342
224,32,7,92,1,218,47524,92,1568,0.0670723
112,256,5,32,2,55,3025,32,6400,0.0589703
112,192,3,128,1,110,12100,128,1728,0.0585076
224,32,5,92,2,111,12321,92,800,0.0623848
56,92,1,64,1,56,3136,64,92,0.0573501
224,32,7,192,2,110,12100,192,1568,0.055209
56,256,1,256,2,29,841,256,256,0.0590863
56,128,1,92,1,56,3136,92,128,0.0708919
112,128,11,64,2,52,2704,64,15488,0.0558457
56,32,11,192,1,46,2116,192,3872,0.0412042
112,192,3,92,1,110,12100,92,1728,0.0541672
56,256,5,256,1,52,2704,256,6400,0.068172
112,64,3,192,1,110,12100,192,576,0.0563084
224,32,5,64,1,220,48400,64,800,0.060996
112,32,7,64,1,106,11236,64,1568,0.0591437
112,64,3,64,2,56,3136,64,576,0.0551511
224,32,1,32,1,224,50176,32,32,0.0600122
56,256,7,192,2,26,676,192,12544,0.0551508
112,64,5,256,1,108,11664,256,1600,0.0625586
56,256,5,192,1,52,2704,192,6400,0.0621534
112,92,7,92,2,54,2916,92,4508,0.0503477
112,128,3,92,1,110,12100,92,1152,0.0576396
112,32,3,192,1,110,12100,192,288,0.0534727
56,256,3,32,1,54,2916,32,2304,0.0560769
56,192,7,64,1,50,2500,64,9408,0.0541091
112,64,11,92,1,102,10404,92,7744,0.0552667
28,192,5,92,1,24,576,92,4800,0.0401046
224,92,3,64,2,112,12544,64,828,0.0580447
112,128,11,64,1,102,10404,64,15488,0.0498848
112,92,3,64,2,56,3136,64,828,0.0531257
28,64,3,256,1,26,676,256,576,0.0405096
56,192,11,32,1,46,2116,32,23232,0.0543408
112,128,1,128,2,57,3249,128,128,0.0533569
56,256,11,256,1,46,2116,256,30976,0.0581022
112,92,1,92,1,112,12544,92,92,0.0579867
112,128,11,32,2,52,2704,32,15488,0.0586811
224,128,3,32,2,112,12544,32,1152,0.0547459
112,128,11,92,1,102,10404,92,15488,0.0562506
28,192,1,192,1,28,784,192,192,0.0535883
224,64,11,64,1,214,45796,64,7744,0.0585074
56,256,11,64,1,46,2116,64,30976,0.0512158
56,128,1,64,1,56,3136,64,128,0.0510422
28,64,7,192,1,22,484,192,3136,0.0402203
56,64,1,32,1,56,3136,32,64,0.0542248
112,128,1,92,2,57,3249,92,128,0.0619798
224,128,1,32,2,113,12769,32,128,0.0589704
224,32,3,92,1,222,49284,92,288,0.0559614
56,192,5,256,1,52,2704,256,4800,0.0582181
112,32,11,92,1,102,10404,92,3872,0.0567136
56,128,5,92,1,52,2704,92,3200,0.0603594
112,32,3,92,1,110,12100,92,288,0.0682297
112,92,3,92,2,56,3136,92,828,0.054688
56,92,5,32,1,52,2704,32,2300,0.052894
224,32,3,92,2,112,12544,92,288,0.0601279
112,256,1,64,1,112,12544,64,256,0.0579867
112,192,11,128,1,102,10404,128,23232,0.0615747
28,128,1,256,1,28,784,256,128,0.064584
28,256,5,64,1,24,576,64,6400,0.0660888
112,92,1,256,1,112,12544,256,92,0.0524888
28,256,7,32,2,12,144,32,12544,0.0390629
112,32,1,92,1,112,12544,92,32,0.0554981
112,64,11,192,1,102,10404,192,7744,0.0560768
112,128,5,64,1,108,11664,64,3200,0.0556138
112,92,7,192,1,106,11236,192,4508,0.0541094
224,32,5,32,2,111,12321,32,800,0.0593176
224,92,11,32,2,108,11664,32,11132,0.0545143
112,92,11,256,2,52,2704,256,11132,0.0541091
28,192,7,64,1,22,484,64,9408,0.0468173
56,32,7,128,1,50,2500,128,1568,0.0382526
112,32,7,32,1,106,11236,32,1568,0.0535306
112,92,3,92,1,110,12100,92,828,0.0594332
28,256,3,256,2,14,196,256,2304,0.0387736
112,256,5,64,1,108,11664,64,6400,0.0546303
56,256,5,92,1,52,2704,92,6400,0.0529518
224,32,1,128,2,113,12769,128,32,0.0612852
56,256,3,192,1,54,2916,192,2304,0.056424
56,192,5,64,2,27,729,64,4800,0.054225
112,128,7,192,2,54,2916,192,6272,0.0577553
56,192,7,256,2,26,676,256,9408,0.0381948
112,32,11,256,2,52,2704,256,3872,0.0387737
56,256,7,256,1,50,2500,256,12544,0.0556718
28,256,1,92,2,15,225,92,256,0.0388892
112,256,11,92,2,52,2704,92,30976,0.0545722
112,32,5,92,1,108,11664,92,800,0.0783572
112,128,1,92,1,112,12544,92,128,0.0612854
28,192,11,192,1,18,324,192,23232,0.0384841
112,64,5,92,1,108,11664,92,1600,0.0508106
28,192,5,32,1,24,576,32,4800,0.0383104
112,256,3,64,2,56,3136,64,2304,0.0576393
112,92,7,128,1,106,11236,128,4508,0.05654
28,92,3,32,1,26,676,32,828,0.0374424
56,192,1,256,1,56,3136,256,192,0.0545143
56,192,5,128,1,52,2704,128,4800,0.0498848
56,192,3,64,2,28,784,64,1728,0.0475121
224,32,1,92,1,224,50176,92,32,0.0597227
28,92,1,192,1,28,784,192,92,0.0390051
28,128,3,64,1,26,676,64,1152,0.038021
56,92,3,192,1,54,2916,192,828,0.0530099
112,32,1,128,1,112,12544,128,32,0.0657414
56,32,7,256,1,50,2500,256,1568,0.0398731
56,64,3,256,1,54,2916,256,576,0.0540514
56,192,11,256,1,46,2116,256,23232,0.0619222
56,64,1,192,1,56,3136,192,64,0.0638894
112,128,3,32,1,110,12100,32,1152,0.0523733
28,92,3,192,1,26,676,192,828,0.0369796
56,128,11,92,1,46,2116,92,15488,0.0567713
112,64,3,92,1,110,12100,92,576,0.0524889
56,192,5,192,1,52,2704,192,4800,0.0576392
56,256,3,128,2,28,784,128,2304,0.0384842
28,64,5,256,1,24,576,256,1600,0.0531834
112,128,5,92,2,55,3025,92,3200,0.0624428
28,128,3,128,1,26,676,128,1152,0.0373848
56,192,7,64,2,26,676,64,9408,0.0467596
56,32,11,64,1,46,2116,64,3872,0.0374424
224,64,11,64,2,108,11664,64,7744,0.053762
56,256,7,192,1,50,2500,192,12544,0.0542251
112,92,3,128,1,110,12100,128,828,0.0540512
28,128,3,92,1,26,676,92,1152,0.0492481
28,64,5,128,1,24,576,128,1600,0.0376739
56,32,5,192,1,52,2704,192,800,0.0377319
112,64,3,64,1,110,12100,64,576,0.051968
28,92,7,256,1,22,484,256,4508,0.0368637
28,192,5,192,1,24,576,192,4800,0.0479171
224,92,1,32,2,113,12769,32,92,0.0506951
112,128,5,92,1,108,11664,92,3200,0.0545143
112,92,1,32,2,57,3249,32,92,0.0512739
56,128,7,64,1,50,2500,64,6272,0.0579866
112,128,11,128,1,102,10404,128,15488,0.0516787
112,92,11,128,2,52,2704,128,11132,0.0415516
56,256,11,192,1,46,2116,192,30976,0.0570028
56,32,3,32,1,54,2916,32,288,0.0368062
28,192,3,256,2,14,196,256,1728,0.0363429
56,256,1,192,1,56,3136,192,256,0.0618061
56,192,5,92,1,52,2704,92,4800,0.0567137
112,64,7,192,1,106,11236,192,3136,0.0565401
56,92,5,64,2,27,729,64,2300,0.0365168
56,92,5,256,1,52,2704,256,2300,0.0615166
56,192,3,64,1,54,2916,64,1728,0.050521
224,64,3,64,2,112,12544,64,576,0.0489591
112,92,1,64,1,112,12544,64,92,0.0445028
56,192,3,256,1,54,2916,256,1728,0.0579868
28,128,1,192,2,15,225,192,128,0.0363431
56,192,7,92,1,50,2500,92,9408,0.0518522
112,32,5,256,1,108,11664,256,800,0.0549196
56,128,7,32,1,50,2500,32,6272,0.0433451
56,256,1,32,1,56,3136,32,256,0.0548038
112,32,7,192,1,106,11236,192,1568,0.0561927
224,32,11,192,2,108,11664,192,3872,0.0471069
56,92,5,128,1,52,2704,128,2300,0.0428822
112,92,11,92,1,102,10404,92,11132,0.0538778
28,128,7,32,1,22,484,32,6272,0.0358797
56,64,11,32,1,46,2116,32,7744,0.0431719
224,92,5,64,2,111,12321,64,2300,0.0618059
56,256,1,92,1,56,3136,92,256,0.0530094
112,256,1,32,2,57,3249,32,256,0.0519681
112,64,7,64,1,106,11236,64,3136,0.0576396
112,64,11,256,2,52,2704,256,7744,0.050637
56,128,7,128,1,50,2500,128,6272,0.056482
28,92,3,128,1,26,676,128,828,0.0379054
224,32,7,128,2,110,12100,128,1568,0.0499426
56,256,1,128,1,56,3136,128,256,0.0618063
112,64,7,32,1,106,11236,32,3136,0.0509841
224,64,3,32,2,112,12544,32,576,0.0457758
112,192,11,92,2,52,2704,92,23232,0.0482064
56,192,5,64,1,52,2704,64,4800,0.0512157
56,92,11,192,1,46,2116,192,11132,0.0385419
28,64,5,32,1,24,576,32,1600,0.0370952
112,128,5,64,2,55,3025,64,3200,0.0534729
56,256,1,128,2,29,841,128,256,0.0453708
112,192,11,32,2,52,2704,32,23232,0.046644
28,128,11,192,1,18,324,192,15488,0.0376741
56,128,1,92,2,29,841,92,128,0.0372689
112,128,7,92,2,54,2916,92,6272,0.0479169
224,64,5,32,2,111,12321,32,1600,0.0436346
56,64,1,128,1,56,3136,128,64,0.0353011
28,256,5,32,1,24,576,32,6400,0.0482644
56,256,11,32,1,46,2116,32,30976,0.0456023
112,32,5,192,2,55,3025,192,800,0.0502317
224,32,11,32,2,108,11664,32,3872,0.0446762
112,32,5,192,1,108,11664,192,800,0.0445028
112,32,1,256,1,112,12544,256,32,0.0521417
56,192,7,192,2,26,676,192,9408,0.052084
112,32,1,32,2,57,3249,32,32,0.039873
56,128,11,64,1,46,2116,64,15488,0.04566
28,256,1,128,1,28,784,128,256,0.0523733
56,256,3,128,1,54,2916,128,2304,0.0502319
112,92,5,64,2,55,3025,64,2300,0.053762
28,92,3,64,1,26,676,64,828,0.034896
56,92,3,32,1,54,2916,32,828,0.0473384
56,92,3,64,1,54,2916,64,828,0.0494796
112,92,5,32,1,108,11664,32,2300,0.0419566
224,32,7,92,2,110,12100,92,1568,0.0401047
28,192,7,92,1,22,484,92,9408,0.0375004
56,92,5,92,1,52,2704,92,2300,0.0398729
224,92,7,32,2,110,12100,32,4508,0.0575814
112,128,7,92,1,106,11236,92,6272,0.0600697
224,92,11,64,2,108,11664,64,11132,0.0496532
56,92,11,64,2,24,576,64,11132,0.0359959
56,128,1,32,2,29,841,32,128,0.0345489
56,92,7,64,2,26,676,64,4508,0.0351278
112,92,11,64,1,102,10404,64,11132,0.0451973
56,192,1,128,1,56,3136,128,192,0.0485539
112,32,11,64,2,52,2704,64,3872,0.0469333
56,256,1,256,1,56,3136,256,256,0.05463
56,192,7,256,1,50,2500,256,9408,0.0548619
112,64,5,128,1,108,11664,128,1600,0.0603016
56,256,11,92,1,46,2116,92,30976,0.0556141
112,192,7,64,2,54,2916,64,9408,0.0450814
56,192,7,32,1,50,2500,32,9408,0.0432297
112,64,1,92,1,112,12544,92,64,0.066783
56,128,7,192,1,50,2500,192,6272,0.0403938
224,32,7,128,1,218,47524,128,1568,0.0509262
56,64,11,128,1,46,2116,128,7744,0.0480908
56,32,1,92,1,56,3136,92,32,0.0636579
28,128,11,32,1,18,324,32,15488,0.035417
56,92,7,32,1,50,2500,32,4508,0.0482064
56,256,5,32,1,52,2704,32,6400,0.0451392
28,256,5,92,2,13,169,92,6400,0.0357646
28,128,5,64,1,24,576,64,3200,0.0350118
56,256,7,92,1,50,2500,92,12544,0.0539937
224,32,11,128,2,108,11664,128,3872,0.0489589
28,128,7,64,1,22,484,64,6272,0.0339702
56,92,3,256,1,54,2916,256,828,0.0353593
56,192,11,192,1,46,2116,192,23232,0.0469332
112,64,1,92,2,57,3249,92,64,0.0364007
112,64,7,92,1,106,11236,92,3136,0.0523154
112,32,11,128,2,52,2704,128,3872,0.0357064
224,64,1,64,2,113,12769,64,64,0.0446766
56,92,5,192,1,52,2704,192,2300,0.04485
56,192,3,192,2,28,784,192,1728,0.0450813
112,92,1,128,1,112,12544,128,92,0.0486692
112,256,5,64,2,55,3025,64,6400,0.0476859
28,192,3,256,1,26,676,256,1728,0.0401624
56,192,1,192,2,29,841,192,192,0.0340859
28,192,7,256,1,22,484,256,9408,0.0342016
56,128,1,32,1,56,3136,32,128,0.0441557
56,92,3,128,2,28,784,128,828,0.0365168
112,256,1,64,2,57,3249,64,256,0.0490167
56,192,3,128,1,54,2916,128,1728,0.0396414
224,64,7,64,2,110,12100,64,3136,0.0442712
112,256,3,32,2,56,3136,32,2304,0.049653
56,64,7,32,1,50,2500,32,3136,0.0404517
112,64,1,64,1,112,12544,64,64,0.0571186
56,92,1,256,1,56,3136,256,92,0.0487274
224,32,11,32,1,214,45796,32,3872,0.046239
28,256,3,128,1,26,676,128,2304,0.0453129
112,192,7,92,2,54,2916,92,9408,0.0530678
56,256,7,128,1,50,2500,128,12544,0.0438081
56,128,1,128,1,56,3136,128,128,0.0495376
56,32,11,128,1,46,2116,128,3872,0.0401046
112,64,3,256,1,110,12100,256,576,0.050695
112,192,11,128,2,52,2704,128,23232,0.043461
56,32,5,92,1,52,2704,92,800,0.0354171
28,256,3,192,1,26,676,192,2304,0.0337968
112,92,11,128,1,102,10404,128,11132,0.0417828
56,92,7,92,1,50,2500,92,4508,0.0447342
56,64,5,192,1,52,2704,192,1600,0.0467017
56,128,3,256,2,28,784,256,1152,0.034491
56,128,7,92,1,50,2500,92,6272,0.0342593
112,192,11,64,2,52,2704,64,23232,0.0476856
56,192,3,32,1,54,2916,32,1728,0.0440397
56,32,11,256,1,46,2116,256,3872,0.034954
112,92,11,32,1,102,10404,32,11132,0.050637
112,32,5,32,1,108,11664,32,800,0.057466
28,192,1,128,1,28,784,128,192,0.0476278
28,256,5,92,1,24,576,92,6400,0.0535884
112,64,5,256,2,55,3025,256,1600,0.0484959
56,192,5,128,2,27,729,128,4800,0.0463546
112,256,11,32,2,52,2704,32,30976,0.0546882
112,192,1,92,2,57,3249,92,192,0.043635
28,64,3,92,1,26,676,92,576,0.0347227
56,192,5,32,1,52,2704,32,4800,0.045718
56,192,3,192,1,54,2916,192,1728,0.049711
56,128,5,128,1,52,2704,128,3200,0.0469911
112,64,3,192,2,56,3136,192,576,0.0336231
112,128,1,64,2,57,3249,64,128,0.0471648
112,92,1,128,2,57,3249,128,92,0.0521418
112,64,7,32,2,54,2916,32,3136,0.0344331
56,64,5,32,1,52,2704,32,1600,0.0466442
28,256,11,64,1,18,324,64,30976,0.0462967
28,92,11,32,1,18,324,32,11132,0.0351277
112,64,3,32,2,56,3136,32,576,0.0431138
28,192,3,192,1,26,676,192,1728,0.0337968
56,128,5,256,1,52,2704,256,3200,0.0462966
112,192,5,92,2,55,3025,92,4800,0.0471648
112,128,11,32,1,102,10404,32,15488,0.0441556
112,128,7,32,2,54,2916,32,6272,0.0455444
56,32,11,32,1,46,2116,32,3872,0.0335652
28,256,3,92,2,14,196,92,2304,0.0512158
56,256,3,256,1,54,2916,256,2304,0.0528361
112,192,7,128,2,54,2916,128,9408,0.0456601
112,192,1,32,2,57,3249,32,192,0.0433451
112,256,7,32,2,54,2916,32,12544,0.0467018
56,64,1,256,1,56,3136,256,64,0.0451392
56,92,1,192,1,56,3136,192,92,0.0449657
56,192,11,128,1,46,2116,128,23232,0.0481488
56,256,11,128,1,46,2116,128,30976,0.0458338
56,64,11,128,2,24,576,128,7744,0.0342592
112,92,5,192,2,55,3025,192,2300,0.0424194
224,64,5,64,2,111,12321,64,1600,0.0477437
112,92,5,92,2,55,3025,92,2300,0.0380209
56,192,11,64,2,24,576,64,23232,0.0446186
28,192,5,64,2,13,169,64,4800,0.0343753
112,64,3,128,1,110,12100,128,576,0.0588547
28,256,5,32,2,13,169,32,6400,0.0359956
28,32,1,128,1,28,784,128,32,0.0342019
56,192,7,128,1,50,2500,128,9408,0.0451391
112,92,5,32,2,55,3025,32,2300,0.0412041
28,64,1,64,1,28,784,64,64,0.0346068
56,128,1,256,2,29,841,256,128,0.0457181
56,128,3,32,1,54,2916,32,1152,0.0453708
56,32,11,92,1,46,2116,92,3872,0.0328708
28,256,5,128,2,13,169,128,6400,0.0339124
112,32,7,128,1,106,11236,128,1568,0.0357644
56,128,3,256,1,54,2916,256,1152,0.0476859
112,92,3,64,1,110,12100,64,828,0.045834
112,32,1,192,1,112,12544,192,32,0.0376742
56,192,1,92,1,56,3136,92,192,0.0486117
56,256,5,64,1,52,2704,64,6400,0.0435769
112,92,7,256,2,54,2916,256,4508,0.0417249
28,92,5,64,1,24,576,64,2300,0.0330442
112,64,1,32,1,112,12544,32,64,0.0457758
56,128,11,32,2,24,576,32,15488,0.0353591
56,192,1,64,1,56,3136,64,192,0.0422458
56,92,1,128,2,29,841,128,92,0.0336809
224,32,1,92,2,113,12769,92,32,0.052894
56,256,7,92,2,26,676,92,12544,0.0416093
112,128,11,192,2,52,2704,192,15488,0.0482644
56,192,1,32,1,56,3136,32,192,0.0470491
112,128,5,128,2,55,3025,128,3200,0.0431718
224,32,5,128,2,111,12321,128,800,0.0459493
56,128,11,32,1,46,2116,32,15488,0.0320024
56,64,3,192,1,54,2916,192,576,0.0335072
28,256,7,92,1,22,484,92,12544,0.0427666
224,92,7,64,2,110,12100,64,4508,0.0423038
112,64,5,64,1,108,11664,64,1600,0.0497691
112,64,11,64,1,102,10404,64,7744,0.0419563
56,192,11,92,1,46,2116,92,23232,0.0463546
28,256,3,64,1,26,676,64,2304,0.0439243
224,32,7,64,2,110,12100,64,1568,0.0451393
112,256,11,64,2,52,2704,64,30976,0.0473962
112,128,3,32,2,56,3136,32,1152,0.0455442
28,256,5,256,1,24,576,256,6400,0.0458339
56,256,5,192,2,27,729,192,6400,0.039005
112,128,3,64,2,56,3136,64,1152,0.0436928
56,64,5,64,1,52,2704,64,1600,0.043866
56,92,1,92,1,56,3136,92,92,0.0447343
28,256,3,92,1,26,676,92,2304,0.0330442
56,192,1,192,1,56,3136,192,192,0.0438081
112,92,1,256,2,57,3249,256,92,0.0472224
112,32,11,192,1,102,10404,192,3872,0.0400468
112,128,5,192,2,55,3025,192,3200,0.0431716
224,32,5,64,2,111,12321,64,800,0.0418408
28,64,3,192,1,26,676,192,576,0.0353592
56,256,5,128,1,52,2704,128,6400,0.0370951
56,92,1,32,1,56,3136,32,92,0.0386581
56,92,7,32,2,26,676,32,4508,0.032176
112,64,3,32,1,110,12100,32,576,0.0454868
56,32,1,192,1,56,3136,192,32,0.0332179
112,128,3,128,2,56,3136,128,1152,0.0460653
112,64,7,192,2,54,2916,192,3136,0.0318289
56,128,5,192,1,52,2704,192,3200,0.04485
28,256,1,92,1,28,784,92,256,0.0447919
56,64,3,32,2,28,784,32,576,0.0336809
56,32,3,128,1,54,2916,128,288,0.033218
56,92,7,256,1,50,2500,256,4508,0.0438661
112,128,7,128,2,54,2916,128,6272,0.0324657
112,92,7,32,1,106,11236,32,4508,0.0339122
112,128,3,192,2,56,3136,192,1152,0.0478591
224,32,3,32,2,112,12544,32,288,0.0438084
28,256,11,32,1,18,324,32,30976,0.0347802
56,92,11,92,1,46,2116,92,11132,0.0424773
56,128,5,64,1,52,2704,64,3200,0.0435768
112,32,11,32,1,102,10404,32,3872,0.0432298
56,92,1,128,1,56,3136,128,92,0.0391204
112,92,1,92,2,57,3249,92,92,0.04566
28,192,3,32,1,26,676,32,1728,0.0417829
56,92,3,128,1,54,2916,128,828,0.0369796
112,92,7,64,2,54,2916,64,4508,0.0348383
56,128,3,128,2,28,784,128,1152,0.0424773
56,64,1,128,2,29,841,128,64,0.0329287
56,256,5,128,2,27,729,128,6400,0.0491323
56,128,11,128,1,46,2116,128,15488,0.0422458
112,92,11,192,2,52,2704,192,11132,0.0413779
56,256,3,64,1,54,2916,64,2304,0.0448498
112,64,5,32,2,55,3025,32,1600,0.044387
112,92,1,64,2,57,3249,64,92,0.0445029
56,32,5,64,1,52,2704,64,800,0.0548038
28,92,11,128,1,18,324,128,11132,0.0324658
56,256,11,128,2,24,576,128,30976,0.0399887
28,192,11,64,1,18,324,64,23232,0.0317711
56,256,11,32,2,24,576,32,30976,0.0462388
56,256,11,64,2,24,576,64,30976,0.0472806
28,92,1,92,1,28,784,92,92,0.0318293
56,64,5,92,1,52,2704,92,1600,0.0321764
56,64,11,256,1,46,2116,256,7744,0.0399889
56,64,1,92,1,56,3136,92,64,0.0440399
28,128,5,92,1,24,576,92,3200,0.0352433
28,92,1,128,1,28,784,128,92,0.0313082
112,32,3,128,1,110,12100,128,288,0.0436924
28,128,5,256,1,24,576,256,3200,0.0347224
112,128,3,92,2,56,3136,92,1152,0.0467019
28,192,1,256,1,28,784,256,192,0.0415512
28,256,3,256,1,26,676,256,2304,0.0433451
112,92,3,192,2,56,3136,192,828,0.0483223
112,64,11,32,1,102,10404,32,7744,0.0451394
28,64,1,92,1,28,784,92,64,0.0340862
56,32,3,256,1,54,2916,256,288,0.0423034
56,256,1,192,2,29,841,192,256,0.033276
112,64,5,32,1,108,11664,32,1600,0.0341437
56,32,3,92,1,54,2916,92,288,0.0346648
224,32,11,92,2,108,11664,92,3872,0.0457758
56,64,7,32,2,26,676,32,3136,0.0314239
112,128,7,64,2,54,2916,64,6272,0.0440976
28,192,5,64,1,24,576,64,4800,0.0381947
112,64,1,64,2,57,3249,64,64,0.0390629
56,192,7,192,1,50,2500,192,9408,0.0440977
112,32,11,256,1,102,10404,256,3872,0.034549
56,32,1,128,1,56,3136,128,32,0.0353591
56,64,1,64,1,56,3136,64,64,0.0430561
112,32,5,64,1,108,11664,64,800,0.0401623
224,32,5,192,2,111,12321,192,800,0.0451392
112,92,1,192,2,57,3249,192,92,0.0414937
112,64,5,92,2,55,3025,92,1600,0.047512
112,192,5,128,2,55,3025,128,4800,0.031887
112,32,3,32,1,110,12100,32,288,0.0458917
56,192,3,32,2,28,784,32,1728,0.0306718
56,128,5,32,1,52,2704,32,3200,0.0422459
28,64,1,192,1,28,784,192,64,0.034491
224,32,11,64,2,108,11664,64,3872,0.0450817
56,128,3,192,1,54,2916,192,1152,0.0467018
56,256,7,256,2,26,676,256,12544,0.0449658
56,64,5,128,1,52,2704,128,1600,0.0445026
28,192,11,128,1,18,324,128,23232,0.0328709
56,192,1,64,2,29,841,64,192,0.0413198
112,128,5,32,2,55,3025,32,3200,0.0483802
112,92,5,256,2,55,3025,256,2300,0.048901
28,256,7,192,1,22,484,192,12544,0.0414356
112,32,1,128,2,57,3249,128,32,0.042072
224,32,3,64,2,112,12544,64,288,0.04485
112,92,3,256,2,56,3136,256,828,0.0398151
112,256,7,64,2,54,2916,64,12544,0.0344908
56,128,7,256,1,50,2500,256,6272,0.0384841
112,32,5,128,1,108,11664,128,800,0.0461234
224,32,3,128,2,112,12544,128,288,0.0361694
56,128,11,256,1,46,2116,256,15488,0.0436348
112,64,5,128,2,55,3025,128,1600,0.0462386
28,256,1,256,1,28,784,256,256,0.0383103
112,128,11,92,2,52,2704,92,15488,0.041667
112,32,1,32,1,112,12544,32,32,0.0487852
28,256,7,256,1,22,484,256,12544,0.0391786
28,92,5,92,1,24,576,92,2300,0.0308453
56,64,7,92,2,26,676,92,3136,0.0321762
56,256,7,64,1,50,2500,64,12544,0.0346643
28,256,7,64,1,22,484,64,12544,0.0427666
112,64,11,128,2,52,2704,128,7744,0.0440397
56,128,3,128,1,54,2916,128,1152,0.0450812
56,256,7,32,1,50,2500,32,12544,0.0467018
56,64,11,64,1,46,2116,64,7744,0.0442134
28,128,1,92,1,28,784,92,128,0.0374426
112,64,3,256,2,56,3136,256,576,0.0415514
28,128,7,92,1,22,484,92,6272,0.0306137
56,64,3,128,1,54,2916,128,576,0.038484
56,64,3,32,1,54,2916,32,576,0.0316554
56,256,7,64,2,26,676,64,12544,0.0409146
56,128,11,192,1,46,2116,192,15488,0.0439239
56,192,11,64,1,46,2116,64,23232,0.0450236
112,192,3,64,2,56,3136,64,1728,0.0359378
56,192,1,92,2,29,841,92,192,0.039931
56,192,7,128,2,26,676,128,9408,0.0416091
56,32,5,128,1,52,2704,128,800,0.0436344
56,64,7,128,1,50,2500,128,3136,0.0417248
56,256,3,256,2,28,784,256,2304,0.0364009
56,256,5,64,2,27,729,64,6400,0.0462388
28,92,1,64,1,28,784,64,92,0.0403938
56,32,5,256,1,52,2704,256,800,0.034491
28,192,3,92,1,26,676,92,1728,0.0405096
56,92,3,92,1,54,2916,92,828,0.0422454
56,64,11,92,1,46,2116,92,7744,0.040741
28,192,3,128,1,26,676,128,1728,0.0405673
56,256,5,256,2,27,729,256,6400,0.0442137
112,64,3,128,2,56,3136,128,576,0.0425349
56,92,11,128,1,46,2116,128,11132,0.040799
112,92,3,128,2,56,3136,128,828,0.0387156
56,64,7,256,2,26,676,256,3136,0.0316554
28,192,7,192,1,22,484,192,9408,0.0342597
112,64,7,92,2,54,2916,92,3136,0.031019
56,92,7,128,1,50,2500,128,4508,0.0434031
56,256,11,92,2,24,576,92,30976,0.0408568
56,92,5,64,1,52,2704,64,2300,0.0418408
28,92,5,256,1,24,576,256,2300,0.0311346
56,92,3,32,2,28,784,32,828,0.0314817
112,92,11,64,2,52,2704,64,11132,0.0406253
112,64,1,128,2,57,3249,128,64,0.0405677
112,92,5,128,2,55,3025,128,2300,0.0438081
112,32,1,64,1,112,12544,64,32,0.030498
28,64,3,32,1,26,676,32,576,0.0324656
112,92,7,128,2,54,2916,128,4508,0.0345489
56,192,11,92,2,24,576,92,23232,0.0424773
56,92,7,64,1,50,2500,64,4508,0.0388311
56,256,1,64,2,29,841,64,256,0.0543988
112,92,3,32,2,56,3136,32,828,0.0349541
28,92,7,128,1,22,484,128,4508,0.0317129
56,256,1,92,2,29,841,92,256,0.0468178
56,256,1,32,2,29,841,32,256,0.049827
56,92,7,192,1,50,2500,192,4508,0.0399887
112,64,1,32,2,57,3249,32,64,0.0428822
56,192,5,92,2,27,729,92,4800,0.0429983
56,92,11,256,1,46,2116,256,11132,0.040799
56,256,3,64,2,28,784,64,2304,0.04213
56,64,7,92,1,50,2500,92,3136,0.0306134
28,256,1,64,1,28,784,64,256,0.0446186
56,192,1,256,2,29,841,256,192,0.0410879
56,192,3,92,2,28,784,92,1728,0.0411462
28,256,11,192,1,18,324,192,30976,0.0414356
28,192,1,64,1,28,784,64,192,0.0384263
56,128,1,128,2,29,841,128,128,0.0494798
112,192,1,64,2,57,3249,64,192,0.0320603
56,256,7,32,2,26,676,32,12544,0.0340861
112,64,3,92,2,56,3136,92,576,0.04566
56,128,7,192,2,26,676,192,6272,0.0313082
112,92,11,92,2,52,2704,92,11132,0.0296298
56,256,3,32,2,28,784,32,2304,0.03941
112,32,11,192,2,52,2704,192,3872,0.0298036
28,192,11,92,1,18,324,92,23232,0.0288196
56,64,7,192,1,50,2500,192,3136,0.0377898
56,192,1,128,2,29,841,128,192,0.0301509
28,128,11,64,1,18,324,64,15488,0.0299193
112,64,11,92,2,52,2704,92,7744,0.0424194
56,64,5,92,2,27,729,92,1600,0.0289356
56,128,3,92,2,28,784,92,1152,0.029572
56,192,1,32,2,29,841,32,192,0.040799
112,64,7,128,2,54,2916,128,3136,0.0297456
28,256,5,128,1,24,576,128,6400,0.0305558
56,64,11,192,1,46,2116,192,7744,0.0399889
224,32,1,64,2,113,12769,64,32,0.0299193
56,128,5,32,2,27,729,32,3200,0.029746
28,256,7,128,1,22,484,128,12544,0.0390049
56,128,11,256,2,24,576,256,15488,0.0302088
112,64,5,64,2,55,3025,64,1600,0.0302662
28,192,5,128,1,24,576,128,4800,0.0381947
112,64,11,64,2,52,2704,64,7744,0.039468
56,256,5,32,2,27,729,32,6400,0.0292246
28,192,1,32,1,28,784,32,192,0.0376161
56,256,11,192,2,24,576,192,30976,0.037674
28,192,5,256,2,13,169,256,4800,0.0286462
28,192,5,256,1,24,576,256,4800,0.0391208
28,64,7,32,1,22,484,32,3136,0.0294562
56,128,3,64,2,28,784,64,1152,0.0317132
56,128,1,64,2,29,841,64,128,0.0457761
28,128,5,192,1,24,576,192,3200,0.0457759
28,128,1,128,1,28,784,128,128,0.038542
28,192,7,128,2,12,144,128,9408,0.030498
56,32,7,64,1,50,2500,64,1568,0.02963
56,64,1,92,2,29,841,92,64,0.0350698
56,92,11,32,1,46,2116,32,11132,0.0363428
28,128,7,92,2,12,144,92,6272,0.0295143
28,64,5,192,1,24,576,192,1600,0.0314818
56,128,11,92,2,24,576,92,15488,0.030035
28,92,7,64,1,22,484,64,4508,0.0400466
28,256,3,32,1,26,676,32,2304,0.0284147
28,192,1,128,2,15,225,128,192,0.0324077
56,64,3,192,2,28,784,192,576,0.0300349
56,128,1,192,2,29,841,192,128,0.0351277
28,64,5,64,1,24,576,64,1600,0.0288198
56,92,1,92,2,29,841,92,92,0.0284146
28,192,11,192,2,10,100,192,23232,0.0284148
112,32,1,64,2,57,3249,64,32,0.0278939
28,92,5,128,1,24,576,128,2300,0.0285882
28,128,11,92,1,18,324,92,15488,0.0294563
56,32,3,64,1,54,2916,64,288,0.0333913
56,128,5,128,2,27,729,128,3200,0.0307871
112,32,11,128,1,102,10404,128,3872,0.0289931
56,92,11,64,1,46,2116,64,11132,0.0288776
28,128,7,192,2,12,144,192,6272,0.0289354
28,32,1,192,1,28,784,192,32,0.0286462
112,128,1,32,2,57,3249,32,128,0.0283566
56,64,1,256,2,29,841,256,64,0.0364589
56,32,5,32,1,52,2704,32,800,0.0288774
112,32,7,92,2,54,2916,92,1568,0.0298614
112,128,11,128,2,52,2704,128,15488,0.0287041
56,256,7,128,2,26,676,128,12544,0.0283568
28,32,11,192,1,18,324,192,3872,0.0357063
56,128,7,128,2,26,676,128,6272,0.0303823
28,128,5,128,1,24,576,128,3200,0.0300347
112,32,1,92,2,57,3249,92,32,0.0274308
56,92,5,192,2,27,729,192,2300,0.0284147
56,32,7,192,1,50,2500,192,1568,0.0307297
112,32,1,256,2,57,3249,256,32,0.0291667
56,256,3,192,2,28,784,192,2304,0.0283569
28,128,3,256,1,26,676,256,1152,0.0299771
28,92,7,192,1,22,484,192,4508,0.0302664
56,128,7,256,2,26,676,256,6272,0.0301508
56,64,5,256,1,52,2704,256,1600,0.0282989
56,64,5,192,2,27,729,192,1600,0.0295142
28,256,7,256,2,12,144,256,12544,0.0280671
112,32,5,256,2,55,3025,256,800,0.0317712
28,256,1,256,2,15,225,256,256,0.031366
56,92,7,192,2,26,676,192,4508,0.0284724
56,192,11,128,2,24,576,128,23232,0.0299192
112,32,1,192,2,57,3249,192,32,0.0300351
28,64,7,256,1,22,484,256,3136,0.0310767
56,128,5,64,2,27,729,64,3200,0.029109
56,64,7,64,1,50,2500,64,3136,0.0288197
56,92,1,192,2,29,841,192,92,0.0302663
112,32,3,92,2,56,3136,92,288,0.0324076
56,128,11,192,2,24,576,192,15488,0.0300928
56,64,7,192,2,26,676,192,3136,0.0298034
56,92,7,128,2,26,676,128,4508,0.028704
56,192,7,92,2,26,676,92,9408,0.0282411
112,32,7,256,2,54,2916,256,1568,0.0300349
28,128,7,256,1,22,484,256,6272,0.0297458
56,92,3,192,2,28,784,192,828,0.0319448
28,128,7,128,1,22,484,128,6272,0.0297454
28,256,11,256,1,18,324,256,30976,0.0304402
28,192,11,256,1,18,324,256,23232,0.030035
56,192,3,256,2,28,784,256,1728,0.0312502
56,92,1,256,2,29,841,256,92,0.0284146
56,192,5,256,2,27,729,256,4800,0.029514
56,92,5,256,2,27,729,256,2300,0.0303822
56,92,7,256,2,26,676,256,4508,0.0306714
112,32,3,192,2,56,3136,192,288,0.0293984
112,64,7,64,2,54,2916,64,3136,0.0287041
112,32,7,192,2,54,2916,192,1568,0.0298036
28,256,3,192,2,14,196,192,2304,0.0288774
56,32,1,256,1,56,3136,256,32,0.0326392
28,256,1,32,1,28,784,32,256,0.028299
28,256,11,128,1,18,324,128,30976,0.0306136
56,92,11,256,2,24,576,256,11132,0.028993
56,128,5,256,2,27,729,256,3200,0.0293981
56,128,5,192,2,27,729,192,3200,0.0284724
112,64,5,192,2,55,3025,192,1600,0.0307872
56,64,5,256,2,27,729,256,1600,0.0299767
28,256,5,256,2,13,169,256,6400,0.028241
28,128,11,256,1,18,324,256,15488,0.0284144
28,192,1,192,2,15,225,192,192,0.0302666
112,32,5,128,2,55,3025,128,800,0.0309609
112,32,3,128,2,56,3136,128,288,0.0303822
28,64,1,128,1,28,784,128,64,0.0310767
28,192,1,256,2,15,225,256,192,0.0307876
56,128,3,192,2,28,784,192,1152,0.0305559
28,256,1,192,2,15,225,192,256,0.0300927
56,192,5,32,2,27,729,32,4800,0.0284726
56,92,5,128,2,27,729,128,2300,0.0295141
28,192,7,128,1,22,484,128,9408,0.0296301
56,192,5,192,2,27,729,192,4800,0.0293404
56,64,3,64,1,54,2916,64,576,0.0276042
56,192,3,128,2,28,784,128,1728,0.027778
56,64,3,256,2,28,784,256,576,0.0282987
28,64,1,256,1,28,784,256,64,0.0320603
56,92,3,64,2,28,784,64,828,0.0281831
56,128,11,128,2,24,576,128,15488,0.0299193
56,64,11,256,2,24,576,256,7744,0.0290513
56,92,3,256,2,28,784,256,828,0.0298613
28,92,3,256,1,26,676,256,828,0.0293408
112,32,3,256,2,56,3136,256,288,0.0302663
112,64,11,192,2,52,2704,192,7744,0.0292249
112,32,7,128,2,54,2916,128,1568,0.0298612
28,256,1,192,1,28,784,192,256,0.0274889
56,192,11,256,2,24,576,256,23232,0.0295724
28,192,1,64,2,15,225,64,192,0.0330443
28,32,3,128,1,26,676,128,288,0.029977
28,92,5,192,1,24,576,192,2300,0.0280673
28,192,3,192,2,14,196,192,1728,0.0274887
56,256,11,256,2,24,576,256,30976,0.0272573
112,64,1,192,2,57,3249,192,64,0.0284144
56,64,1,192,2,29,841,192,64,0.0296302
28,256,7,192,2,12,144,192,12544,0.0271413
112,64,7,256,2,54,2916,256,3136,0.0273728
56,256,5,92,2,27,729,92,6400,0.0285881
28,128,3,192,1,26,676,192,1152,0.0288197
112,32,7,64,2,54,2916,64,1568,0.0273729
28,128,1,192,1,28,784,192,128,0.0351858
56,92,11,192,2,24,576,192,11132,0.0277203
56,32,3,192,1,54,2916,192,288,0.0302086
112,32,5,92,2,55,3025,92,800,0.0306138
112,32,3,64,2,56,3136,64,288,0.0273148
28,32,3,92,1,26,676,92,288,0.0280094
56,64,3,92,1,54,2916,92,576,0.028241
56,92,3,92,2,28,784,92,828,0.0305559
28,256,5,192,1,24,576,192,6400,0.028241
56,64,11,192,2,24,576,192,7744,0.0278938
28,64,1,32,1,28,784,32,64,0.029109
28,256,5,192,2,13,169,192,6400,0.0294562
56,32,5,64,2,27,729,64,800,0.0318867
56,32,3,32,2,28,784,32,288,0.028646
28,256,1,128,2,15,225,128,256,0.0296301
28,128,3,256,2,14,196,256,1152,0.0288198
56,92,5,92,2,27,729,92,2300,0.0296299
28,192,7,256,2,12,144,256,9408,0.0275462
56,128,7,64,2,26,676,64,6272,0.0269099
56,92,11,92,2,24,576,92,11132,0.0281831
28,192,1,92,1,28,784,92,192,0.0282988
56,32,1,64,2,29,841,64,32,0.0270259
56,64,3,128,2,28,784,128,576,0.0290514
28,128,5,32,2,13,169,32,3200,0.0304978
28,92,7,92,1,22,484,92,4508,0.0315397
56,64,3,92,2,28,784,92,576,0.0283564
56,64,1,32,2,29,841,32,64,0.0292824
56,32,1,32,1,56,3136,32,32,0.0298034
28,256,11,92,1,18,324,92,30976,0.0292248
112,32,5,64,2,55,3025,64,800,0.0301508
56,32,7,256,2,26,676,256,1568,0.0288776
56,128,3,32,2,28,784,32,1152,0.0275464
112,64,11,32,2,52,2704,32,7744,0.0263892
28,128,7,192,1,22,484,192,6272,0.0290511
28,92,11,192,1,18,324,192,11132,0.0288196
28,32,7,32,1,22,484,32,1568,0.0275463
56,128,11,64,2,24,576,64,15488,0.0273151
56,64,5,32,2,27,729,32,1600,0.0274889
28,256,1,64,2,15,225,64,256,0.0293984
28,256,11,192,2,10,100,192,30976,0.0274883
28,128,5,256,2,13,169,256,3200,0.0306137
112,92,7,32,2,54,2916,32,4508,0.0265627
56,64,7,128,2,26,676,128,3136,0.0314239
28,64,5,92,1,24,576,92,1600,0.0272572
28,64,11,256,1,18,324,256,7744,0.0267941
28,192,3,64,2,14,196,64,1728,0.0282411
56,92,7,92,2,26,676,92,4508,0.0280096
28,192,3,92,2,14,196,92,1728,0.0274886
28,32,5,64,1,24,576,64,800,0.0270258
28,92,3,64,2,14,196,64,828,0.0297454
28,256,3,64,2,14,196,64,2304,0.0291092
28,128,1,256,2,15,225,256,128,0.0279516
28,192,7,32,1,22,484,32,9408,0.0271416
56,64,3,64,2,28,784,64,576,0.028762
56,64,5,128,2,27,729,128,1600,0.0309608
28,64,1,128,2,15,225,128,64,0.0275464
56,32,7,192,2,26,676,192,1568,0.0279516
28,128,5,64,2,13,169,64,3200,0.0287618
28,92,11,64,1,18,324,64,11132,0.0280672
112,32,5,32,2,55,3025,32,800,0.0267941
28,32,1,64,1,28,784,64,32,0.0336231
56,32,7,128,2,26,676,128,1568,0.027315
28,32,7,256,1,22,484,256,1568,0.0305559
56,128,7,92,2,26,676,92,6272,0.030093
56,92,11,128,2,24,576,128,11132,0.027373
56,32,7,32,1,50,2500,32,1568,0.0286459
112,32,11,92,2,52,2704,92,3872,0.0265626
28,92,3,92,1,26,676,92,828,0.0269101
56,128,7,32,2,26,676,32,6272,0.0270258
28,192,7,32,2,12,144,32,9408,0.030903
28,192,7,92,2,12,144,92,9408,0.0288197
28,64,11,92,1,18,324,92,7744,0.0271414
56,32,5,256,2,27,729,256,800,0.0270834
56,92,11,32,2,24,576,32,11132,0.0285302
28,256,1,32,2,15,225,32,256,0.030556
56,64,5,64,2,27,729,64,1600,0.0265628
28,64,11,64,1,18,324,64,7744,0.0278937
28,192,7,192,2,12,144,192,9408,0.0270838
28,256,11,92,2,10,100,92,30976,0.029514
28,128,1,64,2,15,225,64,128,0.0275466
56,32,1,192,2,29,841,192,32,0.028646
56,32,3,92,2,28,784,92,288,0.0292828
28,128,1,128,2,15,225,128,128,0.0293983
28,256,11,128,2,10,100,128,30976,0.0267363
56,32,5,92,2,27,729,92,800,0.0267362
56,32,7,64,2,26,676,64,1568,0.0271993
28,192,5,192,2,13,169,192,4800,0.0280094
112,32,11,32,2,52,2704,32,3872,0.0273151
56,32,1,32,2,29,841,32,32,0.0308453
28,256,7,64,2,12,144,64,12544,0.0273152
28,32,3,32,1,26,676,32,288,0.0320027
28,256,5,64,2,13,169,64,6400,0.0290512
28,64,7,128,1,22,484,128,3136,0.0285881
28,64,11,32,1,18,324,32,7744,0.026852
28,192,5,128,2,13,169,128,4800,0.0271993
56,64,11,32,2,24,576,32,7744,0.02772
28,92,3,256,2,14,196,256,828,0.0280672
56,192,7,32,2,26,676,32,9408,0.0266787
28,256,7,128,2,12,144,128,12544,0.0288197
28,192,11,32,1,18,324,32,23232,0.0270838
28,128,3,64,2,14,196,64,1152,0.0274309
28,32,5,256,1,24,576,256,800,0.0318288
28,32,3,64,1,26,676,64,288,0.0310768
56,32,3,256,2,28,784,256,288,0.0281832
28,256,7,92,2,12,144,92,12544,0.0269679
28,192,1,32,2,15,225,32,192,0.026794
28,64,3,128,2,14,196,128,576,0.028183
28,92,5,256,2,13,169,256,2300,0.0290511
28,256,11,256,2,10,100,256,30976,0.0269677
28,128,3,92,2,14,196,92,1152,0.0304979
28,64,3,192,2,14,196,192,576,0.0268521
28,256,11,32,2,10,100,32,30976,0.0284724
28,92,1,64,2,15,225,64,92,0.0271996
28,192,3,64,1,26,676,64,1728,0.0267362
28,64,5,32,2,13,169,32,1600,0.0302088
28,32,1,256,1,28,784,256,32,0.036343
56,32,11,64,2,24,576,64,3872,0.0275464
28,64,1,256,2,15,225,256,64,0.0303821
28,192,11,256,2,10,100,256,23232,0.0285882
28,128,1,64,1,28,784,64,128,0.0266204
56,32,3,128,2,28,784,128,288,0.0293407
28,32,7,192,1,22,484,192,1568,0.0315976
28,64,3,64,1,26,676,64,576,0.0270258
56,32,11,128,2,24,576,128,3872,0.0266784
112,92,11,32,2,52,2704,32,11132,0.0258107
56,32,5,128,2,27,729,128,800,0.0282411
56,32,3,64,2,28,784,64,288,0.0265628
56,32,1,256,2,29,841,256,32,0.0280672
28,192,11,92,2,10,100,92,23232,0.0290511
56,92,1,32,2,29,841,32,92,0.0265628
28,92,1,192,2,15,225,192,92,0.0280674
28,92,1,92,2,15,225,92,92,0.0268522
28,92,3,128,2,14,196,128,828,0.0264468
28,32,5,128,1,24,576,128,800,0.0365746
56,32,5,32,2,27,729,32,800,0.0284726
112,32,7,32,2,54,2916,32,1568,0.029977
56,32,7,92,2,26,676,92,1568,0.0284726
28,128,7,128,2,12,144,128,6272,0.0265628
28,192,11,128,2,10,100,128,23232,0.0267363
28,256,7,32,1,22,484,32,12544,0.0283567
56,32,11,256,2,24,576,256,3872,0.02882
28,32,5,192,1,24,576,192,800,0.0348384
28,128,7,256,2,12,144,256,6272,0.0289353
28,64,11,192,1,18,324,192,7744,0.0275467
28,128,3,192,2,14,196,192,1152,0.0271413
28,64,1,92,2,15,225,92,64,0.0330443
28,192,1,92,2,15,225,92,192,0.0263891
28,192,11,64,2,10,100,64,23232,0.0267363
56,192,11,32,2,24,576,32,23232,0.027778
56,32,7,92,1,50,2500,92,1568,0.0264469
56,92,5,32,2,27,729,32,2300,0.0265629
28,92,3,92,2,14,196,92,828,0.028646
28,32,3,256,1,26,676,256,288,0.0270258
56,32,1,92,2,29,841,92,32,0.0270836
28,92,5,192,2,13,169,192,2300,0.0280671
56,64,11,92,2,24,576,92,7744,0.0272571
28,92,1,128,2,15,225,128,92,0.0281831
28,64,7,64,1,22,484,64,3136,0.0267944
28,92,1,32,2,15,225,32,92,0.026447
112,32,3,32,2,56,3136,32,288,0.0270836
28,64,3,128,1,26,676,128,576,0.0303823
28,32,3,192,1,26,676,192,288,0.0283567
28,92,7,256,2,12,144,256,4508,0.0296299
28,64,1,192,2,15,225,192,64,0.0321181
56,64,7,64,2,26,676,64,3136,0.0278358
28,192,7,64,2,12,144,64,9408,0.0262733
56,32,7,32,2,26,676,32,1568,0.0268521
28,92,5,128,2,13,169,128,2300,0.0293986
28,128,11,128,2,10,100,128,15488,0.0289934
28,64,5,64,2,13,169,64,1600,0.0301506
28,32,7,128,1,22,484,128,1568,0.0270839
56,128,5,92,2,27,729,92,3200,0.0256369
28,192,3,32,2,14,196,32,1728,0.0259842
28,32,7,92,1,22,484,92,1568,0.0331601
28,92,5,64,2,13,169,64,2300,0.0271412
28,128,3,128,2,14,196,128,1152,0.0259262
28,32,11,92,1,18,324,92,3872,0.0263311
56,32,11,92,2,24,576,92,3872,0.0266207
28,32,3,32,2,14,196,32,288,0.0267362
56,92,1,64,2,29,841,64,92,0.0273149
28,128,7,32,2,12,144,32,6272,0.0284724
28,32,11,256,1,18,324,256,3872,0.030903
28,32,11,64,1,18,324,64,3872,0.0312502
56,32,1,64,1,56,3136,64,32,0.0310187
28,64,1,64,2,15,225,64,64,0.0285303
28,92,11,256,1,18,324,256,11132,0.0281254
56,64,1,64,2,29,841,64,64,0.0260423
28,128,7,64,2,12,144,64,6272,0.027257
28,64,3,92,2,14,196,92,576,0.0284724
28,92,11,92,1,18,324,92,11132,0.0267943
28,128,11,128,1,18,324,128,15488,0.0272573
28,128,11,32,2,10,100,32,15488,0.0267362
28,128,1,32,1,28,784,32,128,0.0289356
28,92,5,32,1,24,576,32,2300,0.0269101
28,64,3,32,2,14,196,32,576,0.0271416
28,128,11,92,2,10,100,92,15488,0.0284726
28,256,3,128,2,14,196,128,2304,0.0267943
28,192,5,32,2,13,169,32,4800,0.0280673
28,64,7,64,2,12,144,64,3136,0.0281829
28,64,7,92,1,22,484,92,3136,0.0273728
28,128,3,32,2,14,196,32,1152,0.0270837
28,128,5,192,2,13,169,192,3200,0.0264468
28,92,7,64,2,12,144,64,4508,0.0259262
28,256,3,32,2,14,196,32,2304,0.0266207
28,92,7,192,2,12,144,192,4508,0.0257527
56,32,5,192,2,27,729,192,800,0.0278359
28,128,5,32,1,24,576,32,3200,0.0289931
28,256,11,64,2,10,100,64,30976,0.0259262
28,128,1,92,2,15,225,92,128,0.026042
28,92,1,32,1,28,784,32,92,0.0269101
28,32,1,92,1,28,784,92,32,0.0346066
28,92,7,92,2,12,144,92,4508,0.030093
28,92,11,128,2,10,100,128,11132,0.0274309
28,128,1,32,2,15,225,32,128,0.02772
56,32,1,128,2,29,841,128,32,0.0261573
28,92,1,256,2,15,225,256,92,0.0278939
28,32,1,32,1,28,784,32,32,0.0254631
28,64,7,128,2,12,144,128,3136,0.0261
28,64,5,256,2,13,169,256,1600,0.0267363
56,64,11,64,2,24,576,64,7744,0.0278938
28,32,5,92,2,13,169,92,800,0.0260418
56,32,3,192,2,28,784,192,288,0.0262736
28,32,5,92,1,24,576,92,800,0.0323498
28,92,7,128,2,12,144,128,4508,0.0276622
28,32,1,32,2,15,225,32,32,0.0260418
28,92,7,32,2,12,144,32,4508,0.0260419
28,32,7,64,1,22,484,64,1568,0.0329863
28,128,11,192,2,10,100,192,15488,0.0277202
28,32,3,92,2,14,196,92,288,0.0278938
28,92,11,32,2,10,100,32,11132,0.0262734
28,64,7,192,2,12,144,192,3136,0.0263891
28,192,3,128,2,14,196,128,1728,0.0270257
28,128,11,64,2,10,100,64,15488,0.0269679
28,128,5,128,2,13,169,128,3200,0.0260997
56,32,11,192,2,24,576,192,3872,0.0256369
28,92,5,92,2,13,169,92,2300,0.0289357
56,32,11,32,2,24,576,32,3872,0.0274888
28,64,11,256,2,10,100,256,7744,0.0274307
28,64,7,256,2,12,144,256,3136,0.0258106
28,92,3,192,2,14,196,192,828,0.0271996
28,64,7,92,2,12,144,92,3136,0.0261577
28,92,11,256,2,10,100,256,11132,0.0255789
28,92,3,32,2,14,196,32,828,0.0269099
28,32,1,128,2,15,225,128,32,0.0271993
28,32,3,64,2,14,196,64,288,0.0259841
28,32,1,192,2,15,225,192,32,0.0259261
28,92,11,192,2,10,100,192,11132,0.0252897
28,32,7,64,2,12,144,64,1568,0.0256944
28,32,5,32,1,24,576,32,800,0.0339124
28,128,5,92,2,13,169,92,3200,0.0262156
28,64,11,128,1,18,324,128,7744,0.0265627
28,32,7,128,2,12,144,128,1568,0.0274884
28,92,11,92,2,10,100,92,11132,0.0258103
28,32,7,192,2,12,144,192,1568,0.0267364
28,64,1,32,2,15,225,32,64,0.0328128
28,32,1,256,2,15,225,256,32,0.0261577
28,64,3,64,2,14,196,64,576,0.0260421
28,32,5,32,2,13,169,32,800,0.0282409
28,92,11,64,2,10,100,64,11132,0.0270839
28,32,5,256,2,13,169,256,800,0.0258682
28,32,1,64,2,15,225,64,32,0.0277782
28,64,11,92,2,10,100,92,7744,0.0263894
28,32,5,192,2,13,169,192,800,0.0260998
28,64,7,32,2,12,144,32,3136,0.0262157
28,64,5,92,2,13,169,92,1600,0.0267363
28,32,11,32,2,10,100,32,3872,0.0279518
28,64,5,128,2,13,169,128,1600,0.0277781
28,192,11,32,2,10,100,32,23232,0.0271992
28,32,7,92,2,12,144,92,1568,0.025521
28,64,11,128,2,10,100,128,7744,0.0260998
28,64,11,64,2,10,100,64,7744,0.0260998
28,64,11,192,2,10,100,192,7744,0.025579
28,32,7,256,2,12,144,256,1568,0.0272571
28,32,5,64,2,13,169,64,800,0.0284727
28,32,11,32,1,18,324,32,3872,0.0299194
28,32,11,128,1,18,324,128,3872,0.0291091
28,32,1,92,2,15,225,92,32,0.0258683
28,32,3,192,2,14,196,192,288,0.0256369
28,192,5,92,2,13,169,92,4800,0.025174
28,32,7,32,2,12,144,32,1568,0.0272573
28,32,11,192,2,10,100,192,3872,0.0278359
28,32,11,64,2,10,100,64,3872,0.0258682
28,32,3,128,2,14,196,128,288,0.0262736
28,32,5,128,2,13,169,128,800,0.0281831
28,32,11,92,2,10,100,92,3872,0.0278362
28,92,5,32,2,13,169,32,2300,0.0297457
28,32,11,128,2,10,100,128,3872,0.027836
28,32,3,256,2,14,196,256,288,0.0265627
28,128,11,256,2,10,100,256,15488,0.0247109
28,64,5,192,2,13,169,192,1600,0.028704
28,32,11,256,2,10,100,256,3872,0.0265047
28,64,11,32,2,10,100,32,7744,0.0263313
28,64,3,256,2,14,196,256,576,0.0245951