28,32,1,32,2,15,225,32,32,0.179604
28,32,1,64,2,15,225,64,32,0.1705755
28,32,1,92,2,15,225,92,32,0.1763925
28,32,1,128,2,15,225,128,32,0.1750035
28,32,1,192,2,15,225,192,32,0.178215
28,32,1,256,2,15,225,256,32,0.1624155
28,32,3,32,2,14,196,32,288,0.3920205
28,32,3,64,2,14,196,64,288,0.241758
28,32,3,92,2,14,196,92,288,0.2545185
28,32,3,128,2,14,196,128,288,0.247053
28,32,3,192,2,14,196,192,288,0.2238765
28,32,3,256,2,14,196,256,288,0.2411505
28,32,5,32,2,13,169,32,800,0.2048655
28,32,5,64,2,13,169,64,800,0.2033025
28,32,5,92,2,13,169,92,800,0.2669325
28,32,5,128,2,13,169,128,800,0.1941015
28,32,5,192,2,13,169,192,800,0.1954035
28,32,5,256,2,13,169,256,800,0.1993965
28,32,7,32,2,12,144,32,1568,0.2195355
28,32,7,64,2,12,144,64,1568,0.2244825
28,32,7,92,2,12,144,92,1568,0.2502645
28,32,7,128,2,12,144,128,1568,0.2372445
28,32,7,192,2,12,144,192,1568,0.229518
28,32,7,256,2,12,144,256,1568,0.2219655
28,32,11,32,2,10,100,32,3872,0.2289105
28,32,11,64,2,10,100,64,3872,0.225699
28,32,11,92,2,10,100,92,3872,0.2533035
28,32,11,128,2,10,100,128,3872,0.238719
28,32,11,192,2,10,100,192,3872,0.22266
28,32,11,256,2,10,100,256,3872,0.236028
28,64,1,32,2,15,225,32,64,0.161721
28,64,1,64,2,15,225,64,64,0.1721385
28,64,1,92,2,15,225,92,64,0.174222
28,64,1,128,2,15,225,128,64,0.1708365
28,64,1,192,2,15,225,192,64,0.171444
28,64,1,256,2,15,225,256,64,0.171183
28,64,3,32,2,14,196,32,576,0.217365
28,64,3,64,2,14,196,64,576,0.222573
28,64,3,92,2,14,196,92,576,0.2558205
28,64,3,128,2,14,196,128,576,0.2219655
28,64,3,192,2,14,196,192,576,0.2237895
28,64,3,256,2,14,196,256,576,0.217713
28,64,5,32,2,13,169,32,1600,0.201219
28,64,5,64,2,13,169,64,1600,0.1979205
28,64,5,92,2,13,169,92,1600,0.2355075
28,64,5,128,2,13,169,128,1600,0.202173
28,64,5,192,2,13,169,192,1600,0.2017395
28,64,5,256,2,13,169,256,1600,0.19332
28,64,7,32,2,12,144,32,3136,0.23082
28,64,7,64,2,12,144,64,3136,0.22266
28,64,7,92,2,12,144,92,3136,0.259206
28,64,7,128,2,12,144,128,3136,0.2261325
28,64,7,192,2,12,144,192,3136,0.226653
28,64,7,256,2,12,144,256,3136,0.2220525
28,64,11,32,2,10,100,32,7744,0.2339445
28,64,11,64,2,10,100,64,7744,0.241932
28,64,11,92,2,10,100,92,7744,0.270318
28,64,11,128,2,10,100,128,7744,0.236463
28,64,11,192,2,10,100,192,7744,0.227088
28,64,11,256,2,10,100,256,7744,0.22101
28,92,1,32,2,15,225,32,92,0.1746555
28,92,1,64,2,15,225,64,92,0.176739
28,92,1,92,2,15,225,92,92,0.158076
28,92,1,128,2,15,225,128,92,0.1842915
28,92,1,192,2,15,225,192,92,0.17127
28,92,1,256,2,15,225,256,92,0.178476
28,92,3,32,2,14,196,32,828,0.2410635
28,92,3,64,2,14,196,64,828,0.2461845
28,92,3,92,2,14,196,92,828,0.2625045
28,92,3,128,2,14,196,128,828,0.217365
28,92,3,192,2,14,196,192,828,0.2290845
28,92,3,256,2,14,196,256,828,0.2462715
28,92,5,32,2,13,169,32,2300,0.2022615
28,92,5,64,2,13,169,64,2300,0.2112015
28,92,5,92,2,13,169,92,2300,0.2397615
28,92,5,128,2,13,169,128,2300,0.1936665
28,92,5,192,2,13,169,192,2300,0.196791
28,92,5,256,2,13,169,256,2300,0.210333
28,92,7,32,2,12,144,32,4508,0.2249175
28,92,7,64,2,12,144,64,4508,0.218406
28,92,7,92,2,12,144,92,4508,0.263286
28,92,7,128,2,12,144,128,4508,0.233424
28,92,7,192,2,12,144,192,4508,0.224223
28,92,7,256,2,12,144,256,4508,0.2856825
28,92,11,32,2,10,100,32,11132,0.316152
28,92,11,64,2,10,100,64,11132,0.230559
28,92,11,92,2,10,100,92,11132,0.3407175
28,92,11,128,2,10,100,128,11132,0.3137205
28,92,11,192,2,10,100,192,11132,0.225786
28,92,11,256,2,10,100,256,11132,0.356256
28,128,1,32,2,15,225,32,128,0.1717905
28,128,1,64,2,15,225,64,128,0.1856805
28,128,1,92,2,15,225,92,128,0.1749165
28,128,1,128,2,15,225,128,128,0.1707495
28,128,1,192,2,15,225,192,128,0.1750905
28,128,1,256,2,15,225,256,128,0.1789095
28,128,3,32,2,14,196,32,1152,0.228216
28,128,3,64,2,14,196,64,1152,0.2260455
28,128,3,92,2,14,196,92,1152,0.255039
28,128,3,128,2,14,196,128,1152,0.222399
28,128,3,192,2,14,196,192,1152,0.2074695
28,128,3,256,2,14,196,256,1152,0.228042
28,128,5,32,2,13,169,32,3200,0.198441
28,128,5,64,2,13,169,64,3200,0.1989615
28,128,5,92,2,13,169,92,3200,0.247227
28,128,5,128,2,13,169,128,3200,0.2006115
28,128,5,192,2,13,169,192,3200,0.2143275
28,128,5,256,2,13,169,256,3200,0.199917
28,128,7,32,2,12,144,32,6272,0.231168
28,128,7,64,2,12,144,64,6272,0.2235285
28,128,7,92,2,12,144,92,6272,0.344277
28,128,7,128,2,12,144,128,6272,0.236115
28,128,7,192,2,12,144,192,6272,0.2372445
28,128,7,256,2,12,144,256,6272,0.229779
28,128,11,32,2,10,100,32,15488,0.2330775
28,128,11,64,2,10,100,64,15488,0.248268
28,128,11,92,2,10,100,92,15488,0.260247
28,128,11,128,2,10,100,128,15488,0.233424
28,128,11,192,2,10,100,192,15488,0.242799
28,128,11,256,2,10,100,256,15488,0.244101
28,192,1,32,2,15,225,32,192,0.179343
28,192,1,64,2,15,225,64,192,0.168753
28,192,1,92,2,15,225,92,192,0.1792575
28,192,1,128,2,15,225,128,192,0.1812525
28,192,1,192,2,15,225,192,192,0.1723995
28,192,1,256,2,15,225,256,192,0.1791705
28,192,3,32,2,14,196,32,1728,0.2222265
28,192,3,64,2,14,196,64,1728,0.2217915
28,192,3,92,2,14,196,92,1728,0.2570355
28,192,3,128,2,14,196,128,1728,0.2342925
28,192,3,192,2,14,196,192,1728,0.2245695
28,192,3,256,2,14,196,256,1728,0.2261325
28,192,5,32,2,13,169,32,4800,0.216237
28,192,5,64,2,13,169,64,4800,0.2166705
28,192,5,92,2,13,169,92,4800,0.2448825
28,192,5,128,2,13,169,128,4800,0.2112015
28,192,5,192,2,13,169,192,4800,0.206427
28,192,5,256,2,13,169,256,4800,0.2098125
28,192,7,32,2,12,144,32,9408,0.2437545
28,192,7,64,2,12,144,64,9408,0.231168
28,192,7,92,2,12,144,92,9408,0.2694495
28,192,7,128,2,12,144,128,9408,0.2204895
28,192,7,192,2,12,144,192,9408,0.238893
28,192,7,256,2,12,144,256,9408,0.237504
28,192,11,32,2,10,100,32,23232,0.2343795
28,192,11,64,2,10,100,64,23232,0.352437
28,192,11,92,2,10,100,92,23232,0.4230105
28,192,11,128,2,10,100,128,23232,0.3085995
28,192,11,192,2,10,100,192,23232,0.2407155
28,192,11,256,2,10,100,256,23232,0.250785
28,256,1,32,2,15,225,32,256,0.1786485
28,256,1,64,2,15,225,64,256,0.172833
28,256,1,92,2,15,225,92,256,0.1710975
28,256,1,128,2,15,225,128,256,0.178476
28,256,1,192,2,15,225,192,256,0.172746
28,256,1,256,2,15,225,256,256,0.1653675
28,256,3,32,2,14,196,32,2304,0.2246565
28,256,3,64,2,14,196,64,2304,0.2365485
28,256,3,92,2,14,196,92,2304,0.257469
28,256,3,128,2,14,196,128,2304,0.218667
28,256,3,192,2,14,196,192,2304,0.221532
28,256,3,256,2,14,196,256,2304,0.228303
28,256,5,32,2,13,169,32,6400,0.1967055
28,256,5,64,2,13,169,64,6400,0.2125035
28,256,5,92,2,13,169,92,6400,0.3500925
28,256,5,128,2,13,169,128,6400,0.2005245
28,256,5,192,2,13,169,192,6400,0.2099865
28,256,5,256,2,13,169,256,6400,0.2127645
28,256,7,32,2,12,144,32,12544,0.331863
28,256,7,64,2,12,144,64,12544,0.259119
28,256,7,92,2,12,144,92,12544,0.444279
28,256,7,128,2,12,144,128,12544,0.233772
28,256,7,192,2,12,144,192,12544,0.216063
28,256,7,256,2,12,144,256,12544,0.5299575
28,256,11,32,2,10,100,32,30976,0.236115
28,256,11,64,2,10,100,64,30976,0.226914
28,256,11,92,2,10,100,92,30976,0.3272625
28,256,11,128,2,10,100,128,30976,0.2785635
28,256,11,192,2,10,100,192,30976,0.2319495
28,256,11,256,2,10,100,256,30976,0.8051355
56,32,1,32,2,29,841,32,32,0.1926255
56,32,1,64,2,29,841,64,32,0.1910625
56,32,1,92,2,29,841,92,32,0.2326425
56,32,1,128,2,29,841,128,32,0.2007855
56,32,1,192,2,29,841,192,32,0.1965315
56,32,1,256,2,29,841,256,32,0.1975725
56,32,3,32,2,28,784,32,288,0.2260455
56,32,3,64,2,28,784,64,288,0.229866
56,32,3,92,2,28,784,92,288,0.2556465
56,32,3,128,2,28,784,128,288,0.865467
56,32,3,192,2,28,784,192,288,0.222834
56,32,3,256,2,28,784,256,288,0.220056
56,32,5,32,2,27,729,32,800,0.22266
56,32,5,64,2,27,729,64,800,0.224223
56,32,5,92,2,27,729,92,800,0.25938
56,32,5,128,2,27,729,128,800,0.2262195
56,32,5,192,2,27,729,192,800,0.22431
56,32,5,256,2,27,729,256,800,0.2341185
56,32,7,32,2,26,676,32,1568,0.2260455
56,32,7,64,2,26,676,64,1568,0.2207505
56,32,7,92,2,26,676,92,1568,0.2706645
56,32,7,128,2,26,676,128,1568,0.2344665
56,32,7,192,2,26,676,192,1568,0.2246565
56,32,7,256,2,26,676,256,1568,0.338634
56,32,11,32,2,24,576,32,3872,0.2328165
56,32,11,64,2,24,576,64,3872,0.2426265
56,32,11,92,2,24,576,92,3872,0.2554725
56,32,11,128,2,24,576,128,3872,0.2363745
56,32,11,192,2,24,576,192,3872,0.2463585
56,32,11,256,2,24,576,256,3872,0.2286495
56,64,1,32,2,29,841,32,64,0.191844
56,64,1,64,2,29,841,64,64,0.1947945
56,64,1,92,2,29,841,92,64,0.2365485
56,64,1,128,2,29,841,128,64,0.200784
56,64,1,192,2,29,841,192,64,0.204594
56,64,1,256,2,29,841,256,64,0.1992105
56,64,3,32,2,28,784,32,576,0.2206515
56,64,3,64,2,28,784,64,576,0.219957
56,64,3,92,2,28,784,92,576,0.2525955
56,64,3,128,2,28,784,128,576,0.2179605
56,64,3,192,2,28,784,192,576,0.2328045
56,64,3,256,2,28,784,256,576,0.2249925
56,64,5,32,2,27,729,32,1600,0.2286375
56,64,5,64,2,27,729,64,1600,0.234714
56,64,5,92,2,27,729,92,1600,0.2523345
56,64,5,128,2,27,729,128,1600,0.224037
56,64,5,192,2,27,729,192,1600,0.2476485
56,64,5,256,2,27,729,256,1600,0.232545
56,64,7,32,2,26,676,32,3136,0.231069
56,64,7,64,2,26,676,64,3136,0.2355825
56,64,7,92,2,26,676,92,3136,0.265269
56,64,7,128,2,26,676,128,3136,0.222909
56,64,7,192,2,26,676,192,3136,0.297387
56,64,7,256,2,26,676,256,3136,0.232197
56,64,11,32,2,24,576,32,7744,0.2512935
56,64,11,64,2,24,576,64,7744,0.3144
56,64,11,92,2,24,576,92,7744,0.2545065
56,64,11,128,2,24,576,128,7744,0.242181
56,64,11,192,2,24,576,192,7744,0.2189175
56,64,11,256,2,24,576,256,7744,0.30954
56,92,1,32,2,29,841,32,92,0.181158
56,92,1,64,2,29,841,64,92,0.194526
56,92,1,92,2,29,841,92,92,0.230028
56,92,1,128,2,29,841,128,92,0.194439
56,92,1,192,2,29,841,192,92,0.2020785
56,92,1,256,2,29,841,256,92,0.2027715
56,92,3,32,2,28,784,32,828,0.2210865
56,92,3,64,2,28,784,64,828,0.2190915
56,92,3,92,2,28,784,92,828,0.29895
56,92,3,128,2,28,784,128,828,0.2256015
56,92,3,192,2,28,784,192,828,0.209976
56,92,3,256,2,28,784,256,828,0.227424
56,92,5,32,2,27,729,32,2300,0.2416605
56,92,5,64,2,27,729,64,2300,0.226209
56,92,5,92,2,27,729,92,2300,0.2760345
56,92,5,128,2,27,729,128,2300,0.230289
56,92,5,192,2,27,729,192,2300,0.248865
56,92,5,256,2,27,729,256,2300,0.2175285
56,92,7,32,2,26,676,32,4508,0.240531
56,92,7,64,2,26,676,64,4508,0.23463
56,92,7,92,2,26,676,92,4508,0.331329
56,92,7,128,2,26,676,128,4508,0.30711
56,92,7,192,2,26,676,192,4508,0.277944
56,92,7,256,2,26,676,256,4508,0.331329
56,92,11,32,2,24,576,32,11132,0.3065895
56,92,11,64,2,24,576,64,11132,0.2493855
56,92,11,92,2,24,576,92,11132,0.306069
56,92,11,128,2,24,576,128,11132,0.221175
56,92,11,192,2,24,576,192,11132,0.210672
56,92,11,256,2,24,576,256,11132,0.4031175
56,128,1,32,2,29,841,32,128,0.192357
56,128,1,64,2,29,841,64,128,0.194094
56,128,1,92,2,29,841,92,128,0.230811
56,128,1,128,2,29,841,128,128,0.196611
56,128,1,192,2,29,841,192,128,0.1985205
56,128,1,256,2,29,841,256,128,0.198867
56,128,3,32,2,28,784,32,1152,0.213798
56,128,3,64,2,28,784,64,1152,0.222912
56,128,3,92,2,28,784,92,1152,0.2385375
56,128,3,128,2,28,784,128,1152,0.2288145
56,128,3,192,2,28,784,192,1152,0.2274255
56,128,3,256,2,28,784,256,1152,0.22977
56,128,5,32,2,27,729,32,3200,0.222912
56,128,5,64,2,27,729,64,3200,0.222999
56,128,5,92,2,27,729,92,3200,0.2554635
56,128,5,128,2,27,729,128,3200,0.3433965
56,128,5,192,2,27,729,192,3200,0.2434845
56,128,5,256,2,27,729,256,3200,0.2335035
56,128,7,32,2,26,676,32,6272,0.232461
56,128,7,64,2,26,676,64,6272,0.2639715
56,128,7,92,2,26,676,92,6272,0.2584155
56,128,7,128,2,26,676,128,6272,0.274908
56,128,7,192,2,26,676,192,6272,0.219702
56,128,7,256,2,26,676,256,6272,0.207636
56,128,11,32,2,24,576,32,15488,0.3414015
56,128,11,64,2,24,576,64,15488,0.316749
56,128,11,92,2,24,576,92,15488,0.354942
56,128,11,128,2,24,576,128,15488,0.216663
56,128,11,192,2,24,576,192,15488,0.263712
56,128,11,256,2,24,576,256,15488,0.3428775
56,192,1,32,2,29,841,32,192,0.186543
56,192,1,64,2,29,841,64,192,0.199998
56,192,1,92,2,29,841,92,192,0.233244
56,192,1,128,2,29,841,128,192,0.181161
56,192,1,192,2,29,841,192,192,0.2124105
56,192,1,256,2,29,841,256,192,0.206682
56,192,3,32,2,28,784,32,1728,0.23064
56,192,3,64,2,28,784,64,1728,0.244182
56,192,3,92,2,28,784,92,1728,0.2419245
56,192,3,128,2,28,784,128,1728,0.235674
56,192,3,192,2,28,784,192,1728,0.2391465
56,192,3,256,2,28,784,256,1728,0.232983
56,192,5,32,2,27,729,32,4800,0.2298585
56,192,5,64,2,27,729,64,4800,0.222306
56,192,5,92,2,27,729,92,4800,0.299997
56,192,5,128,2,27,729,128,4800,0.2312475
56,192,5,192,2,27,729,192,4800,0.313452
56,192,5,256,2,27,729,256,4800,0.2154495
56,192,7,32,2,26,676,32,9408,0.236109
56,192,7,64,2,26,676,64,9408,0.244095
56,192,7,92,2,26,676,92,9408,0.2605875
56,192,7,128,2,26,676,128,9408,0.2289915
56,192,7,192,2,26,676,192,9408,0.214494
56,192,7,256,2,26,676,256,9408,0.332463
56,192,11,32,2,24,576,32,23232,0.2837655
56,192,11,64,2,24,576,64,23232,0.2675325
56,192,11,92,2,24,576,92,23232,0.276474
56,192,11,128,2,24,576,128,23232,0.352689
56,192,11,192,2,24,576,192,23232,0.367359
56,192,11,256,2,24,576,256,23232,0.4230015
56,256,1,32,2,29,841,32,256,0.20217
56,256,1,64,2,29,841,64,256,0.2013015
56,256,1,92,2,29,841,92,256,0.2332455
56,256,1,128,2,29,841,128,256,0.2000865
56,256,1,192,2,29,841,192,256,0.200607
56,256,1,256,2,29,841,256,256,0.1996515
56,256,3,32,2,28,784,32,2304,0.227343
56,256,3,64,2,28,784,64,2304,0.226995
56,256,3,92,2,28,784,92,2304,0.2575515
56,256,3,128,2,28,784,128,2304,0.2330715
56,256,3,192,2,28,784,192,2304,0.328818
56,256,3,256,2,28,784,256,2304,0.239322
56,256,5,32,2,27,729,32,6400,0.268836
56,256,5,64,2,27,729,64,6400,0.233766
56,256,5,92,2,27,729,92,6400,0.3762135
56,256,5,128,2,27,729,128,6400,0.565797
56,256,5,192,2,27,729,192,6400,0.282117
56,256,5,256,2,27,729,256,6400,0.2079855
56,256,7,32,2,26,676,32,12544,0.2376735
56,256,7,64,2,26,676,64,12544,0.2482635
56,256,7,92,2,26,676,92,12544,0.4037325
56,256,7,128,2,26,676,128,12544,0.415191
56,256,7,192,2,26,676,192,12544,0.4559895
56,256,7,256,2,26,676,256,12544,0.235677
56,256,11,32,2,24,576,32,30976,0.266841
56,256,11,64,2,24,576,64,30976,0.265017
56,256,11,92,2,24,576,92,30976,0.300435
56,256,11,128,2,24,576,128,30976,0.40191
56,256,11,192,2,24,576,192,30976,0.6584205
56,256,11,256,2,24,576,256,30976,0.545574
112,32,1,32,2,57,3249,32,32,0.181077
112,32,1,64,2,57,3249,64,32,0.1792545
112,32,1,92,2,57,3249,92,32,0.201477
112,32,1,128,2,57,3249,128,32,0.1788195
112,32,1,192,2,57,3249,192,32,0.1763025
112,32,1,256,2,57,3249,256,32,0.1763025
112,32,3,32,2,56,3136,32,288,0.2222235
112,32,3,64,2,56,3136,64,288,0.228039
112,32,3,92,2,56,3136,92,288,0.241668
112,32,3,128,2,56,3136,128,288,0.2288205
112,32,3,192,2,56,3136,192,288,0.2283855
112,32,3,256,2,56,3136,256,288,0.2247405
112,32,5,32,2,55,3025,32,800,0.264063
112,32,5,64,2,55,3025,64,800,0.2367195
112,32,5,92,2,55,3025,92,800,0.2659725
112,32,5,128,2,55,3025,128,800,0.2257815
112,32,5,192,2,55,3025,192,800,0.2580735
112,32,5,256,2,55,3025,256,800,0.3578145
112,32,7,32,2,54,2916,32,1568,0.223785
112,32,7,64,2,54,2916,64,1568,0.260244
112,32,7,92,2,54,2916,92,1568,0.2690985
112,32,7,128,2,54,2916,128,1568,0.236025
112,32,7,192,2,54,2916,192,1568,0.385332
112,32,7,256,2,54,2916,256,1568,0.2408865
112,32,11,32,2,52,2704,32,3872,0.259029
112,32,11,64,2,52,2704,64,3872,0.261546
112,32,11,92,2,52,2704,92,3872,0.2733525
112,32,11,128,2,52,2704,128,3872,0.240192
112,32,11,192,2,52,2704,192,3872,0.2019975
112,32,11,256,2,52,2704,256,3872,0.52101
112,64,1,32,2,57,3249,32,64,0.178299
112,64,1,64,2,57,3249,64,64,0.1776915
112,64,1,92,2,57,3249,92,64,0.18021
112,64,1,128,2,57,3249,128,64,0.1804695
112,64,1,192,2,57,3249,192,64,0.1697055
112,64,1,256,2,57,3249,256,64,0.1808175
112,64,3,32,2,56,3136,32,576,0.2381955
112,64,3,64,2,56,3136,64,576,0.2183175
112,64,3,92,2,56,3136,92,576,0.2688375
112,64,3,128,2,56,3136,128,576,0.2263905
112,64,3,192,2,56,3136,192,576,0.3545145
112,64,3,256,2,56,3136,256,576,0.236286
112,64,5,32,2,55,3025,32,1600,0.2407125
112,64,5,64,2,55,3025,64,1600,0.241581
112,64,5,92,2,55,3025,92,1600,0.313803
112,64,5,128,2,55,3025,128,1600,0.300696
112,64,5,192,2,55,3025,192,1600,0.2530395
112,64,5,256,2,55,3025,256,1600,0.407901
112,64,7,32,2,54,2916,32,3136,0.298092
112,64,7,64,2,54,2916,64,3136,0.415107
112,64,7,92,2,54,2916,92,3136,0.2681445
112,64,7,128,2,54,2916,128,3136,0.2422755
112,64,7,192,2,54,2916,192,3136,0.239151
112,64,7,256,2,54,2916,256,3136,0.2627625
112,64,11,32,2,52,2704,32,7744,0.251391
112,64,11,64,2,52,2704,64,7744,0.287502
112,64,11,92,2,52,2704,92,7744,0.5152815
112,64,11,128,2,52,2704,128,7744,0.3407145
112,64,11,192,2,52,2704,192,7744,0.4104195
112,64,11,256,2,52,2704,256,7744,0.4546035
112,92,1,32,2,57,3249,32,92,0.181338
112,92,1,64,2,57,3249,64,92,0.1796025
112,92,1,92,2,57,3249,92,92,0.1980045
112,92,1,128,2,57,3249,128,92,0.183942
112,92,1,192,2,57,3249,192,92,0.1741335
112,92,1,256,2,57,3249,256,92,0.1781265
112,92,3,32,2,56,3136,32,828,0.239412
112,92,3,64,2,56,3136,64,828,0.245835
112,92,3,92,2,56,3136,92,828,0.27561
112,92,3,128,2,56,3136,128,828,0.2302965
112,92,3,192,2,56,3136,192,828,0.3206625
112,92,3,256,2,56,3136,256,828,0.225696
112,92,5,32,2,55,3025,32,2300,0.248178
112,92,5,64,2,55,3025,64,2300,0.2506965
112,92,5,92,2,55,3025,92,2300,0.3902805
112,92,5,128,2,55,3025,128,2300,0.2427975
112,92,5,192,2,55,3025,192,2300,0.2342025
112,92,5,256,2,55,3025,256,2300,0.2600715
112,92,7,32,2,54,2916,32,4508,0.243405
112,92,7,64,2,54,2916,64,4508,0.2656275
112,92,7,92,2,54,2916,92,4508,0.263457
112,92,7,128,2,54,2916,128,4508,0.2803845
112,92,7,192,2,54,2916,192,4508,0.3178845
112,92,7,256,2,54,2916,256,4508,0.477261
112,92,11,32,2,52,2704,32,11132,0.2452275
112,92,11,64,2,52,2704,64,11132,0.3316005
112,92,11,92,2,52,2704,92,11132,0.418233
112,92,11,128,2,52,2704,128,11132,0.3181455
112,92,11,192,2,52,2704,192,11132,0.3526935
112,92,11,256,2,52,2704,256,11132,0.332034
112,128,1,32,2,57,3249,32,128,0.1823805
112,128,1,64,2,57,3249,64,128,0.1807305
112,128,1,92,2,57,3249,92,128,0.199308
112,128,1,128,2,57,3249,128,128,0.184638
112,128,1,192,2,57,3249,192,128,0.1826415
112,128,1,256,2,57,3249,256,128,0.181686
112,128,3,32,2,56,3136,32,1152,0.223179
112,128,3,64,2,56,3136,64,1152,0.23976
112,128,3,92,2,56,3136,92,1152,0.267537
112,128,3,128,2,56,3136,128,1152,0.2262165
112,128,3,192,2,56,3136,192,1152,0.2494815
112,128,3,256,2,56,3136,256,1152,0.2479185
112,128,5,32,2,55,3025,32,3200,0.2333355
112,128,5,64,2,55,3025,64,3200,0.3947955
112,128,5,92,2,55,3025,92,3200,0.2723115
112,128,5,128,2,55,3025,128,3200,0.2049495
112,128,5,192,2,55,3025,192,3200,0.224394
112,128,5,256,2,55,3025,256,3200,0.3319485
112,128,7,32,2,54,2916,32,6272,0.363111
112,128,7,64,2,54,2916,64,6272,0.3019125
112,128,7,92,2,54,2916,92,6272,0.4217055
112,128,7,128,2,54,2916,128,6272,0.282207
112,128,7,192,2,54,2916,192,6272,0.3317745
112,128,7,256,2,54,2916,256,6272,0.411288
112,128,11,32,2,52,2704,32,15488,0.236634
112,128,11,64,2,52,2704,64,15488,0.272919
112,128,11,92,2,52,2704,92,15488,0.575013
112,128,11,128,2,52,2704,128,15488,0.3468825
112,128,11,192,2,52,2704,192,15488,0.344799
112,128,11,256,2,52,2704,256,15488,0.287505
112,192,1,32,2,57,3249,32,192,0.1813395
112,192,1,64,2,57,3249,64,192,0.1747425
112,192,1,92,2,57,3249,92,192,0.1934925
112,192,1,128,2,57,3249,128,192,0.193233
112,192,1,192,2,57,3249,192,192,0.1776945
112,192,1,256,2,57,3249,256,192,0.1950555
112,192,3,32,2,56,3136,32,1728,0.2393265
112,192,3,64,2,56,3136,64,1728,0.266064
112,192,3,92,2,56,3136,92,1728,0.2651955
112,192,3,128,2,56,3136,128,1728,0.425007
112,192,3,192,2,56,3136,192,1728,0.245925
112,192,3,256,2,56,3136,256,1728,0.6186735
112,192,5,32,2,55,3025,32,4800,0.3770025
112,192,5,64,2,55,3025,64,4800,0.222921
112,192,5,92,2,55,3025,92,4800,0.4029585
112,192,5,128,2,55,3025,128,4800,0.3619845
112,192,5,192,2,55,3025,192,4800,0.421101
112,192,5,256,2,55,3025,256,4800,0.3565155
112,192,7,32,2,54,2916,32,9408,0.233511
112,192,7,64,2,54,2916,64,9408,0.321273
112,192,7,92,2,54,2916,92,9408,0.3309075
112,192,7,128,2,54,2916,128,9408,0.3715335
112,192,7,192,2,54,2916,192,9408,0.3335985
112,192,7,256,2,54,2916,256,9408,0.5212755
112,192,11,32,2,52,2704,32,23232,0.3270885
112,192,11,64,2,52,2704,64,23232,0.4982715
112,192,11,92,2,52,2704,92,23232,0.498792
112,192,11,128,2,52,2704,128,23232,0.3392415
112,192,11,192,2,52,2704,192,23232,0.362418
112,192,11,256,2,52,2704,256,23232,0.6957555
112,256,1,32,2,57,3249,32,256,0.1908885
112,256,1,64,2,57,3249,64,256,0.180384
112,256,1,92,2,57,3249,92,256,0.206166
112,256,1,128,2,57,3249,128,256,0.187068
112,256,1,192,2,57,3249,192,256,0.207294
112,256,1,256,2,57,3249,256,256,0.242451
112,256,3,32,2,56,3136,32,2304,0.365109
112,256,3,64,2,56,3136,64,2304,0.3822105
112,256,3,92,2,56,3136,92,2304,0.269013
112,256,3,128,2,56,3136,128,2304,0.3283035
112,256,3,192,2,56,3136,192,2304,0.218145
112,256,3,256,2,56,3136,256,2304,0.2525205
112,256,5,32,2,55,3025,32,6400,0.2446215
112,256,5,64,2,55,3025,64,6400,0.5907195
112,256,5,92,2,55,3025,92,6400,0.261288
112,256,5,128,2,55,3025,128,6400,0.2956635
112,256,5,192,2,55,3025,192,6400,0.3855075
112,256,5,256,2,55,3025,256,6400,0.353823
112,256,7,32,2,54,2916,32,12544,0.2577285
112,256,7,64,2,54,2916,64,12544,0.2913225
112,256,7,92,2,54,2916,92,12544,0.4571235
112,256,7,128,2,54,2916,128,12544,0.546969
112,256,7,192,2,54,2916,192,12544,0.3423645
112,256,7,256,2,54,2916,256,12544,0.460596
112,256,11,32,2,52,2704,32,30976,0.4064325
112,256,11,64,2,52,2704,64,30976,0.570759
112,256,11,92,2,52,2704,92,30976,0.5327355
112,256,11,128,2,52,2704,128,30976,0.431952
112,256,11,192,2,52,2704,192,30976,0.307296
112,256,11,256,2,52,2704,256,30976,0.8525295
224,32,1,32,2,113,12769,32,32,0.1907145
224,32,1,64,2,113,12769,64,32,0.1908885
224,32,1,92,2,113,12769,92,32,0.2147595
224,32,1,128,2,113,12769,128,32,0.1934055
224,32,1,192,2,113,12769,192,32,0.195141
224,32,1,256,2,113,12769,256,32,0.19245
224,32,3,32,2,112,12544,32,288,0.221097
224,32,3,64,2,112,12544,64,288,0.2433195
224,32,3,92,2,112,12544,92,288,0.338634
224,32,3,128,2,112,12544,128,288,0.339588
224,32,3,192,2,112,12544,192,288,0.288807
224,32,3,256,2,112,12544,256,288,0.2268255
224,32,5,32,2,111,12321,32,800,0.227955
224,32,5,64,2,111,12321,64,800,0.3255255
224,32,5,92,2,111,12321,92,800,0.2688405
224,32,5,128,2,111,12321,128,800,0.241236
224,32,5,192,2,111,12321,192,800,0.22752
224,32,5,256,2,111,12321,256,800,0.2742225
224,32,7,32,2,110,12100,32,1568,0.2395005
224,32,7,64,2,110,12100,64,1568,0.3401955
224,32,7,92,2,110,12100,92,1568,0.3351615
224,32,7,128,2,110,12100,128,1568,0.2434065
224,32,7,192,2,110,12100,192,1568,0.4210125
224,32,7,256,2,110,12100,256,1568,0.366933
224,32,11,32,2,108,11664,32,3872,0.2571225
224,32,11,64,2,108,11664,64,3872,0.242799
224,32,11,92,2,108,11664,92,3872,0.2929725
224,32,11,128,2,108,11664,128,3872,0.414069
224,32,11,192,2,108,11664,192,3872,0.564504
224,32,11,256,2,108,11664,256,3872,0.498618
224,64,1,32,2,113,12769,32,64,0.1889775
224,64,1,64,2,113,12769,64,64,0.1800375
224,64,1,92,2,113,12769,92,64,0.202347
224,64,1,128,2,113,12769,128,64,0.1808175
224,64,1,192,2,113,12769,192,64,0.190368
224,64,1,256,2,113,12769,256,64,0.212676
224,64,3,32,2,112,12544,32,576,0.236115
224,64,3,64,2,112,12544,64,576,0.2434065
224,64,3,92,2,112,12544,92,576,0.2729205
224,64,3,128,2,112,12544,128,576,0.238545
224,64,3,192,2,112,12544,192,576,0.240195
224,64,3,256,2,112,12544,256,576,0.2282145
224,64,5,32,2,111,12321,32,1600,0.358512
224,64,5,64,2,111,12321,64,1600,0.274917
224,64,5,92,2,111,12321,92,1600,0.5167605
224,64,5,128,2,111,12321,128,1600,0.229344
224,64,5,192,2,111,12321,192,1600,0.291324
224,64,5,256,2,111,12321,256,1600,0.4385475
224,64,7,32,2,110,12100,32,3136,0.366759
224,64,7,64,2,110,12100,64,3136,0.4251795
224,64,7,92,2,110,12100,92,3136,0.2797785
224,64,7,128,2,110,12100,128,3136,0.6083415
224,64,7,192,2,110,12100,192,3136,0.3104205
224,64,7,256,2,110,12100,256,3136,0.354606
224,64,11,32,2,108,11664,32,7744,0.2974005
224,64,11,64,2,108,11664,64,7744,0.2919315
224,64,11,92,2,108,11664,92,7744,0.3780435
224,64,11,128,2,108,11664,128,7744,0.573264
224,64,11,192,2,108,11664,192,7744,0.5134575
224,64,11,256,2,108,11664,256,7744,0.4480935
224,92,1,32,2,113,12769,32,92,0.1848975
224,92,1,64,2,113,12769,64,92,0.2048625
224,92,1,92,2,113,12769,92,92,0.213717
224,92,1,128,2,113,12769,128,92,0.1838565
224,92,1,192,2,113,12769,192,92,0.204516
224,92,1,256,2,113,12769,256,92,0.193578
224,92,3,32,2,112,12544,32,828,0.3204015
224,92,3,64,2,112,12544,64,828,0.3621555
224,92,3,92,2,112,12544,92,828,0.2750895
224,92,3,128,2,112,12544,128,828,0.366756
224,92,3,192,2,112,12544,192,828,0.2412345
224,92,3,256,2,112,12544,256,828,0.260505
224,92,5,32,2,111,12321,32,2300,0.3598995
224,92,5,64,2,111,12321,64,2300,0.283248
224,92,5,92,2,111,12321,92,2300,0.370836
224,92,5,128,2,111,12321,128,2300,0.442365
224,92,5,192,2,111,12321,192,2300,0.318318
224,92,5,256,2,111,12321,256,2300,0.537417
224,92,7,32,2,110,12100,32,4508,0.458598
224,92,7,64,2,110,12100,64,4508,0.3066
224,92,7,92,2,110,12100,92,4508,0.384726
224,92,7,128,2,110,12100,128,4508,0.6138945
224,92,7,192,2,110,12100,192,4508,0.368493
224,92,7,256,2,110,12100,256,4508,0.42405
224,92,11,32,2,108,11664,32,11132,0.56676
224,92,11,64,2,108,11664,64,11132,0.379692
224,92,11,92,2,108,11664,92,11132,0.459033
224,92,11,128,2,108,11664,128,11132,0.5687565
224,92,11,192,2,108,11664,192,11132,0.728307
224,92,11,256,2,108,11664,256,11132,0.7502685
224,128,1,32,2,113,12769,32,128,0.193926
224,128,1,64,2,113,12769,64,128,0.306948
224,128,1,92,2,113,12769,92,128,0.208248
224,128,1,128,2,113,12769,128,128,0.25686
224,128,1,192,2,113,12769,192,128,0.2054715
224,128,1,256,2,113,12769,256,128,0.19245
224,128,3,32,2,112,12544,32,1152,0.250263
224,128,3,64,2,112,12544,64,1152,0.370491
224,128,3,92,2,112,12544,92,1152,0.453303
224,128,3,128,2,112,12544,128,1152,0.239238
224,128,3,192,2,112,12544,192,1152,0.355299
224,128,3,256,2,112,12544,256,1152,0.294795
224,128,5,32,2,111,12321,32,3200,0.269448
224,128,5,64,2,111,12321,64,3200,0.3359415
224,128,5,92,2,111,12321,92,3200,0.3140655
224,128,5,128,2,111,12321,128,3200,0.65565
224,128,5,192,2,111,12321,192,3200,0.4125915
224,128,5,256,2,111,12321,256,3200,0.5310825
224,128,7,32,2,110,12100,32,6272,0.2483535
224,128,7,64,2,110,12100,64,6272,0.3481815
224,128,7,92,2,110,12100,92,6272,0.3455775
224,128,7,128,2,110,12100,128,6272,0.676137
224,128,7,192,2,110,12100,192,6272,0.5334255
224,128,7,256,2,110,12100,256,6272,0.6428025
224,128,11,32,2,108,11664,32,15488,0.581343
224,128,11,64,2,108,11664,64,15488,0.4193625
224,128,11,92,2,108,11664,92,15488,0.4492245
224,128,11,128,2,108,11664,128,15488,0.3935805
224,128,11,192,2,108,11664,192,15488,0.478131
224,128,11,256,2,108,11664,256,15488,0.746883
224,192,1,32,2,113,12769,32,192,0.195228
224,192,1,64,2,113,12769,64,192,0.210333
224,192,1,92,2,113,12769,92,192,0.213804
224,192,1,128,2,113,12769,128,192,0.1891515
224,192,1,192,2,113,12769,192,192,0.2723985
224,192,1,256,2,113,12769,256,192,0.2089425
224,192,3,32,2,112,12544,32,1728,0.298875
224,192,3,64,2,112,12544,64,1728,0.238371
224,192,3,92,2,112,12544,92,1728,0.2645865
224,192,3,128,2,112,12544,128,1728,0.46077
224,192,3,192,2,112,12544,192,1728,0.2548635
224,192,3,256,2,112,12544,256,1728,0.2992215
224,192,5,32,2,111,12321,32,4800,0.3386325
224,192,5,64,2,111,12321,64,4800,0.3843795
224,192,5,92,2,111,12321,92,4800,0.356862
224,192,5,128,2,111,12321,128,4800,0.682473
224,192,5,192,2,111,12321,192,4800,0.8163285
224,192,5,256,2,111,12321,256,4800,0.615024
224,192,7,32,2,110,12100,32,9408,0.250611
224,192,7,64,2,110,12100,64,9408,0.360594
224,192,7,92,2,110,12100,92,9408,0.39471
224,192,7,128,2,110,12100,128,9408,0.3464445
224,192,7,192,2,110,12100,192,9408,0.41103
224,192,7,256,2,110,12100,256,9408,0.721971
224,192,11,32,2,108,11664,32,23232,0.71442
224,192,11,64,2,108,11664,64,23232,0.680652
224,192,11,92,2,108,11664,92,23232,0.492195
224,192,11,128,2,108,11664,128,23232,0.6934125
224,192,11,192,2,108,11664,192,23232,0.400005
224,192,11,256,2,108,11664,256,23232,0.472923
224,256,1,32,2,113,12769,32,256,0.249048
224,256,1,64,2,113,12769,64,256,0.28299
224,256,1,92,2,113,12769,92,256,0.3039105
224,256,1,128,2,113,12769,128,256,0.1863735
224,256,1,192,2,113,12769,192,256,0.1946205
224,256,1,256,2,113,12769,256,256,0.19488
224,256,3,32,2,112,12544,32,2304,0.31233
224,256,3,64,2,112,12544,64,2304,0.2713575
224,256,3,92,2,112,12544,92,2304,0.3547785
224,256,3,128,2,112,12544,128,2304,0.372573
224,256,3,192,2,112,12544,192,2304,0.557733
224,256,3,256,2,112,12544,256,2304,0.413721
224,256,5,32,2,111,12321,32,6400,0.4360305
224,256,5,64,2,111,12321,64,6400,0.3307335
224,256,5,92,2,111,12321,92,6400,0.3129375
224,256,5,128,2,111,12321,128,6400,0.5877675
224,256,5,192,2,111,12321,192,6400,0.499485
224,256,5,256,2,111,12321,256,6400,0.4717065
224,256,7,32,2,110,12100,32,12544,0.426741
224,256,7,64,2,110,12100,64,12544,0.5568645
224,256,7,92,2,110,12100,92,12544,0.430908
224,256,7,128,2,110,12100,128,12544,0.724488
224,256,7,192,2,110,12100,192,12544,0.7188465
224,256,7,256,2,110,12100,256,12544,0.5097285
224,256,11,32,2,108,11664,32,30976,0.4034775
224,256,11,64,2,108,11664,64,30976,0.7303905
224,256,11,92,2,108,11664,92,30976,0.4421925
224,256,11,128,2,108,11664,128,30976,0.4319505
224,256,11,192,2,108,11664,192,30976,0.690981
224,256,11,256,2,108,11664,256,30976,0.699228
28,32,1,32,1,28,784,32,32,0.199569
28,32,1,64,1,28,784,64,32,0.1962705
28,32,1,92,1,28,784,92,32,0.228825
28,32,1,128,1,28,784,128,32,0.199743
28,32,1,192,1,28,784,192,32,0.1993095
28,32,1,256,1,28,784,256,32,0.198354
28,32,3,32,1,26,676,32,288,0.206601
28,32,3,64,1,26,676,64,288,0.20964
28,32,3,92,1,26,676,92,288,0.232296
28,32,3,128,1,26,676,128,288,0.2100735
28,32,3,192,1,26,676,192,288,0.221619
28,32,3,256,1,26,676,256,288,0.2232675
28,32,5,32,1,24,576,32,800,0.177087
28,32,5,64,1,24,576,64,800,0.1666695
28,32,5,92,1,24,576,92,800,0.200958
28,32,5,128,1,24,576,128,800,0.1831635
28,32,5,192,1,24,576,192,800,0.178041
28,32,5,256,1,24,576,256,800,0.1710975
28,32,7,32,1,22,484,32,1568,0.219015
28,32,7,64,1,22,484,64,1568,0.229953
28,32,7,92,1,22,484,92,1568,0.266151
28,32,7,128,1,22,484,128,1568,0.2750925
28,32,7,192,1,22,484,192,1568,0.241845
28,32,7,256,1,22,484,256,1568,0.241671
28,32,11,32,1,18,324,32,3872,0.2313405
28,32,11,64,1,18,324,64,3872,0.2299515
28,32,11,92,1,18,324,92,3872,0.258165
28,32,11,128,1,18,324,128,3872,0.2223135
28,32,11,192,1,18,324,192,3872,0.229692
28,32,11,256,1,18,324,256,3872,0.2313405
28,64,1,32,1,28,784,32,64,0.198441
28,64,1,64,1,28,784,64,64,0.196098
28,64,1,92,1,28,784,92,64,0.2340315
28,64,1,128,1,28,784,128,64,0.1813395
28,64,1,192,1,28,784,192,64,0.194622
28,64,1,256,1,28,784,256,64,0.201393
28,64,3,32,1,26,676,32,576,0.2125035
28,64,3,64,1,26,676,64,576,0.21858
28,64,3,92,1,26,676,92,576,0.2515665
28,64,3,128,1,26,676,128,576,0.939948
28,64,3,192,1,26,676,192,576,0.2258715
28,64,3,256,1,26,676,256,576,0.2248305
28,64,5,32,1,24,576,32,1600,0.161115
28,64,5,64,1,24,576,64,1600,0.1721385
28,64,5,92,1,24,576,92,1600,0.2073825
28,64,5,128,1,24,576,128,1600,0.1854195
28,64,5,192,1,24,576,192,1600,0.1966185
28,64,5,256,1,24,576,256,1600,0.192972
28,64,7,32,1,22,484,32,3136,0.223788
28,64,7,64,1,22,484,64,3136,0.2625915
28,64,7,92,1,22,484,92,3136,0.253911
28,64,7,128,1,22,484,128,3136,0.2355075
28,64,7,192,1,22,484,192,3136,0.240543
28,64,7,256,1,22,484,256,3136,0.3346425
28,64,11,32,1,18,324,32,7744,0.229605
28,64,11,64,1,18,324,64,7744,0.2776095
28,64,11,92,1,18,324,92,7744,0.3791745
28,64,11,128,1,18,324,128,7744,0.236376
28,64,11,192,1,18,324,192,7744,0.2396745
28,64,11,256,1,18,324,256,7744,0.332472
28,92,1,32,1,28,784,32,92,0.1937535
28,92,1,64,1,28,784,64,92,0.2004375
28,92,1,92,1,28,784,92,92,0.2368095
28,92,1,128,1,28,784,128,92,0.2020875
28,92,1,192,1,28,784,192,92,0.203649
28,92,1,256,1,28,784,256,92,0.199917
28,92,3,32,1,26,676,32,828,0.219882
28,92,3,64,1,26,676,64,828,0.223701
28,92,3,92,1,26,676,92,828,0.256428
28,92,3,128,1,26,676,128,828,0.232557
28,92,3,192,1,26,676,192,828,0.2262195
28,92,3,256,1,26,676,256,828,0.2342055
28,92,5,32,1,24,576,32,2300,0.1750905
28,92,5,64,1,24,576,64,2300,0.179343
28,92,5,92,1,24,576,92,2300,0.369798
28,92,5,128,1,24,576,128,2300,0.1806465
28,92,5,192,1,24,576,192,2300,0.181167
28,92,5,256,1,24,576,256,2300,0.192018
28,92,7,32,1,22,484,32,4508,0.2263935
28,92,7,64,1,22,484,64,4508,0.2315145
28,92,7,92,1,22,484,92,4508,0.300006
28,92,7,128,1,22,484,128,4508,0.325353
28,92,7,192,1,22,484,192,4508,0.259032
28,92,7,256,1,22,484,256,4508,0.3546075
28,92,11,32,1,18,324,32,11132,0.248616
28,92,11,64,1,18,324,64,11132,0.2988765
28,92,11,92,1,18,324,92,11132,0.383166
28,92,11,128,1,18,324,128,11132,0.24306
28,92,11,192,1,18,324,192,11132,0.3880275
28,92,11,256,1,18,324,256,11132,0.269016
28,128,1,32,1,28,784,32,128,0.202782
28,128,1,64,1,28,784,64,128,0.2046045
28,128,1,92,1,28,784,92,128,0.219102
28,128,1,128,1,28,784,128,128,0.1843785
28,128,1,192,1,28,784,192,128,0.195663
28,128,1,256,1,28,784,256,128,0.1992225
28,128,3,32,1,26,676,32,1152,0.2205765
28,128,3,64,1,26,676,64,1152,0.2178855
28,128,3,92,1,26,676,92,1152,0.256515
28,128,3,128,1,26,676,128,1152,0.2274345
28,128,3,192,1,26,676,192,1152,0.2680605
28,128,3,256,1,26,676,256,1152,0.226827
28,128,5,32,1,24,576,32,3200,0.1813395
28,128,5,64,1,24,576,64,3200,0.17535
28,128,5,92,1,24,576,92,3200,0.2059065
28,128,5,128,1,24,576,128,3200,0.23733
28,128,5,192,1,24,576,192,3200,0.243147
28,128,5,256,1,24,576,256,3200,0.330909
28,128,7,32,1,22,484,32,6272,0.247053
28,128,7,64,1,22,484,64,6272,0.2465325
28,128,7,92,1,22,484,92,6272,0.2732685
28,128,7,128,1,22,484,128,6272,0.2600745
28,128,7,192,1,22,484,192,6272,0.2825565
28,128,7,256,1,22,484,256,6272,0.2427135
28,128,11,32,1,18,324,32,15488,0.3182355
28,128,11,64,1,18,324,64,15488,0.22839
28,128,11,92,1,18,324,92,15488,0.261984
28,128,11,128,1,18,324,128,15488,0.262158
28,128,11,192,1,18,324,192,15488,0.347055
28,128,11,256,1,18,324,256,15488,0.266151
28,192,1,32,1,28,784,32,192,0.1980075
28,192,1,64,1,28,784,64,192,0.198441
28,192,1,92,1,28,784,92,192,0.229953
28,192,1,128,1,28,784,128,192,0.2058195
28,192,1,192,1,28,784,192,192,0.1896735
28,192,1,256,1,28,784,256,192,0.2033895
28,192,3,32,1,26,676,32,1728,0.2258715
28,192,3,64,1,26,676,64,1728,0.219795
28,192,3,92,1,26,676,92,1728,0.26589
28,192,3,128,1,26,676,128,1728,0.231774
28,192,3,192,1,26,676,192,1728,0.236463
28,192,3,256,1,26,676,256,1728,0.228129
28,192,5,32,1,24,576,32,4800,0.1830765
28,192,5,64,1,24,576,64,4800,0.182121
28,192,5,92,1,24,576,92,4800,0.34176
28,192,5,128,1,24,576,128,4800,0.1787355
28,192,5,192,1,24,576,192,4800,0.2772615
28,192,5,256,1,24,576,256,4800,0.2286495
28,192,7,32,1,22,484,32,9408,0.369972
28,192,7,64,1,22,484,64,9408,0.364155
28,192,7,92,1,22,484,92,9408,0.3316035
28,192,7,128,1,22,484,128,9408,0.29115
28,192,7,192,1,22,484,192,9408,0.2027805
28,192,7,256,1,22,484,256,9408,0.252174
28,192,11,32,1,18,324,32,23232,0.236115
28,192,11,64,1,18,324,64,23232,0.2315145
28,192,11,92,1,18,324,92,23232,0.368322
28,192,11,128,1,18,324,128,23232,0.3448845
28,192,11,192,1,18,324,192,23232,0.2920185
28,192,11,256,1,18,324,256,23232,0.3125055
28,256,1,32,1,28,784,32,256,0.1995705
28,256,1,64,1,28,784,64,256,0.1989615
28,256,1,92,1,28,784,92,256,0.2395875
28,256,1,128,1,28,784,128,256,0.207816
28,256,1,192,1,28,784,192,256,0.1964445
28,256,1,256,1,28,784,256,256,0.198441
28,256,3,32,1,26,676,32,2304,0.2505255
28,256,3,64,1,26,676,64,2304,0.2166705
28,256,3,92,1,26,676,92,2304,0.267366
28,256,3,128,1,26,676,128,2304,0.221271
28,256,3,192,1,26,676,192,2304,0.3081645
28,256,3,256,1,26,676,256,2304,0.261984
28,256,5,32,1,24,576,32,6400,0.184812
28,256,5,64,1,24,576,64,6400,0.188979
28,256,5,92,1,24,576,92,6400,0.274398
28,256,5,128,1,24,576,128,6400,0.2840325
28,256,5,192,1,24,576,192,6400,0.264588
28,256,5,256,1,24,576,256,6400,0.16068
28,256,7,32,1,22,484,32,12544,0.3151965
28,256,7,64,1,22,484,64,12544,0.230907
28,256,7,92,1,22,484,92,12544,0.27162
28,256,7,128,1,22,484,128,12544,0.240021
28,256,7,192,1,22,484,192,12544,0.224223
28,256,7,256,1,22,484,256,12544,0.3270885
28,256,11,32,1,18,324,32,30976,0.4300425
28,256,11,64,1,18,324,64,30976,0.3484425
28,256,11,92,1,18,324,92,30976,0.437508
28,256,11,128,1,18,324,128,30976,0.2684085
28,256,11,192,1,18,324,192,30976,0.404694
28,256,11,256,1,18,324,256,30976,0.4042605
56,32,1,32,1,56,3136,32,32,0.1710105
56,32,1,64,1,56,3136,64,32,0.1750035
56,32,1,92,1,56,3136,92,32,0.195663
56,32,1,128,1,56,3136,128,32,0.179778
56,32,1,192,1,56,3136,192,32,0.1626765
56,32,1,256,1,56,3136,256,32,0.1790835
56,32,3,32,1,54,2916,32,288,0.2114625
56,32,3,64,1,54,2916,64,288,0.219969
56,32,3,92,1,54,2916,92,288,0.258165
56,32,3,128,1,54,2916,128,288,0.222399
56,32,3,192,1,54,2916,192,288,0.2317755
56,32,3,256,1,54,2916,256,288,0.21615
56,32,5,32,1,52,2704,32,800,0.1949685
56,32,5,64,1,52,2704,64,800,0.208944
56,32,5,92,1,52,2704,92,800,0.268929
56,32,5,128,1,52,2704,128,800,0.205473
56,32,5,192,1,52,2704,192,800,0.2776965
56,32,5,256,1,52,2704,256,800,0.2178855
56,32,7,32,1,50,2500,32,1568,0.253563
56,32,7,64,1,50,2500,64,1568,0.3085995
56,32,7,92,1,50,2500,92,1568,0.321186
56,32,7,128,1,50,2500,128,1568,0.3357705
56,32,7,192,1,50,2500,192,1568,0.3203175
56,32,7,256,1,50,2500,256,1568,0.389157
56,32,11,32,1,46,2116,32,3872,0.225438
56,32,11,64,1,46,2116,64,3872,0.244536
56,32,11,92,1,46,2116,92,3872,0.325092
56,32,11,128,1,46,2116,128,3872,0.283599
56,32,11,192,1,46,2116,192,3872,0.4638975
56,32,11,256,1,46,2116,256,3872,0.3355965
56,64,1,32,1,56,3136,32,64,0.1854195
56,64,1,64,1,56,3136,64,64,0.1831635
56,64,1,92,1,56,3136,92,64,0.195924
56,64,1,128,1,56,3136,128,64,0.1812525
56,64,1,192,1,56,3136,192,64,0.180297
56,64,1,256,1,56,3136,256,64,0.182892
56,64,3,32,1,54,2916,32,576,0.23211
56,64,3,64,1,54,2916,64,576,0.233151
56,64,3,92,1,54,2916,92,576,0.254418
56,64,3,128,1,54,2916,128,576,0.2341935
56,64,3,192,1,54,2916,192,576,0.24105
56,64,3,256,1,54,2916,256,576,0.225252
56,64,5,32,1,52,2704,32,1600,0.200514
56,64,5,64,1,52,2704,64,1600,0.2143155
56,64,5,92,1,52,2704,92,1600,0.2430465
56,64,5,128,1,52,2704,128,1600,0.2528565
56,64,5,192,1,52,2704,192,1600,0.386358
56,64,5,256,1,52,2704,256,1600,0.2172675
56,64,7,32,1,50,2500,32,3136,0.2912235
56,64,7,64,1,50,2500,64,3136,0.32577
56,64,7,92,1,50,2500,92,3136,0.3357525
56,64,7,128,1,50,2500,128,3136,0.251901
56,64,7,192,1,50,2500,192,3136,0.251901
56,64,7,256,1,50,2500,256,3136,0.2910495
56,64,11,32,1,46,2116,32,7744,0.239403
56,64,11,64,1,46,2116,64,7744,0.2329785
56,64,11,92,1,46,2116,92,7744,0.3985125
56,64,11,128,1,46,2116,128,7744,0.274644
56,64,11,192,1,46,2116,192,7744,0.325425
56,64,11,256,1,46,2116,256,7744,0.361881
56,92,1,32,1,56,3136,32,92,0.1776855
56,92,1,64,1,56,3136,64,92,0.1766445
56,92,1,92,1,56,3136,92,92,0.1990395
56,92,1,128,1,56,3136,128,92,0.179856
56,92,1,192,1,56,3136,192,92,0.1793355
56,92,1,256,1,56,3136,256,92,0.1778595
56,92,3,32,1,54,2916,32,828,0.2281185
56,92,3,64,1,54,2916,64,828,0.218223
56,92,3,92,1,54,2916,92,828,0.265965
56,92,3,128,1,54,2916,128,828,0.22647
56,92,3,192,1,54,2916,192,828,0.2376675
56,92,3,256,1,54,2916,256,828,0.305286
56,92,5,32,1,52,2704,32,2300,0.339921
56,92,5,64,1,52,2704,64,2300,0.1993005
56,92,5,92,1,52,2704,92,2300,0.25251
56,92,5,128,1,52,2704,128,2300,0.3437415
56,92,5,192,1,52,2704,192,2300,0.23706
56,92,5,256,1,52,2704,256,2300,0.194352
56,92,7,32,1,50,2500,32,4508,0.2362785
56,92,7,64,1,50,2500,64,4508,0.279246
56,92,7,92,1,50,2500,92,4508,0.2946975
56,92,7,128,1,50,2500,128,4508,0.353376
56,92,7,192,1,50,2500,192,4508,0.211713
56,92,7,256,1,50,2500,256,4508,0.372039
56,92,11,32,1,46,2116,32,11132,0.323691
56,92,11,64,1,46,2116,64,11132,0.274038
56,92,11,92,1,46,2116,92,11132,0.3135345
56,92,11,128,1,46,2116,128,11132,0.3095415
56,92,11,192,1,46,2116,192,11132,0.364488
56,92,11,256,1,46,2116,256,11132,0.2780325
56,128,1,32,1,56,3136,32,128,0.184371
56,128,1,64,1,56,3136,64,128,0.191055
56,128,1,92,1,56,3136,92,128,0.2053785
56,128,1,128,1,56,3136,128,128,0.168747
56,128,1,192,1,56,3136,192,128,0.183156
56,128,1,256,1,56,3136,256,128,0.1894935
56,128,3,32,1,54,2916,32,1152,0.221523
56,128,3,64,1,54,2916,64,1152,0.20859
56,128,3,92,1,54,2916,92,1152,0.2923545
56,128,3,128,1,54,2916,128,1152,0.2886225
56,128,3,192,1,54,2916,192,1152,0.2250825
56,128,3,256,1,54,2916,256,1152,0.306765
56,128,5,32,1,52,2704,32,3200,0.197913
56,128,5,64,1,52,2704,64,3200,0.3448725
56,128,5,92,1,52,2704,92,3200,0.3393165
56,128,5,128,1,52,2704,128,3200,0.1974795
56,128,5,192,1,52,2704,192,3200,0.215361
56,128,5,256,1,52,2704,256,3200,0.2269065
56,128,7,32,1,50,2500,32,6272,0.421173
56,128,7,64,1,50,2500,64,6272,0.337581
56,128,7,92,1,50,2500,92,6272,0.3809835
56,128,7,128,1,50,2500,128,6272,0.365097
56,128,7,192,1,50,2500,192,6272,0.260847
56,128,7,256,1,50,2500,256,6272,0.4223895
56,128,11,32,1,46,2116,32,15488,0.3953925
56,128,11,64,1,46,2116,64,15488,0.31128
56,128,11,92,1,46,2116,92,15488,0.2721315
56,128,11,128,1,46,2116,128,15488,0.446955
56,128,11,192,1,46,2116,192,15488,0.323607
56,128,11,256,1,46,2116,256,15488,0.3909675
56,192,1,32,1,56,3136,32,192,0.178383
56,192,1,64,1,56,3136,64,192,0.1700505
56,192,1,92,1,56,3136,92,192,0.2032095
56,192,1,128,1,56,3136,128,192,0.193401
56,192,1,192,1,56,3136,192,192,0.1937475
56,192,1,256,1,56,3136,256,192,0.1819425
56,192,3,32,1,54,2916,32,1728,0.3537285
56,192,3,64,1,54,2916,64,1728,0.294267
56,192,3,92,1,54,2916,92,1728,0.266055
56,192,3,128,1,54,2916,128,1728,0.3258645
56,192,3,192,1,54,2916,192,1728,0.238278
56,192,3,256,1,54,2916,256,1728,0.2287305
56,192,5,32,1,52,2704,32,4800,0.241317
56,192,5,64,1,52,2704,64,4800,0.3268185
56,192,5,92,1,52,2704,92,4800,0.333504
56,192,5,128,1,52,2704,128,4800,0.234459
56,192,5,192,1,52,2704,192,4800,0.269007
56,192,5,256,1,52,2704,256,4800,0.231942
56,192,7,32,1,50,2500,32,9408,0.6020775
56,192,7,64,1,50,2500,64,9408,0.365709
56,192,7,92,1,50,2500,92,9408,0.4716105
56,192,7,128,1,50,2500,128,9408,0.384111
56,192,7,192,1,50,2500,192,9408,0.2729145
56,192,7,256,1,50,2500,256,9408,0.30156
56,192,11,32,1,46,2116,32,23232,0.460587
56,192,11,64,1,46,2116,64,23232,0.5268195
56,192,11,92,1,46,2116,92,23232,0.583677
56,192,11,128,1,46,2116,128,23232,0.4935735
56,192,11,192,1,46,2116,192,23232,0.6002565
56,192,11,256,1,46,2116,256,23232,0.646437
56,256,1,32,1,56,3136,32,256,0.1864575
56,256,1,64,1,56,3136,64,256,0.1826385
56,256,1,92,1,56,3136,92,256,0.235155
56,256,1,128,1,56,3136,128,256,0.1947915
56,256,1,192,1,56,3136,192,256,0.1973955
56,256,1,256,1,56,3136,256,256,0.2611095
56,256,3,32,1,54,2916,32,2304,0.3846345
56,256,3,64,1,54,2916,64,2304,0.3579855
56,256,3,92,1,54,2916,92,2304,0.46953
56,256,3,128,1,54,2916,128,2304,0.43854
56,256,3,192,1,54,2916,192,2304,0.2243055
56,256,3,256,1,54,2916,256,2304,0.2868915
56,256,5,32,1,52,2704,32,6400,0.300867
56,256,5,64,1,52,2704,64,6400,0.315537
56,256,5,92,1,52,2704,92,6400,0.423609
56,256,5,128,1,52,2704,128,6400,0.328818
56,256,5,192,1,52,2704,192,6400,0.3204855
56,256,5,256,1,52,2704,256,6400,0.2255205
56,256,7,32,1,50,2500,32,12544,0.445311
56,256,7,64,1,50,2500,64,12544,0.565971
56,256,7,92,1,50,2500,92,12544,0.475086
56,256,7,128,1,50,2500,128,12544,0.2793405
56,256,7,192,1,50,2500,192,12544,0.323784
56,256,7,256,1,50,2500,256,12544,0.5027775
56,256,11,32,1,46,2116,32,30976,0.487413
56,256,11,64,1,46,2116,64,30976,0.5415795
56,256,11,92,1,46,2116,92,30976,0.302952
56,256,11,128,1,46,2116,128,30976,0.5863725
56,256,11,192,1,46,2116,192,30976,0.298872
56,256,11,256,1,46,2116,256,30976,0.3611985
112,32,1,32,1,112,12544,32,32,0.182292
112,32,1,64,1,112,12544,64,32,0.1949655
112,32,1,92,1,112,12544,92,32,0.207465
112,32,1,128,1,112,12544,128,32,0.1802955
112,32,1,192,1,112,12544,192,32,0.197049
112,32,1,256,1,112,12544,256,32,0.201129
112,32,3,32,1,110,12100,32,288,0.346095
112,32,3,64,1,110,12100,64,288,0.273786
112,32,3,92,1,110,12100,92,288,0.2368935
112,32,3,128,1,110,12100,128,288,0.3854175
112,32,3,192,1,110,12100,192,288,0.2209215
112,32,3,256,1,110,12100,256,288,0.3381945
112,32,5,32,1,108,11664,32,800,0.2194455
112,32,5,64,1,108,11664,64,800,0.316494
112,32,5,92,1,108,11664,92,800,0.237849
112,32,5,128,1,108,11664,128,800,0.3385425
112,32,5,192,1,108,11664,192,800,0.2717895
112,32,5,256,1,108,11664,256,800,0.253908
112,32,7,32,1,106,11236,32,1568,0.35304
112,32,7,64,1,106,11236,64,1568,0.461199
112,32,7,92,1,106,11236,92,1568,0.295227
112,32,7,128,1,106,11236,128,1568,0.2876745
112,32,7,192,1,106,11236,192,1568,0.334116
112,32,7,256,1,106,11236,256,1568,0.34323
112,32,11,32,1,102,10404,32,3872,0.2715285
112,32,11,64,1,102,10404,64,3872,0.226389
112,32,11,92,1,102,10404,92,3872,0.4766505
112,32,11,128,1,102,10404,128,3872,0.2595495
112,32,11,192,1,102,10404,192,3872,0.266928
112,32,11,256,1,102,10404,256,3872,0.48429
112,64,1,32,1,112,12544,32,64,0.182553
112,64,1,64,1,112,12544,64,64,0.1763895
112,64,1,92,1,112,12544,92,64,0.194445
112,64,1,128,1,112,12544,128,64,0.1844625
112,64,1,192,1,112,12544,192,64,0.2179695
112,64,1,256,1,112,12544,256,64,0.182205
112,64,3,32,1,110,12100,32,576,0.2920155
112,64,3,64,1,110,12100,64,576,0.2621535
112,64,3,92,1,110,12100,92,576,0.285939
112,64,3,128,1,110,12100,128,576,0.2960085
112,64,3,192,1,110,12100,192,576,0.689673
112,64,3,256,1,110,12100,256,576,0.2782995
112,64,5,32,1,108,11664,32,1600,0.3523455
112,64,5,64,1,108,11664,64,1600,0.386373
112,64,5,92,1,108,11664,92,1600,0.28698
112,64,5,128,1,108,11664,128,1600,0.204081
112,64,5,192,1,108,11664,192,1600,0.225609
112,64,5,256,1,108,11664,256,1600,0.435159
112,64,7,32,1,106,11236,32,3136,0.282033
112,64,7,64,1,106,11236,64,3136,0.255036
112,64,7,92,1,106,11236,92,3136,0.310158
112,64,7,128,1,106,11236,128,3136,0.2948805
112,64,7,192,1,106,11236,192,3136,0.5233545
112,64,7,256,1,106,11236,256,3136,0.325176
112,64,11,32,1,102,10404,32,7744,0.456687
112,64,11,64,1,102,10404,64,7744,0.413457
112,64,11,92,1,102,10404,92,7744,0.4717035
112,64,11,128,1,102,10404,128,7744,0.502086
112,64,11,192,1,102,10404,192,7744,0.4382835
112,64,11,256,1,102,10404,256,7744,0.4062525
112,92,1,32,1,112,12544,32,92,0.1833345
112,92,1,64,1,112,12544,64,92,0.1617195
112,92,1,92,1,112,12544,92,92,0.2117205
112,92,1,128,1,112,12544,128,92,0.2007825
112,92,1,192,1,112,12544,192,92,0.1855905
112,92,1,256,1,112,12544,256,92,0.1911465
112,92,3,32,1,110,12100,32,828,0.2666685
112,92,3,64,1,110,12100,64,828,0.4168425
112,92,3,92,1,110,12100,92,828,0.252606
112,92,3,128,1,110,12100,128,828,0.3816
112,92,3,192,1,110,12100,192,828,0.3005235
112,92,3,256,1,110,12100,256,828,0.271704
112,92,5,32,1,108,11664,32,2300,0.274395
112,92,5,64,1,108,11664,64,2300,0.39219
112,92,5,92,1,108,11664,92,2300,0.4034745
112,92,5,128,1,108,11664,128,2300,0.2239605
112,92,5,192,1,108,11664,192,2300,0.274047
112,92,5,256,1,108,11664,256,2300,0.2494815
112,92,7,32,1,106,11236,32,4508,0.332208
112,92,7,64,1,106,11236,64,4508,0.3435795
112,92,7,92,1,106,11236,92,4508,0.3703155
112,92,7,128,1,106,11236,128,4508,0.549657
112,92,7,192,1,106,11236,192,4508,0.340455
112,92,7,256,1,106,11236,256,4508,0.3336825
112,92,11,32,1,102,10404,32,11132,0.345663
112,92,11,64,1,102,10404,64,11132,0.475959
112,92,11,92,1,102,10404,92,11132,0.4605945
112,92,11,128,1,102,10404,128,11132,0.5637195
112,92,11,192,1,102,10404,192,11132,0.7242255
112,92,11,256,1,102,10404,256,11132,0.4230075
112,128,1,32,1,112,12544,32,128,0.196356
112,128,1,64,1,112,12544,64,128,0.198006
112,128,1,92,1,112,12544,92,128,0.3546045
112,128,1,128,1,112,12544,128,128,0.1808175
112,128,1,192,1,112,12544,192,128,0.2627625
112,128,1,256,1,112,12544,256,128,0.1943595
112,128,3,32,1,110,12100,32,1152,0.294447
112,128,3,64,1,110,12100,64,1152,0.342624
112,128,3,92,1,110,12100,92,1152,0.402174
112,128,3,128,1,110,12100,128,1152,0.2681445
112,128,3,192,1,110,12100,192,1152,0.6430605
112,128,3,256,1,110,12100,256,1152,0.7924545
112,128,5,32,1,108,11664,32,3200,0.3083355
112,128,5,64,1,108,11664,64,3200,0.3653685
112,128,5,92,1,108,11664,92,3200,0.3381975
112,128,5,128,1,108,11664,128,3200,0.328302
112,128,5,192,1,108,11664,192,3200,0.2870685
112,128,5,256,1,108,11664,256,3200,0.3316875
112,128,7,32,1,106,11236,32,6272,0.5921055
112,128,7,64,1,106,11236,64,6272,0.2548635
112,128,7,92,1,106,11236,92,6272,0.4040835
112,128,7,128,1,106,11236,128,6272,0.3169305
112,128,7,192,1,106,11236,192,6272,0.435768
112,128,7,256,1,106,11236,256,6272,0.589155
112,128,11,32,1,102,10404,32,15488,0.332208
112,128,11,64,1,102,10404,64,15488,0.3709245
112,128,11,92,1,102,10404,92,15488,0.4916745
112,128,11,128,1,102,10404,128,15488,0.6634695
112,128,11,192,1,102,10404,192,15488,0.4641585
112,128,11,256,1,102,10404,256,15488,0.761559
112,192,1,32,1,112,12544,32,192,0.23082
112,192,1,64,1,112,12544,64,192,0.2864625
112,192,1,92,1,112,12544,92,192,0.2437545
112,192,1,128,1,112,12544,128,192,0.220056
112,192,1,192,1,112,12544,192,192,0.318321
112,192,1,256,1,112,12544,256,192,0.18108
112,192,3,32,1,110,12100,32,1728,0.3027825
112,192,3,64,1,110,12100,64,1728,0.360075
112,192,3,92,1,110,12100,92,1728,0.327003
112,192,3,128,1,110,12100,128,1728,0.2703165
112,192,3,192,1,110,12100,192,1728,0.338721
112,192,3,256,1,110,12100,256,1728,0.565374
112,192,5,32,1,108,11664,32,4800,0.267018
112,192,5,64,1,108,11664,64,4800,0.3866385
112,192,5,92,1,108,11664,92,4800,0.3919335
112,192,5,128,1,108,11664,128,4800,0.443583
112,192,5,192,1,108,11664,192,4800,0.362592
112,192,5,256,1,108,11664,256,4800,0.382818
112,192,7,32,1,106,11236,32,9408,0.508863
112,192,7,64,1,106,11236,64,9408,0.3715335
112,192,7,92,1,106,11236,92,9408,0.565548
112,192,7,128,1,106,11236,128,9408,0.388896
112,192,7,192,1,106,11236,192,9408,0.549054
112,192,7,256,1,106,11236,256,9408,0.4401105
112,192,11,32,1,102,10404,32,23232,0.529782
112,192,11,64,1,102,10404,64,23232,0.4049535
112,192,11,92,1,102,10404,92,23232,0.3901965
112,192,11,128,1,102,10404,128,23232,0.649575
112,192,11,192,1,102,10404,192,23232,0.405387
112,192,11,256,1,102,10404,256,23232,0.444276
112,256,1,32,1,112,12544,32,256,0.270402
112,256,1,64,1,112,12544,64,256,0.2833365
112,256,1,92,1,112,12544,92,256,0.2875035
112,256,1,128,1,112,12544,128,256,0.2766525
112,256,1,192,1,112,12544,192,256,0.239847
112,256,1,256,1,112,12544,256,256,0.188718
112,256,3,32,1,110,12100,32,2304,0.347313
112,256,3,64,1,110,12100,64,2304,0.3388935
112,256,3,92,1,110,12100,92,2304,0.3546045
112,256,3,128,1,110,12100,128,2304,0.3572955
112,256,3,192,1,110,12100,192,2304,0.41919
112,256,3,256,1,110,12100,256,2304,0.475353
112,256,5,32,1,108,11664,32,6400,0.5217945
112,256,5,64,1,108,11664,64,6400,0.26259
112,256,5,92,1,108,11664,92,6400,0.4170195
112,256,5,128,1,108,11664,128,6400,0.3033885
112,256,5,192,1,108,11664,192,6400,0.43386
112,256,5,256,1,108,11664,256,6400,0.3065145
112,256,7,32,1,106,11236,32,12544,0.332904
112,256,7,64,1,106,11236,64,12544,0.358251
112,256,7,92,1,106,11236,92,12544,0.344709
112,256,7,128,1,106,11236,128,12544,0.463635
112,256,7,192,1,106,11236,192,12544,0.3575565
112,256,7,256,1,106,11236,256,12544,0.4651095
112,256,11,32,1,102,10404,32,30976,0.6143325
112,256,11,64,1,102,10404,64,30976,0.373359
112,256,11,92,1,102,10404,92,30976,0.3831675
112,256,11,128,1,102,10404,128,30976,0.303564
112,256,11,192,1,102,10404,192,30976,0.368322
112,256,11,256,1,102,10404,256,30976,0.3511335
224,32,1,32,1,224,50176,32,32,0.2758725
224,32,1,64,1,224,50176,64,32,0.1772595
224,32,1,92,1,224,50176,92,32,0.2284755
224,32,1,128,1,224,50176,128,32,0.231861
224,32,1,192,1,224,50176,192,32,0.346794
224,32,1,256,1,224,50176,256,32,0.263112
224,32,3,32,1,222,49284,32,288,0.284553
224,32,3,64,1,222,49284,64,288,0.330126
224,32,3,92,1,222,49284,92,288,0.5022645
224,32,3,128,1,222,49284,128,288,0.2313405
224,32,3,192,1,222,49284,192,288,0.364416
224,32,3,256,1,222,49284,256,288,0.807738
224,32,5,32,1,220,48400,32,800,0.266844
224,32,5,64,1,220,48400,64,800,0.2787375
224,32,5,92,1,220,48400,92,800,0.276741
224,32,5,128,1,220,48400,128,800,0.3729225
224,32,5,192,1,220,48400,192,800,0.5426295
224,32,5,256,1,220,48400,256,800,0.253476
224,32,7,32,1,218,47524,32,1568,0.414069
224,32,7,64,1,218,47524,64,1568,0.339849
224,32,7,92,1,218,47524,92,1568,0.300438
224,32,7,128,1,218,47524,128,1568,0.2731815
224,32,7,192,1,218,47524,192,1568,0.558429
224,32,7,256,1,218,47524,256,1568,0.5872485
224,32,11,32,1,214,45796,32,3872,0.306168
224,32,11,64,1,214,45796,64,3872,0.6621615
224,32,11,92,1,214,45796,92,3872,0.401568
224,32,11,128,1,214,45796,128,3872,0.388287
224,32,11,192,1,214,45796,192,3872,0.4888965
224,32,11,256,1,214,45796,256,3872,0.605304
224,64,1,32,1,224,50176,32,64,0.242364
224,64,1,64,1,224,50176,64,64,0.265542
224,64,1,92,1,224,50176,92,64,0.320577
224,64,1,128,1,224,50176,128,64,0.2322945
224,64,1,192,1,224,50176,192,64,0.269622
224,64,1,256,1,224,50176,256,64,0.2280405
224,64,3,32,1,222,49284,32,576,0.358251
224,64,3,64,1,222,49284,64,576,0.260334
224,64,3,92,1,222,49284,92,576,0.464937
224,64,3,128,1,222,49284,128,576,0.2448825
224,64,3,192,1,222,49284,192,576,0.25035
224,64,3,256,1,222,49284,256,576,0.273441
224,64,5,32,1,220,48400,32,1600,0.352002
224,64,5,64,1,220,48400,64,1600,0.2982675
224,64,5,92,1,220,48400,92,1600,0.5911545
224,64,5,128,1,220,48400,128,1600,0.4343805
224,64,5,192,1,220,48400,192,1600,0.415371
224,64,5,256,1,220,48400,256,1600,0.502524
224,64,7,32,1,218,47524,32,3136,0.5961885
224,64,7,64,1,218,47524,64,3136,0.315456
224,64,7,92,1,218,47524,92,3136,0.5128545
224,64,7,128,1,218,47524,128,3136,0.5170215
224,64,7,192,1,218,47524,192,3136,0.691677
224,64,7,256,1,218,47524,256,3136,0.648099
224,64,11,32,1,214,45796,32,7744,0.4398495
224,64,11,64,1,214,45796,64,7744,0.830046
224,64,11,92,1,214,45796,92,7744,0.5385495
224,64,11,128,1,214,45796,128,7744,0.6850725
224,64,11,192,1,214,45796,192,7744,0.4430565
224,64,11,256,1,214,45796,256,7744,0.752088
224,92,1,32,1,224,50176,32,92,0.2368935
224,92,1,64,1,224,50176,64,92,0.20955
224,92,1,92,1,224,50176,92,92,0.326826
224,92,1,128,1,224,50176,128,92,0.2194455
224,92,1,192,1,224,50176,192,92,0.377433
224,92,1,256,1,224,50176,256,92,0.3298635
224,92,3,32,1,222,49284,32,828,0.271095
224,92,3,64,1,222,49284,64,828,0.30252
224,92,3,92,1,222,49284,92,828,0.278214
224,92,3,128,1,222,49284,128,828,0.6307335
224,92,3,192,1,222,49284,192,828,0.5087715
224,92,3,256,1,222,49284,256,828,0.2934915
224,92,5,32,1,220,48400,32,2300,0.4228335
224,92,5,64,1,220,48400,64,2300,0.3770865
224,92,5,92,1,220,48400,92,2300,0.4241355
224,92,5,128,1,220,48400,128,2300,0.4497435
224,92,5,192,1,220,48400,192,2300,0.450525
224,92,5,256,1,220,48400,256,2300,0.404691
224,92,7,32,1,218,47524,32,4508,0.3451425
224,92,7,64,1,218,47524,64,4508,0.302781
224,92,7,92,1,218,47524,92,4508,0.3891525
224,92,7,128,1,218,47524,128,4508,0.4551255
224,92,7,192,1,218,47524,192,4508,0.43872
224,92,7,256,1,218,47524,256,4508,0.412764
224,128,1,32,1,224,50176,32,128,0.266409
224,128,1,64,1,224,50176,64,128,0.259986
224,128,1,92,1,224,50176,92,128,0.245142
224,128,1,128,1,224,50176,128,128,0.24219
224,128,1,192,1,224,50176,192,128,0.2241345
224,128,1,256,1,224,50176,256,128,0.2804715
224,128,3,32,1,222,49284,32,1152,0.3142395
224,128,3,64,1,222,49284,64,1152,0.666588
224,128,3,92,1,222,49284,92,1152,0.2983545
224,128,3,128,1,222,49284,128,1152,0.3882855
224,128,3,192,1,222,49284,192,1152,0.32049
224,128,3,256,1,222,49284,256,1152,0.7192785
224,128,5,32,1,220,48400,32,3200,0.3735285
224,128,5,64,1,220,48400,64,3200,0.314847
224,128,5,92,1,220,48400,92,3200,0.390195
224,128,5,128,1,220,48400,128,3200,0.5367255
224,128,5,192,1,220,48400,192,3200,0.398616
224,128,5,256,1,220,48400,256,3200,0.432036
224,128,7,32,1,218,47524,32,6272,0.6605985
224,128,7,64,1,218,47524,64,6272,0.270576
224,128,7,92,1,218,47524,92,6272,0.3978345
224,128,7,128,1,218,47524,128,6272,0.4533915
224,128,7,192,1,218,47524,192,6272,0.406254
224,128,7,256,1,218,47524,256,6272,0.7651125
224,192,1,32,1,224,50176,32,192,0.191409
224,192,1,64,1,224,50176,64,192,0.230298
224,192,1,92,1,224,50176,92,192,0.305298
224,192,1,128,1,224,50176,128,192,0.18021
224,192,1,192,1,224,50176,192,192,0.218406
224,192,1,256,1,224,50176,256,192,0.25035
224,192,3,32,1,222,49284,32,1728,0.3586845
224,192,3,64,1,222,49284,64,1728,0.346098
224,192,3,92,1,222,49284,92,1728,0.4244835
224,192,3,128,1,222,49284,128,1728,0.286896
224,192,3,192,1,222,49284,192,1728,0.535857
224,192,3,256,1,222,49284,256,1728,0.339153
224,192,5,32,1,220,48400,32,4800,0.340803
224,192,5,64,1,220,48400,64,4800,0.367626
224,192,5,92,1,220,48400,92,4800,0.4258725
224,192,5,128,1,220,48400,128,4800,0.735165
224,192,5,192,1,220,48400,192,4800,0.4245705
224,192,5,256,1,220,48400,256,4800,0.397575
224,192,7,32,1,218,47524,32,9408,0.374049
224,192,7,64,1,218,47524,64,9408,0.5782185
224,192,7,92,1,218,47524,92,9408,0.4005255
224,192,7,128,1,218,47524,128,9408,0.659817
224,192,7,192,1,218,47524,192,9408,0.4435815
224,192,7,256,1,218,47524,256,9408,0.455475
224,256,1,32,1,224,50176,32,256,0.235419
224,256,1,64,1,224,50176,64,256,0.292626
224,256,1,92,1,224,50176,92,256,0.261462
224,256,1,128,1,224,50176,128,256,0.254778
224,256,1,192,1,224,50176,192,256,0.394188
224,256,1,256,1,224,50176,256,256,0.437418
224,256,3,32,1,222,49284,32,2304,0.538983
224,256,3,64,1,222,49284,64,2304,0.5245725
224,256,3,92,1,222,49284,92,2304,0.3520005
224,256,3,128,1,222,49284,128,2304,0.413286
224,256,3,192,1,222,49284,192,2304,0.4520895
224,256,3,256,1,222,49284,256,2304,0.363633
224,256,5,32,1,220,48400,32,6400,0.356949
224,256,5,64,1,220,48400,64,6400,0.311289
224,256,5,92,1,220,48400,92,6400,0.6335145
224,256,5,128,1,220,48400,128,6400,0.631953
224,256,5,192,1,220,48400,192,6400,0.3881985
224,256,5,256,1,220,48400,256,6400,0.4031295